Number,ALICE+CMS Error,ATLAS Error,q,T,xx,yy,zz
1,79.04179823134122,81.01872118588955,2.0,0.7,5.0,2.0,1.0
2,79.04179823134122,81.01872118588955,2.0,0.7,5.0,2.0,1.0
3,79.04179814856133,81.01872123277275,2.000000014901161,0.7,5.0,2.0,1.0
4,79.04179829967117,81.01872137486588,2.0,0.7000000149011611,5.0,2.0,1.0
5,79.04179816888089,81.01872112932091,2.0,0.7,5.000000014901161,2.0,1.0
6,79.04179837687707,81.01872133548348,2.0,0.7,5.0,2.000000014901161,1.0
7,79.04179896036935,81.01872177055627,2.0,0.7,5.0,2.0,1.0000000149011612
8,79.04179823134122,81.01872118588955,2.0,0.7,5.0,2.0,1.0
9,79.04179823134122,81.01872118588955,2.0,0.7,5.0,2.0,1.0
10,79.04179814856133,81.01872123277275,2.000000014901161,0.7,5.0,2.0,1.0
11,79.04179829967117,81.01872137486588,2.0,0.7000000149011611,5.0,2.0,1.0
12,79.04179816888089,81.01872112932091,2.0,0.7,5.000000014901161,2.0,1.0
13,79.04179837687707,81.01872133548348,2.0,0.7,5.0,2.000000014901161,1.0
14,79.04179896036935,81.01872177055627,2.0,0.7,5.0,2.0,1.0000000149011612
15,1099.7276507102079,513.4001884713027,3.0,1.0,6.7197908397871,7.638334409421077e-14,0.0
16,1099.7276507102079,513.4001884713027,3.0,1.0,6.7197908397871,7.638334409421077e-14,0.0
17,69.7141853739923,74.06984971300211,2.1,0.73,5.17197908397871,1.8000000000000076,0.9
18,69.7141853739923,74.06984971300211,2.1,0.73,5.17197908397871,1.8000000000000076,0.9
19,69.71418536607543,74.06984978343505,2.1000000149011613,0.73,5.17197908397871,1.8000000000000076,0.9
20,69.71418532958896,74.06984995027803,2.1,0.7300000149011612,5.17197908397871,1.8000000000000076,0.9
21,69.7141853053228,74.0698496382939,2.1,0.73,5.171979098879871,1.8000000000000076,0.9
22,69.71418553424547,74.06984990918788,2.1,0.73,5.17197908397871,1.8000000149011688,0.9
23,69.71418624567576,74.06985054672951,2.1,0.73,5.17197908397871,1.8000000000000076,0.9000000149011612
24,69.7141853739923,74.06984971300211,2.1,0.73,5.17197908397871,1.8000000000000076,0.9
25,69.71418536607543,74.06984978343505,2.1000000149011613,0.73,5.17197908397871,1.8000000000000076,0.9
26,69.71418532958896,74.06984995027803,2.1,0.7300000149011612,5.17197908397871,1.8000000000000076,0.9
27,69.7141853053228,74.0698496382939,2.1,0.73,5.171979098879871,1.8000000000000076,0.9
28,69.71418553424547,74.06984990918788,2.1,0.73,5.17197908397871,1.8000000149011688,0.9
29,69.71418624567576,74.06985054672951,2.1,0.73,5.17197908397871,1.8000000000000076,0.9000000149011612
30,449.95909404698284,201.14518684928936,2.467096638154698,0.9999999999996626,6.1012506602779375,1.5224420863941495,1.432187701766452e-14
31,449.95909404698284,201.14518684928936,2.467096638154698,0.9999999999996626,6.1012506602779375,1.5224420863941495,1.432187701766452e-14
32,63.163069992645134,68.11576430748867,2.13670966381547,0.7569999999999663,5.2649062416086325,1.772244208639422,0.8100000000000014
33,63.163069992645134,68.11576430748867,2.13670966381547,0.7569999999999663,5.2649062416086325,1.772244208639422,0.8100000000000014
34,63.16306997316497,68.11576437201715,2.136709678716631,0.7569999999999663,5.2649062416086325,1.772244208639422,0.8100000000000014
35,63.16306988882483,68.11576458748634,2.13670966381547,0.7570000149011274,5.2649062416086325,1.772244208639422,0.8100000000000014
36,63.16306991577609,68.11576421724735,2.13670966381547,0.7569999999999663,5.264906256509794,1.772244208639422,0.8100000000000014
37,63.16307016957601,68.11576454186606,2.13670966381547,0.7569999999999663,5.2649062416086325,1.772244223540583,0.8100000000000014
38,63.16307102723806,68.11576536349817,2.13670966381547,0.7569999999999663,5.2649062416086325,1.772244208639422,0.8100000149011626
39,63.163069992645134,68.11576430748867,2.13670966381547,0.7569999999999663,5.2649062416086325,1.772244208639422,0.8100000000000014
40,63.16306997316497,68.11576437201715,2.136709678716631,0.7569999999999663,5.2649062416086325,1.772244208639422,0.8100000000000014
41,63.16306988882483,68.11576458748634,2.13670966381547,0.7570000149011274,5.2649062416086325,1.772244208639422,0.8100000000000014
42,63.16306991577609,68.11576421724735,2.13670966381547,0.7569999999999663,5.264906256509794,1.772244208639422,0.8100000000000014
43,63.16307016957601,68.11576454186606,2.13670966381547,0.7569999999999663,5.2649062416086325,1.772244223540583,0.8100000000000014
44,63.16307102723806,68.11576536349817,2.13670966381547,0.7569999999999663,5.2649062416086325,1.772244208639422,0.8100000149011626
45,420.2824617809872,146.93751962789904,2.745838577748773,1.0,6.1637876479420415,2.3317378958164356,0.0
46,420.2824617809872,146.93751962789904,2.745838577748773,1.0,6.1637876479420415,2.3317378958164356,0.0
47,59.17397576704604,62.863562235517,2.1976225552088002,0.7812999999999697,5.354794382241973,1.8281935773571232,0.7290000000000012
48,59.17397576704604,62.863562235517,2.1976225552088002,0.7812999999999697,5.354794382241973,1.8281935773571232,0.7290000000000012
49,59.17397599826164,62.86356228869086,2.1976225701099614,0.7812999999999697,5.354794382241973,1.8281935773571232,0.7290000000000012
50,59.17397551033889,62.86356254129617,2.1976225552088002,0.7813000149011309,5.354794382241973,1.8281935773571232,0.7290000000000012
51,59.173975734226715,62.86356213217484,2.1976225552088002,0.7812999999999697,5.354794397143134,1.8281935773571232,0.7290000000000012
52,59.17397585895796,62.863562497910785,2.1976225552088002,0.7812999999999697,5.354794382241973,1.8281935922582844,0.7290000000000012
53,59.17397616311708,62.863563513880315,2.1976225552088002,0.7812999999999697,5.354794382241973,1.8281935773571232,0.7290000149011624
54,59.17397576704604,62.863562235517,2.1976225552088002,0.7812999999999697,5.354794382241973,1.8281935773571232,0.7290000000000012
55,59.17397599826164,62.86356228869086,2.1976225701099614,0.7812999999999697,5.354794382241973,1.8281935773571232,0.7290000000000012
56,59.17397551033889,62.86356254129617,2.1976225552088002,0.7813000149011309,5.354794382241973,1.8281935773571232,0.7290000000000012
57,59.173975734226715,62.86356213217484,2.1976225552088002,0.7812999999999697,5.354794397143134,1.8281935773571232,0.7290000000000012
58,59.17397585895796,62.863562497910785,2.1976225552088002,0.7812999999999697,5.354794382241973,1.8281935922582844,0.7290000000000012
59,59.17397616311708,62.863563513880315,2.1976225552088002,0.7812999999999697,5.354794382241973,1.8281935773571232,0.7290000149011624
60,62.27648158784168,17.57940222658455,1.1359874843111006,0.7687405474558029,5.502816447591931,1.7763568394002505e-15,0.6669147382361715
61,62.27648158784168,17.57940222658455,1.1359874843111006,0.7687405474558029,5.502816447591931,1.7763568394002505e-15,0.6669147382361715
62,62.276481370029714,17.57940299004827,1.1359874992122618,0.7687405474558029,5.502816447591931,1.7763568394002505e-15,0.6669147382361715
63,62.27648056420182,17.57940061476847,1.1359874843111006,0.7687405623569641,5.502816447591931,1.7763568394002505e-15,0.6669147382361715
64,62.27648166912899,17.57940243666301,1.1359874843111006,0.7687405474558029,5.502816462493092,1.7763568394002505e-15,0.6669147382361715
65,62.27648113869593,17.579401282322777,1.1359874843111006,0.7687405474558029,5.502816447591931,1.4901162970204496e-08,0.6669147382361715
66,62.27648138243779,17.579400593404586,1.1359874843111006,0.7687405474558029,5.502816447591931,1.7763568394002505e-15,0.6669147531373327
67,62.27648158784168,17.57940222658455,1.1359874843111006,0.7687405474558029,5.502816447591931,1.7763568394002505e-15,0.6669147382361715
68,62.276481370029714,17.57940299004827,1.1359874992122618,0.7687405474558029,5.502816447591931,1.7763568394002505e-15,0.6669147382361715
69,62.27648056420182,17.57940061476847,1.1359874843111006,0.7687405623569641,5.502816447591931,1.7763568394002505e-15,0.6669147382361715
70,62.27648166912899,17.57940243666301,1.1359874843111006,0.7687405474558029,5.502816462493092,1.7763568394002505e-15,0.6669147382361715
71,62.27648113869593,17.579401282322777,1.1359874843111006,0.7687405474558029,5.502816447591931,1.4901162970204496e-08,0.6669147382361715
72,62.27648138243779,17.579400593404586,1.1359874843111006,0.7687405474558029,5.502816447591931,1.7763568394002505e-15,0.6669147531373327
73,61.44415951748856,70.81452617749522,2.4195901755000104,1.0,7.49788340911938,1.5449928944987197,0.9608818259951242
74,61.44415951748856,70.81452617749522,2.4195901755000104,1.0,7.49788340911938,1.5449928944987197,0.9608818259951242
75,41.52134832786764,28.306165301668408,1.6600541130829733,0.8631586742627915,6.317358224326145,0.6307864756395102,0.7869350075213865
76,41.52134832786764,28.306165301668408,1.6600541130829733,0.8631586742627915,6.317358224326145,0.6307864756395102,0.7869350075213865
77,41.52134816009795,28.306165273416905,1.6600541279841345,0.8631586742627915,6.317358224326145,0.6307864756395102,0.7869350075213865
78,41.52134807910547,28.306166212368034,1.6600541130829733,0.8631586891639527,6.317358224326145,0.6307864756395102,0.7869350075213865
79,41.521348296455116,28.306165132559524,1.6600541130829733,0.8631586742627915,6.317358239227306,0.6307864756395102,0.7869350075213865
80,41.5213483852511,28.306165968401096,1.6600541130829733,0.8631586742627915,6.317358224326145,0.6307864905406714,0.7869350075213865
81,41.521348982953775,28.306167247283458,1.6600541130829733,0.8631586742627915,6.317358224326145,0.6307864756395102,0.7869350224225476
82,41.52134832786764,28.306165301668408,1.6600541130829733,0.8631586742627915,6.317358224326145,0.6307864756395102,0.7869350075213865
83,41.52134816009795,28.306165273416905,1.6600541279841345,0.8631586742627915,6.317358224326145,0.6307864756395102,0.7869350075213865
84,41.52134807910547,28.306166212368034,1.6600541130829733,0.8631586891639527,6.317358224326145,0.6307864756395102,0.7869350075213865
85,41.521348296455116,28.306165132559524,1.6600541130829733,0.8631586742627915,6.317358239227306,0.6307864756395102,0.7869350075213865
86,41.5213483852511,28.306165968401096,1.6600541130829733,0.8631586742627915,6.317358224326145,0.6307864905406714,0.7869350075213865
87,41.521348982953775,28.306167247283458,1.6600541130829733,0.8631586742627915,6.317358224326145,0.6307864756395102,0.7869350224225476
88,36.934510110358794,19.402095153438108,1.5922346948620518,0.9103294644882288,6.309481218144238,0.6963321692855213,0.6518383712015844
89,36.934510110358794,19.402095153438108,1.5922346948620518,0.9103294644882288,6.309481218144238,0.6963321692855213,0.6518383712015844
90,36.93451011371474,19.402095231552853,1.592234709763213,0.9103294644882288,6.309481218144238,0.6963321692855213,0.6518383712015844
91,36.9345096826371,19.402095443159762,1.5922346948620518,0.91032947938939,6.309481218144238,0.6963321692855213,0.6518383712015844
92,36.93451012140319,19.402095057557638,1.5922346948620518,0.9103294644882288,6.309481233045399,0.6963321692855213,0.6518383712015844
93,36.934510025127054,19.402095531873258,1.5922346948620518,0.9103294644882288,6.309481218144238,0.6963321841866825,0.6518383712015844
94,36.9345102347153,19.402096281906374,1.5922346948620518,0.9103294644882288,6.309481218144238,0.6963321692855213,0.6518383861027456
95,36.934510110358794,19.402095153438108,1.5922346948620518,0.9103294644882288,6.309481218144238,0.6963321692855213,0.6518383712015844
96,36.93451011371474,19.402095231552853,1.592234709763213,0.9103294644882288,6.309481218144238,0.6963321692855213,0.6518383712015844
97,36.9345096826371,19.402095443159762,1.5922346948620518,0.91032947938939,6.309481218144238,0.6963321692855213,0.6518383712015844
98,36.93451012140319,19.402095057557638,1.5922346948620518,0.9103294644882288,6.309481233045399,0.6963321692855213,0.6518383712015844
99,36.934510025127054,19.402095531873258,1.5922346948620518,0.9103294644882288,6.309481218144238,0.6963321841866825,0.6518383712015844
100,36.9345102347153,19.402096281906374,1.5922346948620518,0.9103294644882288,6.309481218144238,0.6963321692855213,0.6518383861027456
101,40.894779982103486,23.08199451938288,1.8569604557255421,0.9999999999999998,6.472052293423188,0.9661353987350523,0.592173549715334
102,40.894779982103486,23.08199451938288,1.8569604557255421,0.9999999999999998,6.472052293423188,0.9661353987350523,0.592173549715334
103,36.316779135431815,20.534755280784672,1.6634733380122428,0.9344601243060455,6.353229672320226,0.7689371772788143,0.6357823556758773
104,36.316779135431815,20.534755280784672,1.6634733380122428,0.9344601243060455,6.353229672320226,0.7689371772788143,0.6357823556758773
105,36.31677937890358,20.534755372737155,1.663473352913404,0.9344601243060455,6.353229672320226,0.7689371772788143,0.6357823556758773
106,36.316778680789824,20.5347555336157,1.6634733380122428,0.9344601392072067,6.353229672320226,0.7689371772788143,0.6357823556758773
107,36.316779175215146,20.534755188221045,1.6634733380122428,0.9344601243060455,6.353229687221387,0.7689371772788143,0.6357823556758773
108,36.31677898481204,20.534755634968477,1.6634733380122428,0.9344601243060455,6.353229672320226,0.7689371921799755,0.6357823556758773
109,36.31677874228799,20.534756418336855,1.6634733380122428,0.9344601243060455,6.353229672320226,0.7689371772788143,0.6357823705770385
110,36.316779135431815,20.534755280784672,1.6634733380122428,0.9344601243060455,6.353229672320226,0.7689371772788143,0.6357823556758773
111,36.31677937890358,20.534755372737155,1.663473352913404,0.9344601243060455,6.353229672320226,0.7689371772788143,0.6357823556758773
112,36.316778680789824,20.5347555336157,1.6634733380122428,0.9344601392072067,6.353229672320226,0.7689371772788143,0.6357823556758773
113,36.316779175215146,20.534755188221045,1.6634733380122428,0.9344601243060455,6.353229687221387,0.7689371772788143,0.6357823556758773
114,36.31677898481204,20.534755634968477,1.6634733380122428,0.9344601243060455,6.353229672320226,0.7689371921799755,0.6357823556758773
115,36.31677874228799,20.534756418336855,1.6634733380122428,0.9344601243060455,6.353229672320226,0.7689371772788143,0.6357823705770385
116,33.01614854423143,20.245768781311163,1.4988205245238826,1.0,7.6046158843342555,1.079197878252581,0.6011602472430307
117,33.01614854423143,20.245768781311163,1.4988205245238826,1.0,7.6046158843342555,1.079197878252581,0.6011602472430307
118,33.01614870823765,20.245768262028278,1.4988205394250438,1.0,7.6046158843342555,1.079197878252581,0.6011602472430307
119,33.016148857890016,20.245767849095337,1.4988205245238826,0.9999999850988388,7.6046158843342555,1.079197878252581,0.6011602472430307
120,33.01614856467967,20.245768625033612,1.4988205245238826,1.0,7.604615899235417,1.079197878252581,0.6011602472430307
121,33.01614843518291,20.245769494392558,1.4988205245238826,1.0,7.6046158843342555,1.0791978931537423,0.6011602472430307
122,33.01614838039063,20.245771048549415,1.4988205245238826,1.0,7.6046158843342555,1.079197878252581,0.6011602621441919
123,33.01614854423143,20.245768781311163,1.4988205245238826,1.0,7.6046158843342555,1.079197878252581,0.6011602472430307
124,33.01614870823765,20.245768262028278,1.4988205394250438,1.0,7.6046158843342555,1.079197878252581,0.6011602472430307
125,33.016148857890016,20.245767849095337,1.4988205245238826,0.9999999850988388,7.6046158843342555,1.079197878252581,0.6011602472430307
126,33.01614856467967,20.245768625033612,1.4988205245238826,1.0,7.604615899235417,1.079197878252581,0.6011602472430307
127,33.01614843518291,20.245769494392558,1.4988205245238826,1.0,7.6046158843342555,1.0791978931537423,0.6011602472430307
128,33.01614838039063,20.245771048549415,1.4988205245238826,1.0,7.6046158843342555,1.079197878252581,0.6011602621441919
129,34.386880425265566,32.96589220144516,1.0000000000000249,0.9999999999999979,7.662112952624665,1.509898907564186,0.319934398161465
130,34.386880425265566,32.96589220144516,1.0000000000000249,0.9999999999999979,7.662112952624665,1.509898907564186,0.319934398161465
131,31.67521284208795,20.11535467885446,1.359612515881113,0.9999999999999994,7.620661840717356,1.199395483730204,0.5226773290293388
132,31.67521284208795,20.11535467885446,1.359612515881113,0.9999999999999994,7.620661840717356,1.199395483730204,0.5226773290293388
133,31.675212800025697,20.11535388626485,1.3596125307822742,0.9999999999999994,7.620661840717356,1.199395483730204,0.5226773290293388
134,31.67521313909601,20.1153537464308,1.359612515881113,0.9999999850988383,7.620661840717356,1.199395483730204,0.5226773290293388
135,31.675212847255906,20.11535452265095,1.359612515881113,0.9999999999999994,7.6206618556185175,1.199395483730204,0.5226773290293388
136,31.67521276947361,20.115355406869657,1.359612515881113,0.9999999999999994,7.620661840717356,1.1993954986313653,0.5226773290293388
137,31.675213051053696,20.11535692234695,1.359612515881113,0.9999999999999994,7.620661840717356,1.199395483730204,0.5226773439305
138,31.67521284208795,20.11535467885446,1.359612515881113,0.9999999999999994,7.620661840717356,1.199395483730204,0.5226773290293388
139,31.675212800025697,20.11535388626485,1.3596125307822742,0.9999999999999994,7.620661840717356,1.199395483730204,0.5226773290293388
140,31.67521313909601,20.1153537464308,1.359612515881113,0.9999999850988383,7.620661840717356,1.199395483730204,0.5226773290293388
141,31.675212847255906,20.11535452265095,1.359612515881113,0.9999999999999994,7.6206618556185175,1.199395483730204,0.5226773290293388
142,31.67521276947361,20.115355406869657,1.359612515881113,0.9999999999999994,7.620661840717356,1.1993954986313653,0.5226773290293388
143,31.675213051053696,20.11535692234695,1.359612515881113,0.9999999999999994,7.620661840717356,1.199395483730204,0.5226773439305
144,29.868524136135406,27.392908494346063,1.0000000000000018,0.9669404464510993,5.8644503965768084,1.5773079119817617,0.1294593489823348
145,29.868524136135406,27.392908494346063,1.0000000000000018,0.9669404464510993,5.8644503965768084,1.5773079119817617,0.1294593489823348
146,28.964942905201042,20.80541631924811,1.1708562229560031,0.982647437177318,6.69884753462625,1.3977571809929143,0.31628193135160504
147,28.964942905201042,20.80541631924811,1.1708562229560031,0.982647437177318,6.69884753462625,1.3977571809929143,0.31628193135160504
148,28.964943231947977,20.8054150421266,1.1708562378571643,0.982647437177318,6.69884753462625,1.3977571809929143,0.31628193135160504
149,28.96494269915667,20.805417163958428,1.1708562229560031,0.9826474520784791,6.69884753462625,1.3977571809929143,0.31628193135160504
150,28.96494293375372,20.80541614308479,1.1708562229560031,0.982647437177318,6.698847549527411,1.3977571809929143,0.31628193135160504
151,28.964942792127435,20.805417037385165,1.1708562229560031,0.982647437177318,6.69884753462625,1.3977571958940755,0.31628193135160504
152,28.964942571885384,20.80541858832028,1.1708562229560031,0.982647437177318,6.69884753462625,1.3977571809929143,0.31628194625276623
153,28.964942905201042,20.80541631924811,1.1708562229560031,0.982647437177318,6.69884753462625,1.3977571809929143,0.31628193135160504
154,28.964943231947977,20.8054150421266,1.1708562378571643,0.982647437177318,6.69884753462625,1.3977571809929143,0.31628193135160504
155,28.96494269915667,20.805417163958428,1.1708562229560031,0.9826474520784791,6.69884753462625,1.3977571809929143,0.31628193135160504
156,28.96494293375372,20.80541614308479,1.1708562229560031,0.982647437177318,6.698847549527411,1.3977571809929143,0.31628193135160504
157,28.964942792127435,20.805417037385165,1.1708562229560031,0.982647437177318,6.69884753462625,1.3977571958940755,0.31628193135160504
158,28.964942571885384,20.80541858832028,1.1708562229560031,0.982647437177318,6.69884753462625,1.3977571809929143,0.31628194625276623
159,40.467163092454314,37.27272568368233,1.0,0.7992015268559276,2.732352230600109,0.9795611280798495,0.059970724004157594
160,40.467163092454314,37.27272568368233,1.0,0.7992015268559276,2.732352230600109,0.9795611280798495,0.059970724004157594
161,28.94723131468669,20.16448318491762,1.1537706006604027,0.9643028461451789,6.302198004223635,1.3559375757016079,0.29065081061686027
162,28.94723131468669,20.16448318491762,1.1537706006604027,0.9643028461451789,6.302198004223635,1.3559375757016079,0.29065081061686027
163,28.947231648720273,20.16448186272443,1.153770615561564,0.9643028461451789,6.302198004223635,1.3559375757016079,0.29065081061686027
164,28.947231107376986,20.164484037578994,1.1537706006604027,0.9643028610463401,6.302198004223635,1.3559375757016079,0.29065081061686027
165,28.947231344994528,20.16448299615144,1.1537706006604027,0.9643028461451789,6.302198019124797,1.3559375757016079,0.29065081061686027
166,28.94723120129965,20.164483913873532,1.1537706006604027,0.9643028461451789,6.302198004223635,1.355937590602769,0.29065081061686027
167,28.947230983150362,20.164485460849384,1.1537706006604027,0.9643028461451789,6.302198004223635,1.3559375757016079,0.29065082551802146
168,28.94723131468669,20.16448318491762,1.1537706006604027,0.9643028461451789,6.302198004223635,1.3559375757016079,0.29065081061686027
169,28.947231648720273,20.16448186272443,1.153770615561564,0.9643028461451789,6.302198004223635,1.3559375757016079,0.29065081061686027
170,28.947231107376986,20.164484037578994,1.1537706006604027,0.9643028610463401,6.302198004223635,1.3559375757016079,0.29065081061686027
171,28.947231344994528,20.16448299615144,1.1537706006604027,0.9643028461451789,6.302198019124797,1.3559375757016079,0.29065081061686027
172,28.94723120129965,20.164483913873532,1.1537706006604027,0.9643028461451789,6.302198004223635,1.355937590602769,0.29065081061686027
173,28.947230983150362,20.164485460849384,1.1537706006604027,0.9643028461451789,6.302198004223635,1.3559375757016079,0.29065082551802146
174,29.42601259031173,14.303919424738213,1.0753993932013577,1.0,5.501549884846902,1.0492539508631302,0.2207741564718472
175,29.42601259031173,14.303919424738213,1.0753993932013577,1.0,5.501549884846902,1.0492539508631302,0.2207741564718472
176,29.42601301424832,14.303917869549698,1.0753994081025189,1.0,5.501549884846902,1.0492539508631302,0.2207741564718472
177,29.426012859300975,14.303918505470012,1.0753993932013577,0.9999999850988388,5.501549884846902,1.0492539508631302,0.2207741564718472
178,29.426012652538773,14.303919192627065,1.0753993932013577,1.0,5.501549899748063,1.0492539508631302,0.2207741564718472
179,29.42601238320872,14.303920233781364,1.0753993932013577,1.0,5.501549884846902,1.0492539657642914,0.2207741564718472
180,29.426011995636735,14.30392182557554,1.0753993932013577,1.0,5.501549884846902,1.0492539508631302,0.2207741713730084
181,29.42601259031173,14.303919424738213,1.0753993932013577,1.0,5.501549884846902,1.0492539508631302,0.2207741564718472
182,29.42601301424832,14.303917869549698,1.0753994081025189,1.0,5.501549884846902,1.0492539508631302,0.2207741564718472
183,29.426012859300975,14.303918505470012,1.0753993932013577,0.9999999850988388,5.501549884846902,1.0492539508631302,0.2207741564718472
184,29.426012652538773,14.303919192627065,1.0753993932013577,1.0,5.501549899748063,1.0492539508631302,0.2207741564718472
185,29.42601238320872,14.303920233781364,1.0753993932013577,1.0,5.501549884846902,1.0492539657642914,0.2207741564718472
186,29.426011995636735,14.30392182557554,1.0753993932013577,1.0,5.501549884846902,1.0492539508631302,0.2207741713730084
187,29.742374586449895,13.421001347894771,1.087640261840893,1.0,5.453823343954756,1.0378144846727189,0.2223848454476027
188,29.742374586449895,13.421001347894771,1.087640261840893,1.0,5.453823343954756,1.0378144846727189,0.2223848454476027
189,29.491167291445315,14.09958270042084,1.0782009902559726,1.0,5.490626596612394,1.0466357727150606,0.22114279873272424
190,29.491167291445315,14.09958270042084,1.0782009902559726,1.0,5.490626596612394,1.0466357727150606,0.22114279873272424
191,29.449219650367347,14.218618378415371,1.0765667112441926,1.0,5.496998569581125,1.0481630564439763,0.22092775556339547
192,29.449219650367347,14.218618378415371,1.0765667112441926,1.0,5.496998569581125,1.0481630564439763,0.22092775556339547
193,29.44922007391805,14.218616824730045,1.0765667261453538,1.0,5.496998569581125,1.0481630564439763,0.22092775556339547
194,29.449219919749375,14.218617458125262,1.0765667112441926,0.9999999850988388,5.496998569581125,1.0481630564439763,0.22092775556339547
195,29.449219712708814,14.218618145880807,1.0765667112441926,1.0,5.496998584482286,1.0481630564439763,0.22092775556339547
196,29.449219443068507,14.21861918807048,1.0765667112441926,1.0,5.496998569581125,1.0481630713451375,0.22092775556339547
197,29.44921905505156,14.218620782010833,1.0765667112441926,1.0,5.496998569581125,1.0481630564439763,0.22092777046455667
198,29.449219650367347,14.218618378415371,1.0765667112441926,1.0,5.496998569581125,1.0481630564439763,0.22092775556339547
199,29.44922007391805,14.218616824730045,1.0765667261453538,1.0,5.496998569581125,1.0481630564439763,0.22092775556339547
200,29.449219919749375,14.218617458125262,1.0765667112441926,0.9999999850988388,5.496998569581125,1.0481630564439763,0.22092775556339547
201,29.449219712708814,14.218618145880807,1.0765667112441926,1.0,5.496998584482286,1.0481630564439763,0.22092775556339547
202,29.449219443068507,14.21861918807048,1.0765667112441926,1.0,5.496998569581125,1.0481630713451375,0.22092775556339547
203,29.44921905505156,14.218620782010833,1.0765667112441926,1.0,5.496998569581125,1.0481630564439763,0.22092777046455667
204,29.652541491690265,13.727329058179723,1.0882089401895951,1.0,5.3530065632459305,1.1223085621643647,0.18703436019406217
205,29.652541491690265,13.727329058179723,1.0882089401895951,1.0,5.3530065632459305,1.1223085621643647,0.18703436019406217
206,29.65254201560835,13.72732747852328,1.0882089550907563,1.0,5.3530065632459305,1.1223085621643647,0.18703436019406217
207,29.652541780366143,13.727328171462872,1.0882089401895951,0.9999999850988388,5.3530065632459305,1.1223085621643647,0.18703436019406217
208,29.652541565254335,13.727328818022558,1.0882089401895951,1.0,5.353006578147092,1.1223085621643647,0.18703436019406217
209,29.65254126416073,13.727329853858745,1.0882089401895951,1.0,5.3530065632459305,1.122308577065526,0.18703436019406217
210,29.65254077156721,13.727331530205648,1.0882089401895951,1.0,5.3530065632459305,1.1223085621643647,0.18703437509522336
211,29.652541491690265,13.727329058179723,1.0882089401895951,1.0,5.3530065632459305,1.1223085621643647,0.18703436019406217
212,29.65254201560835,13.72732747852328,1.0882089550907563,1.0,5.3530065632459305,1.1223085621643647,0.18703436019406217
213,29.652541780366143,13.727328171462872,1.0882089401895951,0.9999999850988388,5.3530065632459305,1.1223085621643647,0.18703436019406217
214,29.652541565254335,13.727328818022558,1.0882089401895951,1.0,5.353006578147092,1.1223085621643647,0.18703436019406217
215,29.65254126416073,13.727329853858745,1.0882089401895951,1.0,5.3530065632459305,1.122308577065526,0.18703436019406217
216,29.65254077156721,13.727331530205648,1.0882089401895951,1.0,5.3530065632459305,1.1223085621643647,0.18703437509522336
217,29.461303183790342,14.252313367409503,1.0497365103501226,1.0,4.589368618771796,1.2668487583190746,0.04265052274616363
218,29.461303183790342,14.252313367409503,1.0497365103501226,1.0,4.589368618771796,1.2668487583190746,0.04265052274616363
219,29.431637372980795,13.867955754965413,1.0706405674966484,1.0,5.00429253434327,1.1883126083281512,0.12110171498016402
220,29.431637372980795,13.867955754965413,1.0706405674966484,1.0,5.00429253434327,1.1883126083281512,0.12110171498016402
221,29.43163791103653,13.867954078632575,1.0706405823978096,1.0,5.00429253434327,1.1883126083281512,0.12110171498016402
222,29.43163765487224,13.867954927890954,1.0706405674966484,0.9999999850988388,5.00429253434327,1.1883126083281512,0.12110171498016402
223,29.431637451013277,13.867955498492087,1.0706405674966484,1.0,5.004292549244431,1.1883126083281512,0.12110171498016402
224,29.431637148897117,13.867956531804488,1.0706405674966484,1.0,5.00429253434327,1.1883126232293124,0.12110171498016402
225,29.431636656681555,13.867958286728847,1.0706405674966484,1.0,5.00429253434327,1.1883126083281512,0.12110172988132521
226,29.431637372980795,13.867955754965413,1.0706405674966484,1.0,5.00429253434327,1.1883126083281512,0.12110171498016402
227,29.43163791103653,13.867954078632575,1.0706405823978096,1.0,5.00429253434327,1.1883126083281512,0.12110171498016402
228,29.43163765487224,13.867954927890954,1.0706405674966484,0.9999999850988388,5.00429253434327,1.1883126083281512,0.12110171498016402
229,29.431637451013277,13.867955498492087,1.0706405674966484,1.0,5.004292549244431,1.1883126083281512,0.12110171498016402
230,29.431637148897117,13.867956531804488,1.0706405674966484,1.0,5.00429253434327,1.1883126232293124,0.12110171498016402
231,29.431636656681555,13.867958286728847,1.0706405674966484,1.0,5.00429253434327,1.1883126083281512,0.12110172988132521
232,31.18193143505023,13.725715510045644,1.050190706707417,1.0,4.469862272951675,1.3633960307364712,0.0
233,31.18193143505023,13.725715510045644,1.050190706707417,1.0,4.469862272951675,1.3633960307364712,0.0
234,29.400897155264893,13.87097573205981,1.0685955814177253,1.0,4.95084950820411,1.2058209505689832,0.10899154348214762
235,29.400897155264893,13.87097573205981,1.0685955814177253,1.0,4.95084950820411,1.2058209505689832,0.10899154348214762
236,29.400897866073585,13.870974039013277,1.0685955963188865,1.0,4.95084950820411,1.2058209505689832,0.10899154348214762
237,29.40089746154068,13.87097491739689,1.0685955814177253,0.9999999850988388,4.95084950820411,1.2058209505689832,0.10899154348214762
238,29.400897253465374,13.87097547282703,1.0685955814177253,1.0,4.950849523105271,1.2058209505689832,0.10899154348214762
239,29.40089689150241,13.870976504811841,1.0685955814177253,1.0,4.95084950820411,1.2058209654701444,0.10899154348214762
240,29.400896206887932,13.870978277994842,1.0685955814177253,1.0,4.95084950820411,1.2058209505689832,0.10899155838330882
241,29.400897155264893,13.87097573205981,1.0685955814177253,1.0,4.95084950820411,1.2058209505689832,0.10899154348214762
242,29.400897866073585,13.870974039013277,1.0685955963188865,1.0,4.95084950820411,1.2058209505689832,0.10899154348214762
243,29.40089746154068,13.87097491739689,1.0685955814177253,0.9999999850988388,4.95084950820411,1.2058209505689832,0.10899154348214762
244,29.400897253465374,13.87097547282703,1.0685955814177253,1.0,4.950849523105271,1.2058209505689832,0.10899154348214762
245,29.40089689150241,13.870976504811841,1.0685955814177253,1.0,4.95084950820411,1.2058209654701444,0.10899154348214762
246,29.400896206887932,13.870978277994842,1.0685955814177253,1.0,4.95084950820411,1.2058209505689832,0.10899155838330882
247,29.322644314423645,13.616728214705645,1.0564032901134366,1.0,4.673253635955891,1.1513414097949533,0.08680373869446165
248,29.322644314423645,13.616728214705645,1.0564032901134366,1.0,4.673253635955891,1.1513414097949533,0.08680373869446165
249,29.322644861199944,13.616726489246037,1.0564033050145978,1.0,4.673253635955891,1.1513414097949533,0.08680373869446165
250,29.322644593693635,13.616727403019224,1.0564032901134366,0.9999999850988388,4.673253635955891,1.1513414097949533,0.08680373869446165
251,29.322644397636154,13.616727939263502,1.0564032901134366,1.0,4.673253650857053,1.1513414097949533,0.08680373869446165
252,29.322644091262333,13.616728992270138,1.0564032901134366,1.0,4.673253635955891,1.1513414246961144,0.08680373869446165
253,29.322643602006277,13.6167307675554,1.0564032901134366,1.0,4.673253635955891,1.1513414097949533,0.08680375359562284
254,29.322644314423645,13.616728214705645,1.0564032901134366,1.0,4.673253635955891,1.1513414097949533,0.08680373869446165
255,29.322644861199944,13.616726489246037,1.0564033050145978,1.0,4.673253635955891,1.1513414097949533,0.08680373869446165
256,29.322644593693635,13.616727403019224,1.0564032901134366,0.9999999850988388,4.673253635955891,1.1513414097949533,0.08680373869446165
257,29.322644397636154,13.616727939263502,1.0564032901134366,1.0,4.673253650857053,1.1513414097949533,0.08680373869446165
258,29.322644091262333,13.616728992270138,1.0564032901134366,1.0,4.673253635955891,1.1513414246961144,0.08680373869446165
259,29.322643602006277,13.6167307675554,1.0564032901134366,1.0,4.673253635955891,1.1513414097949533,0.08680375359562284
260,28.336123217780663,15.190469744427803,1.0161656171723434,1.0,3.5681673853795726,0.9298490843146732,0.0
261,28.336123217780663,15.190469744427803,1.0161656171723434,1.0,3.5681673853795726,0.9298490843146732,0.0
262,29.085272669697172,13.537593374181206,1.0387467641138546,1.0,4.188335332065746,1.0541492831708388,0.04871375095179472
263,29.085272669697172,13.537593374181206,1.0387467641138546,1.0,4.188335332065746,1.0541492831708388,0.04871375095179472
264,29.085273223452923,13.537591608092276,1.0387467790150158,1.0,4.188335332065746,1.0541492831708388,0.04871375095179472
265,29.08527294558777,13.537592570811825,1.0387467641138546,0.9999999850988388,4.188335332065746,1.0541492831708388,0.04871375095179472
266,29.085272761699372,13.537593066567272,1.0387467641138546,1.0,4.188335346966907,1.0541492831708388,0.04871375095179472
267,29.085272448005867,13.537594156395963,1.0387467641138546,1.0,4.188335332065746,1.054149298072,0.04871375095179472
268,29.085271966051558,13.537595929586965,1.0387467641138546,1.0,4.188335332065746,1.0541492831708388,0.04871376585295591
269,29.085272669697172,13.537593374181206,1.0387467641138546,1.0,4.188335332065746,1.0541492831708388,0.04871375095179472
270,29.085273223452923,13.537591608092276,1.0387467790150158,1.0,4.188335332065746,1.0541492831708388,0.04871375095179472
271,29.08527294558777,13.537592570811825,1.0387467641138546,0.9999999850988388,4.188335332065746,1.0541492831708388,0.04871375095179472
272,29.085272761699372,13.537593066567272,1.0387467641138546,1.0,4.188335346966907,1.0541492831708388,0.04871375095179472
273,29.085272448005867,13.537594156395963,1.0387467641138546,1.0,4.188335332065746,1.054149298072,0.04871375095179472
274,29.085271966051558,13.537595929586965,1.0387467641138546,1.0,4.188335332065746,1.0541492831708388,0.04871376585295591
275,29.148545181794937,12.709256266036723,1.033308305889452,1.0,3.820125731405116,0.9174256727968402,0.0358576610324812
276,29.148545181794937,12.709256266036723,1.033308305889452,1.0,3.820125731405116,0.9174256727968402,0.0358576610324812
277,29.14854573814879,12.709254499651296,1.0333083207906133,1.0,3.820125731405116,0.9174256727968402,0.0358576610324812
278,29.148545459861435,12.709255436334427,1.033308305889452,0.9999999850988388,3.820125731405116,0.9174256727968402,0.0358576610324812
279,29.14854528291174,12.709255925541784,1.033308305889452,1.0,3.820125746306277,0.9174256727968402,0.0358576610324812
280,29.148544958435075,12.709257067341378,1.033308305889452,1.0,3.820125731405116,0.9174256876980014,0.0358576610324812
281,29.148544479223066,12.70925881831123,1.033308305889452,1.0,3.820125731405116,0.9174256727968402,0.03585767593364239
282,29.148545181794937,12.709256266036723,1.033308305889452,1.0,3.820125731405116,0.9174256727968402,0.0358576610324812
283,29.14854573814879,12.709254499651296,1.0333083207906133,1.0,3.820125731405116,0.9174256727968402,0.0358576610324812
284,29.148545459861435,12.709255436334427,1.033308305889452,0.9999999850988388,3.820125731405116,0.9174256727968402,0.0358576610324812
285,29.14854528291174,12.709255925541784,1.033308305889452,1.0,3.820125746306277,0.9174256727968402,0.0358576610324812
286,29.148544958435075,12.709257067341378,1.033308305889452,1.0,3.820125731405116,0.9174256876980014,0.0358576610324812
287,29.148544479223066,12.70925881831123,1.033308305889452,1.0,3.820125731405116,0.9174256727968402,0.03585767593364239
288,29.217269611612046,12.077611362474142,1.02371127064085,1.0,3.6848462042827905,0.8573520213269292,0.026052265236215025
289,29.217269611612046,12.077611362474142,1.02371127064085,1.0,3.6848462042827905,0.8573520213269292,0.026052265236215025
290,29.217270175212352,12.077609571109724,1.0237112855420112,1.0,3.6848462042827905,0.8573520213269292,0.026052265236215025
291,29.217269890201784,12.077610520783491,1.02371127064085,0.9999999850988388,3.6848462042827905,0.8573520213269292,0.026052265236215025
292,29.21726971671901,12.077611006924549,1.02371127064085,1.0,3.6848462191839517,0.8573520213269292,0.026052265236215025
293,29.217269387068946,12.077612175861434,1.02371127064085,1.0,3.6848462042827905,0.8573520362280904,0.026052265236215025
294,29.217268908815182,12.077613920039754,1.02371127064085,1.0,3.6848462042827905,0.8573520213269292,0.02605228013737622
295,29.217269611612046,12.077611362474142,1.02371127064085,1.0,3.6848462042827905,0.8573520213269292,0.026052265236215025
296,29.217270175212352,12.077609571109724,1.0237112855420112,1.0,3.6848462042827905,0.8573520213269292,0.026052265236215025
297,29.217269890201784,12.077610520783491,1.02371127064085,0.9999999850988388,3.6848462042827905,0.8573520213269292,0.026052265236215025
298,29.21726971671901,12.077611006924549,1.02371127064085,1.0,3.6848462191839517,0.8573520213269292,0.026052265236215025
299,29.217269387068946,12.077612175861434,1.02371127064085,1.0,3.6848462042827905,0.8573520362280904,0.026052265236215025
300,29.217268908815182,12.077613920039754,1.02371127064085,1.0,3.6848462042827905,0.8573520213269292,0.02605228013737622
301,29.153370486504425,11.744470310792602,1.0,1.0,3.602139330785816,0.8425491023327449,0.0002933278915788311
302,29.153370486504425,11.744470310792602,1.0,1.0,3.602139330785816,0.8425491023327449,0.0002933278915788311
303,29.15337106633413,11.744468441603635,1.0000000149011612,1.0,3.602139330785816,0.8425491023327449,0.0002933278915788311
304,29.153370761566404,11.744469481489098,1.0,0.9999999850988388,3.602139330785816,0.8425491023327449,0.0002933278915788311
305,29.153370593760336,11.744469945701244,1.0,1.0,3.602139345686977,0.8425491023327449,0.0002933278915788311
306,29.153370262347554,11.744471128473444,1.0,1.0,3.602139330785816,0.8425491172339061,0.0002933278915788311
307,29.153369786732654,11.744472884232808,1.0,1.0,3.602139330785816,0.8425491023327449,0.0002933427927400249
308,29.153370486504425,11.744470310792602,1.0,1.0,3.602139330785816,0.8425491023327449,0.0002933278915788311
309,29.15337106633413,11.744468441603635,1.0000000149011612,1.0,3.602139330785816,0.8425491023327449,0.0002933278915788311
310,29.153370761566404,11.744469481489098,1.0,0.9999999850988388,3.602139330785816,0.8425491023327449,0.0002933278915788311
311,29.153370593760336,11.744469945701244,1.0,1.0,3.602139345686977,0.8425491023327449,0.0002933278915788311
312,29.153370262347554,11.744471128473444,1.0,1.0,3.602139330785816,0.8425491172339061,0.0002933278915788311
313,29.153369786732654,11.744472884232808,1.0,1.0,3.602139330785816,0.8425491023327449,0.0002933427927400249
314,29.1589968024303,11.884191971668427,1.000104928062074,1.0,3.6964756903002853,0.8879810650968749,1.8426015921391148e-16
315,29.1589968024303,11.884191971668427,1.000104928062074,1.0,3.6964756903002853,0.8879810650968749,1.8426015921391148e-16
316,29.1589974653023,11.88419009249298,1.0001049429632352,1.0,3.6964756903002853,0.8879810650968749,1.8426015921391148e-16
317,29.15899703946196,11.88419115410152,1.000104928062074,0.9999999850988388,3.6964756903002853,0.8879810650968749,1.8426015921391148e-16
318,29.158996919975493,11.884191616457676,1.000104928062074,1.0,3.6964757052014465,0.8879810650968749,1.8426015921391148e-16
319,29.15899656448521,11.884192783081883,1.000104928062074,1.0,3.6964756903002853,0.8879810799980361,1.8426015921391148e-16
320,29.158995937437165,11.884194554292113,1.000104928062074,1.0,3.6964756903002853,0.8879810650968749,1.4901161378107815e-08
321,29.1589968024303,11.884191971668427,1.000104928062074,1.0,3.6964756903002853,0.8879810650968749,1.8426015921391148e-16
322,29.1589974653023,11.88419009249298,1.0001049429632352,1.0,3.6964756903002853,0.8879810650968749,1.8426015921391148e-16
323,29.15899703946196,11.88419115410152,1.000104928062074,0.9999999850988388,3.6964756903002853,0.8879810650968749,1.8426015921391148e-16
324,29.158996919975493,11.884191616457676,1.000104928062074,1.0,3.6964757052014465,0.8879810650968749,1.8426015921391148e-16
325,29.15899656448521,11.884192783081883,1.000104928062074,1.0,3.6964756903002853,0.8879810799980361,1.8426015921391148e-16
326,29.158995937437165,11.884194554292113,1.000104928062074,1.0,3.6964756903002853,0.8879810650968749,1.4901161378107815e-08
327,29.163161884186778,11.742157844713024,1.0018807264160876,1.0,3.603883036530645,0.8485097831488075,0.0
328,29.163161884186778,11.742157844713024,1.0018807264160876,1.0,3.603883036530645,0.8485097831488075,0.0
329,29.162650648642476,11.816119738877402,1.0008813860401662,1.0,3.655990066147257,0.8707224660533337,1.036934268803628e-16
330,29.162650648642476,11.816119738877402,1.0008813860401662,1.0,3.655990066147257,0.8707224660533337,1.036934268803628e-16
331,29.16085300857445,11.852815782417627,1.0004499742375852,1.0,3.678484491585944,0.8803116048521755,1.4845752256196774e-16
332,29.16085300857445,11.852815782417627,1.0004499742375852,1.0,3.678484491585944,0.8803116048521755,1.4845752256196774e-16
333,29.159777930009277,11.86967424026192,1.0002621421301354,1.0,3.6882783250201343,0.8844866138306966,1.6794733341011707e-16
334,29.159777930009277,11.86967424026192,1.0002621421301354,1.0,3.6882783250201343,0.8844866138306966,1.6794733341011707e-16
335,29.159254394145016,11.877185754530792,1.0001802991288853,1.0,3.692545735596964,0.8863057664222755,1.7643951632426105e-16
336,29.159254394145016,11.877185754530792,1.0001802991288853,1.0,3.692545735596964,0.8863057664222755,1.7643951632426105e-16
337,29.15901947246504,11.880440384289278,1.0001451729913082,1.0,3.6943772624071944,0.8870865271865354,1.8008427007002946e-16
338,29.15901947246504,11.880440384289278,1.0001451729913082,1.0,3.6943772624071944,0.8870865271865354,1.8008427007002946e-16
339,29.159020053314904,11.88043850538835,1.0001451878924694,1.0,3.6943772624071944,0.8870865271865354,1.8008427007002946e-16
340,29.15901974686178,11.880439566491996,1.0001451729913082,0.9999999850988388,3.6943772624071944,0.8870865271865354,1.8008427007002946e-16
341,29.15901957706589,11.880440028861623,1.0001451729913082,1.0,3.6943772773083556,0.8870865271865354,1.8008427007002946e-16
342,29.159019248680046,11.88044119582078,1.0001451729913082,1.0,3.6943772624071944,0.8870865420876966,1.8008427007002946e-16
343,29.15901877165655,11.880442966795716,1.0001451729913082,1.0,3.6943772624071944,0.8870865271865354,1.4901161373931926e-08
344,29.15901947246504,11.880440384289278,1.0001451729913082,1.0,3.6943772624071944,0.8870865271865354,1.8008427007002946e-16
345,29.159020053314904,11.88043850538835,1.0001451878924694,1.0,3.6943772624071944,0.8870865271865354,1.8008427007002946e-16
346,29.15901974686178,11.880439566491996,1.0001451729913082,0.9999999850988388,3.6943772624071944,0.8870865271865354,1.8008427007002946e-16
347,29.15901957706589,11.880440028861623,1.0001451729913082,1.0,3.6943772773083556,0.8870865271865354,1.8008427007002946e-16
348,29.159019248680046,11.88044119582078,1.0001451729913082,1.0,3.6943772624071944,0.8870865420876966,1.8008427007002946e-16
349,29.15901877165655,11.880442966795716,1.0001451729913082,1.0,3.6943772624071944,0.8870865271865354,1.4901161373931926e-08
350,29.16319024863021,11.874496432493867,1.0026787591384492,1.0,3.6759849406797582,0.8847562709247265,0.0
351,29.16319024863021,11.874496432493867,1.0026787591384492,1.0,3.6759849406797582,0.8847562709247265,0.0
352,29.163190827782966,11.874494560447301,1.0026787740396104,1.0,3.6759849406797582,0.8847562709247265,0.0
353,29.163190523418862,11.874495614391686,1.0026787591384492,0.9999999850988388,3.6759849406797582,0.8847562709247265,0.0
354,29.163190353771334,11.874496075263849,1.0026787591384492,1.0,3.6759849555809194,0.8847562709247265,0.0
355,29.163190024843317,11.874497243607477,1.0026787591384492,1.0,3.6759849406797582,0.8847562858258877,0.0
356,29.16318954759506,11.874499016151303,1.0026787591384492,1.0,3.6759849406797582,0.8847562709247265,1.4901161193847656e-08
357,29.16319024863021,11.874496432493867,1.0026787591384492,1.0,3.6759849406797582,0.8847562709247265,0.0
358,29.163190827782966,11.874494560447301,1.0026787740396104,1.0,3.6759849406797582,0.8847562709247265,0.0
359,29.163190523418862,11.874495614391686,1.0026787591384492,0.9999999850988388,3.6759849406797582,0.8847562709247265,0.0
360,29.163190353771334,11.874496075263849,1.0026787591384492,1.0,3.6759849555809194,0.8847562709247265,0.0
361,29.163190024843317,11.874497243607477,1.0026787591384492,1.0,3.6759849406797582,0.8847562858258877,0.0
362,29.16318954759506,11.874499016151303,1.0026787591384492,1.0,3.6759849406797582,0.8847562709247265,1.4901161193847656e-08
363,29.137551487487045,12.020269597134567,1.0152782350956495,1.0,3.5894757202063037,0.8776904258934914,0.0
364,29.137551487487045,12.020269597134567,1.0152782350956495,1.0,3.5894757202063037,0.8776904258934914,0.0
365,29.13755205730293,12.020267761171507,1.0152782499968107,1.0,3.5894757202063037,0.8776904258934914,0.0
366,29.13755176364028,12.020268780232406,1.0152782350956495,0.9999999850988388,3.5894757202063037,0.8776904258934914,0.0
367,29.137551595055704,12.020269231900146,1.0152782350956495,1.0,3.589475735107465,0.8776904258934914,0.0
368,29.13755126413896,12.020270404070637,1.0152782350956495,1.0,3.5894757202063037,0.8776904407946526,0.0
369,29.13755078647322,12.020272182713738,1.0152782350956495,1.0,3.5894757202063037,0.8776904258934914,1.4901161193847656e-08
370,29.137551487487045,12.020269597134567,1.0152782350956495,1.0,3.5894757202063037,0.8776904258934914,0.0
371,29.13755205730293,12.020267761171507,1.0152782499968107,1.0,3.5894757202063037,0.8776904258934914,0.0
372,29.13755176364028,12.020268780232406,1.0152782350956495,0.9999999850988388,3.5894757202063037,0.8776904258934914,0.0
373,29.137551595055704,12.020269231900146,1.0152782350956495,1.0,3.589475735107465,0.8776904258934914,0.0
374,29.13755126413896,12.020270404070637,1.0152782350956495,1.0,3.5894757202063037,0.8776904407946526,0.0
375,29.13755078647322,12.020272182713738,1.0152782350956495,1.0,3.5894757202063037,0.8776904258934914,1.4901161193847656e-08
376,28.87254927200701,13.156498082563333,1.0682180738575586,1.0,3.2096042980210977,0.832708698603326,0.0
377,28.87254927200701,13.156498082563333,1.0682180738575586,1.0,3.2096042980210977,0.832708698603326,0.0
378,28.872549799839604,13.15649640475837,1.0682180887587198,1.0,3.2096042980210977,0.832708698603326,0.0
379,28.872549552051403,13.156497273753493,1.0682180738575586,0.9999999850988388,3.2096042980210977,0.832708698603326,0.0
380,28.872549391076596,13.156497679376871,1.0682180738575586,1.0,3.209604312922259,0.832708698603326,0.0
381,28.872549051835563,13.156498868675726,1.0682180738575586,1.0,3.2096042980210977,0.8327087135044872,0.0
382,28.872548575327812,13.156500657495817,1.0682180738575586,1.0,3.2096042980210977,0.832708698603326,1.4901161193847656e-08
383,28.87254927200701,13.156498082563333,1.0682180738575586,1.0,3.2096042980210977,0.832708698603326,0.0
384,28.872549799839604,13.15649640475837,1.0682180887587198,1.0,3.2096042980210977,0.832708698603326,0.0
385,28.872549552051403,13.156497273753493,1.0682180738575586,0.9999999850988388,3.2096042980210977,0.832708698603326,0.0
386,28.872549391076596,13.156497679376871,1.0682180738575586,1.0,3.209604312922259,0.832708698603326,0.0
387,28.872549051835563,13.156498868675726,1.0682180738575586,1.0,3.2096042980210977,0.8327087135044872,0.0
388,28.872548575327812,13.156500657495817,1.0682180738575586,1.0,3.2096042980210977,0.832708698603326,1.4901161193847656e-08
389,29.091754789260367,12.31458450283941,1.0768185530553325,1.0,3.0921649843542536,0.7737521136195025,2.0816681711721685e-17
390,29.091754789260367,12.31458450283941,1.0768185530553325,1.0,3.0921649843542536,0.7737521136195025,2.0816681711721685e-17
391,29.091755314383654,12.314582844802494,1.0768185679564937,1.0,3.0921649843542536,0.7737521136195025,2.0816681711721685e-17
392,29.09175507355896,12.31458367532556,1.0768185530553325,0.9999999850988388,3.0921649843542536,0.7737521136195025,2.0816681711721685e-17
393,29.091754913908524,12.314584080282847,1.0768185530553325,1.0,3.0921649992554148,0.7737521136195025,2.0816681711721685e-17
394,29.09175456690588,12.314585299999969,1.0768185530553325,1.0,3.0921649843542536,0.7737521285206637,2.0816681711721685e-17
395,29.091754087115213,12.31458709258339,1.0768185530553325,1.0,3.0921649843542536,0.7737521136195025,1.4901161214664338e-08
396,29.091754789260367,12.31458450283941,1.0768185530553325,1.0,3.0921649843542536,0.7737521136195025,2.0816681711721685e-17
397,29.091755314383654,12.314582844802494,1.0768185679564937,1.0,3.0921649843542536,0.7737521136195025,2.0816681711721685e-17
398,29.09175507355896,12.31458367532556,1.0768185530553325,0.9999999850988388,3.0921649843542536,0.7737521136195025,2.0816681711721685e-17
399,29.091754913908524,12.314584080282847,1.0768185530553325,1.0,3.0921649992554148,0.7737521136195025,2.0816681711721685e-17
400,29.09175456690588,12.314585299999969,1.0768185530553325,1.0,3.0921649843542536,0.7737521285206637,2.0816681711721685e-17
401,29.091754087115213,12.31458709258339,1.0768185530553325,1.0,3.0921649843542536,0.7737521136195025,1.4901161214664338e-08
402,29.10434039934746,12.26362255512857,1.0825961870556158,1.0,3.0354999580851354,0.7544382919881106,4.683753385137379e-17
403,29.10434039934746,12.26362255512857,1.0825961870556158,1.0,3.0354999580851354,0.7544382919881106,4.683753385137379e-17
404,29.104340920421773,12.263620914386006,1.082596201956777,1.0,3.0354999580851354,0.7544382919881106,4.683753385137379e-17
405,29.104340684702677,12.263621724137556,1.0825961870556158,0.9999999850988388,3.0354999580851354,0.7544382919881106,4.683753385137379e-17
406,29.104340526384263,12.263622124433793,1.0825961870556158,1.0,3.0354999729862966,0.7544382919881106,4.683753385137379e-17
407,29.104340176869552,12.263623353006619,1.0825961870556158,1.0,3.0354999580851354,0.7544383068892718,4.683753385137379e-17
408,29.104339696786795,12.263625145148763,1.0825961870556158,1.0,3.0354999580851354,0.7544382919881106,1.490116124068519e-08
409,29.10434039934746,12.26362255512857,1.0825961870556158,1.0,3.0354999580851354,0.7544382919881106,4.683753385137379e-17
410,29.104340920421773,12.263620914386006,1.082596201956777,1.0,3.0354999580851354,0.7544382919881106,4.683753385137379e-17
411,29.104340684702677,12.263621724137556,1.0825961870556158,0.9999999850988388,3.0354999580851354,0.7544382919881106,4.683753385137379e-17
412,29.104340526384263,12.263622124433793,1.0825961870556158,1.0,3.0354999729862966,0.7544382919881106,4.683753385137379e-17
413,29.104340176869552,12.263623353006619,1.0825961870556158,1.0,3.0354999580851354,0.7544383068892718,4.683753385137379e-17
414,29.104339696786795,12.263625145148763,1.0825961870556158,1.0,3.0354999580851354,0.7544382919881106,1.490116124068519e-08
415,29.10644801164767,12.252647771230345,1.0869797606995797,1.0,2.9934684260535773,0.7403641633762396,0.0
416,29.10644801164767,12.252647771230345,1.0869797606995797,1.0,2.9934684260535773,0.7403641633762396,0.0
417,29.106448529518392,12.252646143904816,1.0869797756007409,1.0,2.9934684260535773,0.7403641633762396,0.0
418,29.106448297707928,12.25264693801956,1.0869797606995797,0.9999999850988388,2.9934684260535773,0.7403641633762396,0.0
419,29.10644814047869,12.25264733443358,1.0869797606995797,1.0,2.9934684409547385,0.7403641633762396,0.0
420,29.106447789147154,12.252648569336136,1.0869797606995797,1.0,2.9934684260535773,0.7403641782774008,0.0
421,29.106447308958167,12.252650360824994,1.0869797606995797,1.0,2.9934684260535773,0.7403641633762396,1.4901161193847656e-08
422,29.10644801164767,12.252647771230345,1.0869797606995797,1.0,2.9934684260535773,0.7403641633762396,0.0
423,29.106448529518392,12.252646143904816,1.0869797756007409,1.0,2.9934684260535773,0.7403641633762396,0.0
424,29.106448297707928,12.25264693801956,1.0869797606995797,0.9999999850988388,2.9934684260535773,0.7403641633762396,0.0
425,29.10644814047869,12.25264733443358,1.0869797606995797,1.0,2.9934684409547385,0.7403641633762396,0.0
426,29.106447789147154,12.252648569336136,1.0869797606995797,1.0,2.9934684260535773,0.7403641782774008,0.0
427,29.106447308958167,12.252650360824994,1.0869797606995797,1.0,2.9934684260535773,0.7403641633762396,1.4901161193847656e-08
428,29.109292049055725,12.242440996860179,1.0880439938503608,1.0,2.983793547462409,0.7370378667601077,3.144186300207963e-17
429,29.109292049055725,12.242440996860179,1.0880439938503608,1.0,2.983793547462409,0.7370378667601077,3.144186300207963e-17
430,29.10929256619839,12.242439372617968,1.088044008751522,1.0,2.983793547462409,0.7370378667601077,3.144186300207963e-17
431,29.109292335310776,12.24244016306217,1.0880439938503608,0.9999999850988388,2.983793547462409,0.7370378667601077,3.144186300207963e-17
432,29.10929217831869,12.24244055859608,1.0880439938503608,1.0,2.9837935623635703,0.7370378667601077,3.144186300207963e-17
433,29.109291826530754,12.242441795079836,1.0880439938503608,1.0,2.983793547462409,0.7370378816612689,3.144186300207963e-17
434,29.109291346269302,12.242443586601874,1.0880439938503608,1.0,2.983793547462409,0.7370378667601077,1.490116122528952e-08
435,29.109292049055725,12.242440996860179,1.0880439938503608,1.0,2.983793547462409,0.7370378667601077,3.144186300207963e-17
436,29.10929256619839,12.242439372617968,1.088044008751522,1.0,2.983793547462409,0.7370378667601077,3.144186300207963e-17
437,29.109292335310776,12.24244016306217,1.0880439938503608,0.9999999850988388,2.983793547462409,0.7370378667601077,3.144186300207963e-17
438,29.10929217831869,12.24244055859608,1.0880439938503608,1.0,2.9837935623635703,0.7370378667601077,3.144186300207963e-17
439,29.109291826530754,12.242441795079836,1.0880439938503608,1.0,2.983793547462409,0.7370378816612689,3.144186300207963e-17
440,29.109291346269302,12.242443586601874,1.0880439938503608,1.0,2.983793547462409,0.7370378667601077,1.490116122528952e-08
441,29.10757360193474,12.26073801370701,1.0911749304240108,1.0,2.9625002407708156,0.7319999349299591,2.905661822261152e-17
442,29.10757360193474,12.26073801370701,1.0911749304240108,1.0,2.9625002407708156,0.7319999349299591,2.905661822261152e-17
443,29.107574116871888,12.260736398002628,1.091174945325172,1.0,2.9625002407708156,0.7319999349299591,2.905661822261152e-17
444,29.107573888574105,12.260737179622938,1.0911749304240108,0.9999999850988388,2.9625002407708156,0.7319999349299591,2.905661822261152e-17
445,29.10757373211813,12.2607375723849,1.0911749304240108,1.0,2.962500255671977,0.7319999349299591,2.905661822261152e-17
446,29.10757337946828,12.26073881134134,1.0911749304240108,1.0,2.9625002407708156,0.7319999498311203,2.905661822261152e-17
447,29.10757289904166,12.260740603757885,1.0911749304240108,1.0,2.9625002407708156,0.7319999349299591,1.4901161222904274e-08
448,29.10757360193474,12.26073801370701,1.0911749304240108,1.0,2.9625002407708156,0.7319999349299591,2.905661822261152e-17
449,29.107574116871888,12.260736398002628,1.091174945325172,1.0,2.9625002407708156,0.7319999349299591,2.905661822261152e-17
450,29.107573888574105,12.260737179622938,1.0911749304240108,0.9999999850988388,2.9625002407708156,0.7319999349299591,2.905661822261152e-17
451,29.10757373211813,12.2607375723849,1.0911749304240108,1.0,2.962500255671977,0.7319999349299591,2.905661822261152e-17
452,29.10757337946828,12.26073881134134,1.0911749304240108,1.0,2.9625002407708156,0.7319999498311203,2.905661822261152e-17
453,29.10757289904166,12.260740603757885,1.0911749304240108,1.0,2.9625002407708156,0.7319999349299591,1.4901161222904274e-08
454,29.09584740842559,12.38802451160077,1.1023975890658197,1.0,2.911383664729211,0.728401518897928,2.905661822261152e-17
455,29.09584740842559,12.38802451160077,1.1023975890658197,1.0,2.911383664729211,0.728401518897928,2.905661822261152e-17
456,29.09584791581807,12.388022923031121,1.102397603966981,1.0,2.911383664729211,0.728401518897928,2.905661822261152e-17
457,29.095847696133355,12.38802368008755,1.1023975890658197,0.9999999850988388,2.911383664729211,0.728401518897928,2.905661822261152e-17
458,29.095847540834676,12.388024063181609,1.1023975890658197,1.0,2.9113836796303723,0.728401518897928,2.905661822261152e-17
459,29.095847186354394,12.388025305120065,1.1023975890658197,1.0,2.911383664729211,0.7284015337990892,2.905661822261152e-17
460,29.09584670499884,12.388027104919598,1.1023975890658197,1.0,2.911383664729211,0.728401518897928,1.4901161222904274e-08
461,29.09584740842559,12.38802451160077,1.1023975890658197,1.0,2.911383664729211,0.728401518897928,2.905661822261152e-17
462,29.09584791581807,12.388022923031121,1.102397603966981,1.0,2.911383664729211,0.728401518897928,2.905661822261152e-17
463,29.095847696133355,12.38802368008755,1.1023975890658197,0.9999999850988388,2.911383664729211,0.728401518897928,2.905661822261152e-17
464,29.095847540834676,12.388024063181609,1.1023975890658197,1.0,2.9113836796303723,0.728401518897928,2.905661822261152e-17
465,29.095847186354394,12.388025305120065,1.1023975890658197,1.0,2.911383664729211,0.7284015337990892,2.905661822261152e-17
466,29.09584670499884,12.388027104919598,1.1023975890658197,1.0,2.911383664729211,0.728401518897928,1.4901161222904274e-08
467,29.30300592510655,13.135016251461117,1.1476750530829067,1.0,2.8034324745459758,0.7691059067784717,5.334274688628682e-17
468,29.30300592510655,13.135016251461117,1.1476750530829067,1.0,2.8034324745459758,0.7691059067784717,5.334274688628682e-17
469,29.092860091117277,12.448551061060991,1.1069253354675284,1.0,2.9005885457108875,0.7324719576859824,3.1485231088979046e-17
470,29.092860091117277,12.448551061060991,1.1069253354675284,1.0,2.9005885457108875,0.7324719576859824,3.1485231088979046e-17
471,29.092860595691928,12.448549481834448,1.1069253503686896,1.0,2.9005885457108875,0.7324719576859824,3.1485231088979046e-17
472,29.092860379181758,12.448550231799574,1.1069253354675284,0.9999999850988388,2.9005885457108875,0.7324719576859824,3.1485231088979046e-17
473,29.092860224003804,12.448550611283856,1.1069253354675284,1.0,2.9005885606120487,0.7324719576859824,3.1485231088979046e-17
474,29.092859869243043,12.448551852293683,1.1069253354675284,1.0,2.9005885457108875,0.7324719725871436,3.1485231088979046e-17
475,29.09285938731171,12.448553656929455,1.1069253354675284,1.0,2.9005885457108875,0.7324719576859824,1.4901161225332887e-08
476,29.092860091117277,12.448551061060991,1.1069253354675284,1.0,2.9005885457108875,0.7324719576859824,3.1485231088979046e-17
477,29.092860595691928,12.448549481834448,1.1069253503686896,1.0,2.9005885457108875,0.7324719576859824,3.1485231088979046e-17
478,29.092860379181758,12.448550231799574,1.1069253354675284,0.9999999850988388,2.9005885457108875,0.7324719576859824,3.1485231088979046e-17
479,29.092860224003804,12.448550611283856,1.1069253354675284,1.0,2.9005885606120487,0.7324719576859824,3.1485231088979046e-17
480,29.092859869243043,12.448551852293683,1.1069253354675284,1.0,2.9005885457108875,0.7324719725871436,3.1485231088979046e-17
481,29.09285938731171,12.448553656929455,1.1069253354675284,1.0,2.9005885457108875,0.7324719576859824,1.4901161225332887e-08
482,31.076375037987198,14.509925481031214,1.2180408271410523,1.0,2.8309793363245785,0.9495215752417324,3.1485231088979046e-17
483,31.076375037987198,14.509925481031214,1.2180408271410523,1.0,2.8309793363245785,0.9495215752417324,3.1485231088979046e-17
484,29.133712367295338,12.635879169927463,1.1180368846348807,1.0,2.8936276247722565,0.7541769194415574,3.1485231088979046e-17
485,29.133712367295338,12.635879169927463,1.1180368846348807,1.0,2.8936276247722565,0.7541769194415574,3.1485231088979046e-17
486,29.09193890733537,12.467075598184815,1.1080364903842637,1.0,2.8998924536170243,0.7346424538615399,3.1485231088979046e-17
487,29.09193890733537,12.467075598184815,1.1080364903842637,1.0,2.8998924536170243,0.7346424538615399,3.1485231088979046e-17
488,29.09193941125276,12.467074020961375,1.1080365052854249,1.0,2.8998924536170243,0.7346424538615399,3.1485231088979046e-17
489,29.091939195466594,12.467074769745548,1.1080364903842637,0.9999999850988388,2.8998924536170243,0.7346424538615399,3.1485231088979046e-17
490,29.091939040249038,12.467075148394976,1.1080364903842637,1.0,2.8998924685181855,0.7346424538615399,3.1485231088979046e-17
491,29.09193868552183,12.467076388708975,1.1080364903842637,1.0,2.8998924536170243,0.7346424687627011,3.1485231088979046e-17
492,29.09193820341831,12.467078194885325,1.1080364903842637,1.0,2.8998924536170243,0.7346424538615399,1.4901161225332887e-08
493,29.09193890733537,12.467075598184815,1.1080364903842637,1.0,2.8998924536170243,0.7346424538615399,3.1485231088979046e-17
494,29.09193941125276,12.467074020961375,1.1080365052854249,1.0,2.8998924536170243,0.7346424538615399,3.1485231088979046e-17
495,29.091939195466594,12.467074769745548,1.1080364903842637,0.9999999850988388,2.8998924536170243,0.7346424538615399,3.1485231088979046e-17
496,29.091939040249038,12.467075148394976,1.1080364903842637,1.0,2.8998924685181855,0.7346424538615399,3.1485231088979046e-17
497,29.09193868552183,12.467076388708975,1.1080364903842637,1.0,2.8998924536170243,0.7346424687627011,3.1485231088979046e-17
498,29.09193820341831,12.467078194885325,1.1080364903842637,1.0,2.8998924536170243,0.7346424538615399,1.4901161225332887e-08
499,39.272824298669626,16.835178956676117,1.356594770772032,1.0,3.0474288327632273,1.4042265741772728,0.0
500,39.272824298669626,16.835178956676117,1.356594770772032,1.0,3.0474288327632273,1.4042265741772728,0.0
501,29.303346869797736,12.938346065842685,1.1328923184230406,1.0,2.914646091531645,0.8016008658931132,2.833670798008114e-17
502,29.303346869797736,12.938346065842685,1.1328923184230406,1.0,2.914646091531645,0.8016008658931132,2.833670798008114e-17
503,29.089395189693363,12.514627863794791,1.1105220731881413,1.0,2.9013678174084863,0.7413382950646973,3.1170378778089256e-17
504,29.089395189693363,12.514627863794791,1.1105220731881413,1.0,2.9013678174084863,0.7413382950646973,3.1170378778089256e-17
505,29.08939569219127,12.514626290608637,1.1105220880893025,1.0,2.9013678174084863,0.7413382950646973,3.1170378778089256e-17
506,29.08939547793955,12.514627037617457,1.1105220731881413,0.9999999850988388,2.9013678174084863,0.7413382950646973,3.1170378778089256e-17
507,29.089395322526396,12.514627414477864,1.1105220731881413,1.0,2.9013678323096475,0.7413382950646973,3.1170378778089256e-17
508,29.08939496803651,12.51462865250201,1.1105220731881413,1.0,2.9013678174084863,0.7413383099658585,3.1170378778089256e-17
509,29.089394485503277,12.51463046266606,1.1105220731881413,1.0,2.9013678174084863,0.7413382950646973,1.4901161225018035e-08
510,29.089395189693363,12.514627863794791,1.1105220731881413,1.0,2.9013678174084863,0.7413382950646973,3.1170378778089256e-17
511,29.08939569219127,12.514626290608637,1.1105220880893025,1.0,2.9013678174084863,0.7413382950646973,3.1170378778089256e-17
512,29.08939547793955,12.514627037617457,1.1105220731881413,0.9999999850988388,2.9013678174084863,0.7413382950646973,3.1170378778089256e-17
513,29.089395322526396,12.514627414477864,1.1105220731881413,1.0,2.9013678323096475,0.7413382950646973,3.1170378778089256e-17
514,29.08939496803651,12.51462865250201,1.1105220731881413,1.0,2.9013678174084863,0.7413383099658585,3.1170378778089256e-17
515,29.089394485503277,12.51463046266606,1.1105220731881413,1.0,2.9013678174084863,0.7413382950646973,1.4901161225018035e-08
516,59.76360322468119,20.195865269854565,1.619275708145755,1.0,3.6246550194730567,2.36574366081362,3.1170378778089256e-17
517,59.76360322468119,20.195865269854565,1.619275708145755,1.0,3.6246550194730567,2.36574366081362,3.1170378778089256e-17
518,30.021988457654984,13.514337777627777,1.1613974366839026,1.0,2.973696537614943,0.9037788316395896,3.1170378778089256e-17
519,30.021988457654984,13.514337777627777,1.1613974366839026,1.0,2.973696537614943,0.9037788316395896,3.1170378778089256e-17
520,29.12424063276854,12.618718112515367,1.1156096095377175,1.0,2.908600689429132,0.7575823487221865,3.1170378778089256e-17
521,29.12424063276854,12.618718112515367,1.1156096095377175,1.0,2.908600689429132,0.7575823487221865,3.1170378778089256e-17
522,29.088831928945226,12.525080611774783,1.1110308268230988,1.0,2.902091104610551,0.7429627004304462,3.1170378778089256e-17
523,29.088831928945226,12.525080611774783,1.1110308268230988,1.0,2.902091104610551,0.7429627004304462,3.1170378778089256e-17
524,29.088832431160306,12.525079039351644,1.11103084172426,1.0,2.902091104610551,0.7429627004304462,3.1170378778089256e-17
525,29.08883221721053,12.525079786117171,1.1110308268230988,0.9999999850988388,2.902091104610551,0.7429627004304462,3.1170378778089256e-17
526,29.088832061742252,12.525080162623514,1.1110308268230988,1.0,2.902091119511712,0.7429627004304462,3.1170378778089256e-17
527,29.088831707323116,12.525081400079657,1.1110308268230988,1.0,2.902091104610551,0.7429627153316074,3.1170378778089256e-17
528,29.08883122469536,12.525083211136218,1.1110308268230988,1.0,2.902091104610551,0.7429627004304462,1.4901161225018035e-08
529,29.088831928945226,12.525080611774783,1.1110308268230988,1.0,2.902091104610551,0.7429627004304462,3.1170378778089256e-17
530,29.088832431160306,12.525079039351644,1.11103084172426,1.0,2.902091104610551,0.7429627004304462,3.1170378778089256e-17
531,29.08883221721053,12.525079786117171,1.1110308268230988,0.9999999850988388,2.902091104610551,0.7429627004304462,3.1170378778089256e-17
532,29.088832061742252,12.525080162623514,1.1110308268230988,1.0,2.902091119511712,0.7429627004304462,3.1170378778089256e-17
533,29.088831707323116,12.525081400079657,1.1110308268230988,1.0,2.902091104610551,0.7429627153316074,3.1170378778089256e-17
534,29.08883122469536,12.525083211136218,1.1110308268230988,1.0,2.902091104610551,0.7429627004304462,1.4901161225018035e-08
535,92.0373327998566,26.43427953230454,2.0063320917624656,0.9999999999999999,4.679132189857883,3.9073024078156298,0.0
536,92.0373327998566,26.43427953230454,2.0063320917624656,0.9999999999999999,4.679132189857883,3.9073024078156298,0.0
537,31.617053683830576,14.294623269865761,1.2005609533170356,1.0,3.079795213135284,1.0593966711689646,2.805334090028033e-17
538,31.617053683830576,14.294623269865761,1.2005609533170356,1.0,3.079795213135284,1.0593966711689646,2.805334090028033e-17
539,29.177803903564286,12.716843024362356,1.1199838394724926,1.0,2.9198615154630243,0.7746060975042981,3.0858674990308365e-17
540,29.177803903564286,12.716843024362356,1.1199838394724926,1.0,2.9198615154630243,0.7746060975042981,3.0858674990308365e-17
541,29.088820396313103,12.54442355788454,1.1119261280880381,1.0,2.903868145695798,0.7461270401378314,3.113920839931117e-17
542,29.088820396313103,12.54442355788454,1.1119261280880381,1.0,2.903868145695798,0.7461270401378314,3.113920839931117e-17
543,29.088300134661004,12.534807759341298,1.1114808376006955,1.0,2.902984309693476,0.7445532119465857,3.115471141902118e-17
544,29.088300134661004,12.534807759341298,1.1114808376006955,1.0,2.902984309693476,0.7445532119465857,3.115471141902118e-17
545,29.088300636630148,12.534806187556274,1.1114808525018567,1.0,2.902984309693476,0.7445532119465857,3.115471141902118e-17
546,29.088300422940456,12.534806934178294,1.1114808376006955,0.9999999850988388,2.902984309693476,0.7445532119465857,3.115471141902118e-17
547,29.088300267414446,12.534807310378179,1.1114808376006955,1.0,2.9029843245946374,0.7445532119465857,3.115471141902118e-17
548,29.088299913071296,12.534808547271197,1.1114808376006955,1.0,2.902984309693476,0.7445532268477469,3.115471141902118e-17
549,29.088299430356134,12.534810359162913,1.1114808376006955,1.0,2.902984309693476,0.7445532119465857,1.490116122500237e-08
550,29.088300134661004,12.534807759341298,1.1114808376006955,1.0,2.902984309693476,0.7445532119465857,3.115471141902118e-17
551,29.088300636630148,12.534806187556274,1.1114808525018567,1.0,2.902984309693476,0.7445532119465857,3.115471141902118e-17
552,29.088300422940456,12.534806934178294,1.1114808376006955,0.9999999850988388,2.902984309693476,0.7445532119465857,3.115471141902118e-17
553,29.088300267414446,12.534807310378179,1.1114808376006955,1.0,2.9029843245946374,0.7445532119465857,3.115471141902118e-17
554,29.088299913071296,12.534808547271197,1.1114808376006955,1.0,2.902984309693476,0.7445532268477469,3.115471141902118e-17
555,29.088299430356134,12.534810359162913,1.1114808376006955,1.0,2.902984309693476,0.7445532119465857,1.490116122500237e-08
556,109.98616186638641,32.2059000209458,2.2989950918320465,0.9999999999999999,5.733535433090035,5.228285666618047,3.115471141902118e-17
557,109.98616186638641,32.2059000209458,2.2989950918320465,0.9999999999999999,5.733535433090035,5.228285666618047,3.115471141902118e-17
558,33.426175300528975,14.890505452310936,1.2302322630238305,1.0,3.186039422033132,1.192926457413732,3.115471141902118e-17
559,33.426175300528975,14.890505452310936,1.2302322630238305,1.0,3.186039422033132,1.192926457413732,3.115471141902118e-17
560,29.221111338816797,12.796775067024338,1.123355980143009,1.0,2.9312898209274416,0.7893905364933004,3.115471141902118e-17
561,29.221111338816797,12.796775067024338,1.123355980143009,1.0,2.9312898209274416,0.7893905364933004,3.115471141902118e-17
562,29.093411960871634,12.561316508999877,1.1126683518549267,1.0,2.905814860816873,0.7490369444012572,3.115471141902118e-17
563,29.093411960871634,12.561316508999877,1.1126683518549267,1.0,2.905814860816873,0.7490369444012572,3.115471141902118e-17
564,29.088138335942844,12.537752484521025,1.111612596855611,1.0,2.9032983701821733,0.7450506992359912,3.115471141902118e-17
565,29.088138335942844,12.537752484521025,1.111612596855611,1.0,2.9032983701821733,0.7450506992359912,3.115471141902118e-17
566,29.088138837840884,12.537750912915218,1.1116126117567722,1.0,2.9032983701821733,0.7450506992359912,3.115471141902118e-17
567,29.088138624225884,12.537751659510043,1.111612596855611,0.9999999850988388,2.9032983701821733,0.7450506992359912,3.115471141902118e-17
568,29.0881384686811,12.537752035621585,1.111612596855611,1.0,2.9032983850833345,0.7450506992359912,3.115471141902118e-17
569,29.08813811436297,12.537753272337207,1.111612596855611,1.0,2.9032983701821733,0.7450507141371524,3.115471141902118e-17
570,29.088137631621414,12.537755084482916,1.111612596855611,1.0,2.9032983701821733,0.7450506992359912,1.490116122500237e-08
571,29.088138335942844,12.537752484521025,1.111612596855611,1.0,2.9032983701821733,0.7450506992359912,3.115471141902118e-17
572,29.088138837840884,12.537750912915218,1.1116126117567722,1.0,2.9032983701821733,0.7450506992359912,3.115471141902118e-17
573,29.088138624225884,12.537751659510043,1.111612596855611,0.9999999850988388,2.9032983701821733,0.7450506992359912,3.115471141902118e-17
574,29.0881384686811,12.537752035621585,1.111612596855611,1.0,2.9032983850833345,0.7450506992359912,3.115471141902118e-17
575,29.08813811436297,12.537753272337207,1.111612596855611,1.0,2.9032983701821733,0.7450507141371524,3.115471141902118e-17
576,29.088137631621414,12.537755084482916,1.111612596855611,1.0,2.9032983701821733,0.7450506992359912,1.490116122500237e-08
577,120.93601629661086,37.818342589879485,2.574157511616949,1.0,6.82053228503382,6.52871616168007,1.5854669458942404e-15
578,120.93601629661086,37.818342589879485,2.574157511616949,1.0,6.82053228503382,6.52871616168007,1.5854669458942404e-15
579,35.46585660667797,15.449430884695857,1.2578670883317447,1.0,3.295021761667338,1.3234172454803992,1.865859348665431e-16
580,35.46585660667797,15.449430884695857,1.2578670883317447,1.0,3.295021761667338,1.3234172454803992,1.865859348665431e-16
581,29.262140001804532,12.867611932233098,1.1262380460032244,1.0,2.94247070933069,0.802887353860432,4.669783376377337e-17
582,29.262140001804532,12.867611932233098,1.1262380460032244,1.0,2.94247070933069,0.802887353860432,4.669783376377337e-17
583,29.097715465799855,12.571217426372336,1.1130751417703724,1.0,2.9072156040970247,0.7508343646984353,3.27090236534964e-17
584,29.097715465799855,12.571217426372336,1.1130751417703724,1.0,2.9072156040970247,0.7508343646984353,3.27090236534964e-17
585,29.087953179858907,12.54110387306433,1.111758851347087,1.0,2.9036900935736583,0.7456290657822356,3.13101426424687e-17
586,29.087953179858907,12.54110387306433,1.111758851347087,1.0,2.9036900935736583,0.7456290657822356,3.13101426424687e-17
587,29.0879536816787,12.541102301651266,1.1117588662482483,1.0,2.9036900935736583,0.7456290657822356,3.13101426424687e-17
588,29.08795346814547,12.541103048228027,1.111758851347087,0.9999999850988388,2.9036900935736583,0.7456290657822356,3.13101426424687e-17
589,29.087953312578303,12.541103424242623,1.111758851347087,1.0,2.9036901084748195,0.7456290657822356,3.13101426424687e-17
590,29.087952958290224,12.541104660751017,1.111758851347087,1.0,2.9036900935736583,0.7456290806833968,3.13101426424687e-17
591,29.08795247551872,12.541106473186488,1.111758851347087,1.0,2.9036900935736583,0.7456290657822356,1.49011612251578e-08
592,29.087953179858907,12.54110387306433,1.111758851347087,1.0,2.9036900935736583,0.7456290657822356,3.13101426424687e-17
593,29.0879536816787,12.541102301651266,1.1117588662482483,1.0,2.9036900935736583,0.7456290657822356,3.13101426424687e-17
594,29.08795346814547,12.541103048228027,1.111758851347087,0.9999999850988388,2.9036900935736583,0.7456290657822356,3.13101426424687e-17
595,29.087953312578303,12.541103424242623,1.111758851347087,1.0,2.9036901084748195,0.7456290657822356,3.13101426424687e-17
596,29.087952958290224,12.541104660751017,1.111758851347087,1.0,2.9036900935736583,0.7456290806833968,3.13101426424687e-17
597,29.08795247551872,12.541106473186488,1.111758851347087,1.0,2.9036900935736583,0.7456290657822356,1.49011612251578e-08
598,123.53046593054917,40.6651434816941,2.707359147257635,1.0,7.545666019972964,7.27863163500377,3.6437705003001567e-16
599,123.53046593054917,40.6651434816941,2.707359147257635,1.0,7.545666019972964,7.27863163500377,3.6437705003001567e-16
600,36.61809804325608,15.758916988456576,1.271318880938142,1.0,3.3678876862135887,1.3989293227043893,6.461683338122341e-17
601,36.61809804325608,15.758916988456576,1.271318880938142,1.0,3.3678876862135887,1.3989293227043893,6.461683338122341e-17
602,29.290932991967892,12.907393499957164,1.1277148543061926,1.0,2.9501098528376515,0.810959091474451,3.4640811716344174e-17
603,29.290932991967892,12.907393499957164,1.1277148543061926,1.0,2.9501098528376515,0.810959091474451,3.4640811716344174e-17
604,29.101548253535782,12.578297886891043,1.1133544516429976,1.0,2.9083320695000574,0.7521620683514572,3.164320954985625e-17
605,29.101548253535782,12.578297886891043,1.1133544516429976,1.0,2.9083320695000574,0.7521620683514572,3.164320954985625e-17
606,29.088883658702862,12.544829062727741,1.111918411376678,1.0,2.9041542911662983,0.7462823660391578,3.134344933320746e-17
607,29.088883658702862,12.544829062727741,1.111918411376678,1.0,2.9041542911662983,0.7462823660391578,3.134344933320746e-17
608,29.087979179509542,12.54147645005306,1.1117748073500462,1.0,2.9037365133329223,0.7456943958079278,3.1313473311542574e-17
609,29.087979179509542,12.54147645005306,1.1117748073500462,1.0,2.9037365133329223,0.7456943958079278,3.1313473311542574e-17
610,29.08794860324388,12.541186567140066,1.1117623927605091,1.0,2.9037003963768684,0.7456435656936763,3.131088187999536e-17
611,29.08794860324388,12.541186567140066,1.1117623927605091,1.0,2.9037003963768684,0.7456435656936763,3.131088187999536e-17
612,29.08794910506179,12.541184995731536,1.1117624076616703,1.0,2.9037003963768684,0.7456435656936763,3.131088187999536e-17
613,29.08794889153052,12.541185742308086,1.1117623927605091,0.9999999850988388,2.9037003963768684,0.7456435656936763,3.131088187999536e-17
614,29.087948735962794,12.541186118320363,1.1117623927605091,1.0,2.9037004112780296,0.7456435656936763,3.131088187999536e-17
615,29.08794838167546,12.541187354823574,1.1117623927605091,1.0,2.9037003963768684,0.7456435805948375,3.131088187999536e-17
616,29.08794789890323,12.541189167266186,1.1117623927605091,1.0,2.9037003963768684,0.7456435656936763,1.4901161225158537e-08
617,29.08794860324388,12.541186567140066,1.1117623927605091,1.0,2.9037003963768684,0.7456435656936763,3.131088187999536e-17
618,29.08794910506179,12.541184995731536,1.1117624076616703,1.0,2.9037003963768684,0.7456435656936763,3.131088187999536e-17
619,29.08794889153052,12.541185742308086,1.1117623927605091,0.9999999850988388,2.9037003963768684,0.7456435656936763,3.131088187999536e-17
620,29.087948735962794,12.541186118320363,1.1117623927605091,1.0,2.9037004112780296,0.7456435656936763,3.131088187999536e-17
621,29.08794838167546,12.541187354823574,1.1117623927605091,1.0,2.9037003963768684,0.7456435805948375,3.131088187999536e-17
622,29.08794789890323,12.541189167266186,1.1117623927605091,1.0,2.9037003963768684,0.7456435656936763,1.4901161225158537e-08
623,100.24409119461795,29.57911007423472,2.1258165422061266,1.0,6.018043833877563,4.997114704579704,0.0
624,100.24409119461795,29.57911007423472,2.1258165422061266,1.0,6.018043833877563,4.997114704579704,0.0
625,32.79252017402325,14.720638026247931,1.213167807705071,1.0,3.215134740126938,1.1707906795822791,2.8179793691995825e-17
626,32.79252017402325,14.720638026247931,1.213167807705071,1.0,3.215134740126938,1.1707906795822791,2.8179793691995825e-17
627,29.210011579125773,12.778599674087504,1.1219029342549653,1.0,2.934843830751875,0.7881582770825366,3.0997773061195406e-17
628,29.210011579125773,12.778599674087504,1.1219029342549653,1.0,2.934843830751875,0.7881582770825366,3.0997773061195406e-17
629,29.09435663351893,12.565155137277632,1.1127764469099548,1.0,2.906814739814369,0.7498950368325623,3.1279570998115366e-17
630,29.09435663351893,12.565155137277632,1.1127764469099548,1.0,2.906814739814369,0.7498950368325623,3.1279570998115366e-17
631,29.08854563869377,12.543585732266424,1.1118637981754538,1.0,2.9040118307206186,0.7460687128075649,3.1307750791807364e-17
632,29.08854563869377,12.543585732266424,1.1118637981754538,1.0,2.9040118307206186,0.7460687128075649,3.1307750791807364e-17
633,29.087965439683522,12.541426506769593,1.1117725333020037,1.0,2.9037315398112433,0.7456860804050651,3.1310568771176564e-17
634,29.087965439683522,12.541426506769593,1.1117725333020037,1.0,2.9037315398112433,0.7456860804050651,3.1310568771176564e-17
635,29.08794565847418,12.541239770570758,1.1117646412723634,1.0,2.9037073019628683,0.7456529926885357,3.131081245284582e-17
636,29.08794565847418,12.541239770570758,1.1117646412723634,1.0,2.9037073019628683,0.7456529926885357,3.131081245284582e-17
637,29.087946160290922,12.54123819916509,1.1117646561735246,1.0,2.9037073019628683,0.7456529926885357,3.131081245284582e-17
638,29.087945946760875,12.541238945741645,1.1117646412723634,0.9999999850988388,2.9037073019628683,0.7456529926885357,3.131081245284582e-17
639,29.08794579119278,12.541239321752457,1.1117646412723634,1.0,2.9037073168640295,0.7456529926885357,3.131081245284582e-17
640,29.08794543690596,12.541240558252225,1.1117646412723634,1.0,2.9037073019628683,0.7456530075896969,3.131081245284582e-17
641,29.087944954133256,12.541242370699468,1.1117646412723634,1.0,2.9037073019628683,0.7456529926885357,1.4901161225158467e-08
642,29.08794565847418,12.541239770570758,1.1117646412723634,1.0,2.9037073019628683,0.7456529926885357,3.131081245284582e-17
643,29.087946160290922,12.54123819916509,1.1117646561735246,1.0,2.9037073019628683,0.7456529926885357,3.131081245284582e-17
644,29.087945946760875,12.541238945741645,1.1117646412723634,0.9999999850988388,2.9037073019628683,0.7456529926885357,3.131081245284582e-17
645,29.08794579119278,12.541239321752457,1.1117646412723634,1.0,2.9037073168640295,0.7456529926885357,3.131081245284582e-17
646,29.08794543690596,12.541240558252225,1.1117646412723634,1.0,2.9037073019628683,0.7456530075896969,3.131081245284582e-17
647,29.087944954133256,12.541242370699468,1.1117646412723634,1.0,2.9037073019628683,0.7456529926885357,1.4901161225158467e-08
648,53.05286176637046,19.358107766619938,1.4825651587513817,0.9999999999999999,4.062886339280321,2.3123254269082927,2.0297122567781276e-15
649,53.05286176637046,19.358107766619938,1.4825651587513817,0.9999999999999999,4.062886339280321,2.3123254269082927,2.0297122567781276e-15
650,29.83286941420276,13.388877446248069,1.1488446930202652,1.0,3.019625205694614,0.9023202361105114,2.31150956885374e-16
651,29.83286941420276,13.388877446248069,1.1488446930202652,1.0,3.019625205694614,0.9023202361105114,2.31150956885374e-16
652,29.129122835633716,12.62888083451698,1.1154726464471536,1.0,2.915299092336043,0.7613197170307333,5.129482689609864e-17
653,29.129122835633716,12.62888083451698,1.1154726464471536,1.0,2.915299092336043,0.7613197170307333,5.129482689609864e-17
654,29.09028107265163,12.550034336138932,1.1121354417898424,1.0,2.9048664810001856,0.7472196651227554,3.3309213897171104e-17
655,29.09028107265163,12.550034336138932,1.1121354417898424,1.0,2.9048664810001856,0.7472196651227554,3.3309213897171104e-17
656,29.08815205290428,12.542119533457788,1.1118017213241114,1.0,2.9038232198666,0.7458096599319577,3.151065259727835e-17
657,29.08815205290428,12.542119533457788,1.1118017213241114,1.0,2.9038232198666,0.7458096599319577,3.151065259727835e-17
658,29.08794082207754,12.541327749924546,1.111768349277538,1.0,2.9037188937532417,0.7456686594128779,3.1330796467289074e-17
659,29.08794082207754,12.541327749924546,1.111768349277538,1.0,2.9037188937532417,0.7456686594128779,3.1330796467289074e-17
660,29.08794132389231,12.54132617852351,1.1117683641786993,1.0,2.9037188937532417,0.7456686594128779,3.1330796467289074e-17
661,29.087941110364294,12.541326925100044,1.111768349277538,0.9999999850988388,2.9037188937532417,0.7456686594128779,3.1330796467289074e-17
662,29.08794095479556,12.541327301108426,1.111768349277538,1.0,2.903718908654403,0.7456686594128779,3.1330796467289074e-17
663,29.087940600509597,12.541328537602586,1.111768349277538,1.0,2.9037188937532417,0.745668674314039,3.1330796467289074e-17
664,29.08794011773612,12.541330350057475,1.111768349277538,1.0,2.9037188937532417,0.7456686594128779,1.4901161225178452e-08
665,29.08794082207754,12.541327749924546,1.111768349277538,1.0,2.9037188937532417,0.7456686594128779,3.1330796467289074e-17
666,29.08794132389231,12.54132617852351,1.1117683641786993,1.0,2.9037188937532417,0.7456686594128779,3.1330796467289074e-17
667,29.087941110364294,12.541326925100044,1.111768349277538,0.9999999850988388,2.9037188937532417,0.7456686594128779,3.1330796467289074e-17
668,29.08794095479556,12.541327301108426,1.111768349277538,1.0,2.903718908654403,0.7456686594128779,3.1330796467289074e-17
669,29.087940600509597,12.541328537602586,1.111768349277538,1.0,2.9037188937532417,0.745668674314039,3.1330796467289074e-17
670,29.08794011773612,12.541330350057475,1.111768349277538,1.0,2.9037188937532417,0.7456686594128779,1.4901161225178452e-08
671,nan,46.52939998026536,2.9999999999998623,0.9999999999999996,9.030978584305728,8.861830942756145,1.0356404925481245e-14
672,nan,46.52939998026536,2.9999999999998623,0.9999999999999996,9.030978584305728,8.861830942756145,1.0356404925481245e-14
673,39.11958342395877,16.42429456775852,1.3005915143497706,1.0,3.5164448628084903,1.5572848877472045,1.0638382093686847e-15
674,39.11958342395877,16.42429456775852,1.3005915143497706,1.0,3.5164448628084903,1.5572848877472045,1.0638382093686847e-15
675,29.35856943094138,12.986360872651115,1.1306506657847613,1.0,2.9649914906587664,0.8268302822463105,1.3458153775742866e-16
676,29.35856943094138,12.986360872651115,1.1306506657847613,1.0,2.9649914906587664,0.8268302822463105,1.3458153775742866e-16
677,29.105962203584678,12.586589195379942,1.1136565809282604,1.0,2.909846153443794,0.7537848216962211,4.1655870596303033e-17
678,29.105962203584678,12.586589195379942,1.1136565809282604,1.0,2.909846153443794,0.7537848216962211,4.1655870596303033e-17
679,29.08915000014307,12.54586170019813,1.1119571724426103,1.0,2.904331619722297,0.7464802756412122,3.236330388019047e-17
680,29.08915000014307,12.54586170019813,1.1119571724426103,1.0,2.904331619722297,0.7464802756412122,3.236330388019047e-17
681,29.08806010098257,12.541781223236962,1.1117872315940454,1.0,2.9037801663501472,0.7457498210357113,3.143404720857921e-17
682,29.08806010098257,12.541781223236962,1.1117872315940454,1.0,2.9037801663501472,0.7457498210357113,3.143404720857921e-17
683,29.08795105323761,12.541373098038811,1.111770237509189,1.0,2.9037250210129324,0.7456767755751612,3.134112154141809e-17
684,29.08795105323761,12.541373098038811,1.111770237509189,1.0,2.9037250210129324,0.7456767755751612,3.134112154141809e-17
685,29.087940570143488,12.541332284743783,1.1117685381007032,1.0,2.9037195064792107,0.7456694710291062,3.1331828974701975e-17
686,29.087940570143488,12.541332284743783,1.1117685381007032,1.0,2.9037195064792107,0.7456694710291062,3.1331828974701975e-17
687,29.087941071958156,12.541330713343001,1.1117685530018644,1.0,2.9037195064792107,0.7456694710291062,3.1331828974701975e-17
688,29.08794085843025,12.54133145991955,1.1117685381007032,0.9999999850988388,2.9037195064792107,0.7456694710291062,3.1331828974701975e-17
689,29.08794070286148,12.541331835927819,1.1117685381007032,1.0,2.903719521380372,0.7456694710291062,3.1331828974701975e-17
690,29.087940348575575,12.541333072421654,1.1117685381007032,1.0,2.9037195064792107,0.7456694859302674,3.1331828974701975e-17
691,29.087939865802028,12.541334884876926,1.1117685381007032,1.0,2.9037195064792107,0.7456694710291062,1.4901161225179484e-08
692,29.087940570143488,12.541332284743783,1.1117685381007032,1.0,2.9037195064792107,0.7456694710291062,3.1331828974701975e-17
693,29.087941071958156,12.541330713343001,1.1117685530018644,1.0,2.9037195064792107,0.7456694710291062,3.1331828974701975e-17
694,29.08794085843025,12.54133145991955,1.1117685381007032,0.9999999850988388,2.9037195064792107,0.7456694710291062,3.1331828974701975e-17
695,29.08794070286148,12.541331835927819,1.1117685381007032,1.0,2.903719521380372,0.7456694710291062,3.1331828974701975e-17
696,29.087940348575575,12.541333072421654,1.1117685381007032,1.0,2.9037195064792107,0.7456694859302674,3.1331828974701975e-17
697,29.087939865802028,12.541334884876926,1.1117685381007032,1.0,2.9037195064792107,0.7456694710291062,1.4901161225179484e-08
698,30.97431891823937,14.00846112383865,1.1811220032873588,1.0,3.095675211649887,1.0232137616650046,5.239932961521152e-16
699,30.97431891823937,14.00846112383865,1.1811220032873588,1.0,3.095675211649887,1.0232137616650046,5.239932961521152e-16
700,29.168613899764654,12.697715384324972,1.1187038846193686,1.0,2.9229150769962784,0.773423900092696,8.05979756924433e-17
701,29.168613899764654,12.697715384324972,1.1187038846193686,1.0,2.9229150769962784,0.773423900092696,8.05979756924433e-17
702,29.092316375747586,12.557077820198456,1.1124620727525698,1.0,2.9056390635309173,0.7484449139354652,3.6258443646476107e-17
703,29.092316375747586,12.557077820198456,1.1124620727525698,1.0,2.9056390635309173,0.7484449139354652,3.6258443646476107e-17
704,29.088378449665885,12.542907921701527,1.1118378915658897,1.0,2.9039114621843813,0.7459470153197421,3.1824490441879386e-17
705,29.088378449665885,12.542907921701527,1.1118378915658897,1.0,2.9039114621843813,0.7459470153197421,3.1824490441879386e-17
706,29.087983984855775,12.541489859284901,1.1117754734472218,1.0,2.903738702049728,0.7456972254581697,3.138109512141972e-17
707,29.087983984855775,12.541489859284901,1.1117754734472218,1.0,2.903738702049728,0.7456972254581697,3.138109512141972e-17
708,29.087944531649786,12.54134804230636,1.1117692316353551,1.0,2.9037214260362623,0.7456722464720126,3.133675558937375e-17
709,29.087944531649786,12.54134804230636,1.1117692316353551,1.0,2.9037214260362623,0.7456722464720126,3.133675558937375e-17
710,29.087940586261922,12.54133386050115,1.1117686074541684,1.0,2.903719698434916,0.7456697485733969,3.1332321636169153e-17
711,29.087940586261922,12.54133386050115,1.1117686074541684,1.0,2.903719698434916,0.7456697485733969,3.1332321636169153e-17
712,29.087940532975576,12.541333002239668,1.1117685696796924,1.0,2.9037195938831655,0.7456695974044522,3.1332053300207605e-17
713,29.087940532975576,12.541333002239668,1.1117685696796924,1.0,2.9037195938831655,0.7456695974044522,3.1332053300207605e-17
714,29.08794103479022,12.541331430838923,1.1117685845808536,1.0,2.9037195938831655,0.7456695974044522,3.1332053300207605e-17
715,29.087940821262357,12.541332177415487,1.1117685696796924,0.9999999850988388,2.9037195938831655,0.7456695974044522,3.1332053300207605e-17
716,29.08794066569357,12.541332553423723,1.1117685696796924,1.0,2.9037196087843267,0.7456695974044522,3.1332053300207605e-17
717,29.087940311407674,12.541333789917527,1.1117685696796924,1.0,2.9037195938831655,0.7456696123056133,3.1332053300207605e-17
718,29.087939828634124,12.541335602372882,1.1117685696796924,1.0,2.9037195938831655,0.7456695974044522,1.490116122517971e-08
719,29.087940532975576,12.541333002239668,1.1117685696796924,1.0,2.9037195938831655,0.7456695974044522,3.1332053300207605e-17
720,29.08794103479022,12.541331430838923,1.1117685845808536,1.0,2.9037195938831655,0.7456695974044522,3.1332053300207605e-17
721,29.087940821262357,12.541332177415487,1.1117685696796924,0.9999999850988388,2.9037195938831655,0.7456695974044522,3.1332053300207605e-17
722,29.08794066569357,12.541332553423723,1.1117685696796924,1.0,2.9037196087843267,0.7456695974044522,3.1332053300207605e-17
723,29.087940311407674,12.541333789917527,1.1117685696796924,1.0,2.9037195938831655,0.7456696123056133,3.1332053300207605e-17
724,29.087939828634124,12.541335602372882,1.1117685696796924,1.0,2.9037195938831655,0.7456695974044522,1.490116122517971e-08
725,29.92098877430049,13.419645658868298,1.1591490197905614,1.0,2.953819198646038,0.8859170104029098,9.160410260483792e-16
726,29.92098877430049,13.419645658868298,1.1591490197905614,1.0,2.953819198646038,0.8859170104029098,9.160410260483792e-16
727,29.134003586193515,12.631824539173067,1.1165066146907794,1.0,2.9087295543594527,0.7596943387042979,1.1980295057502478e-16
728,29.134003586193515,12.631824539173067,1.1165066146907794,1.0,2.9087295543594527,0.7596943387042979,1.1980295057502478e-16
729,29.090667593642785,12.550410113282561,1.1122423741808012,1.0,2.904220589930794,0.7470720715344368,4.0179143027689324e-17
730,29.090667593642785,12.550410113282561,1.1122423741808012,1.0,2.904220589930794,0.7470720715344368,4.0179143027689324e-17
731,29.08821328890314,12.5422409942956,1.1118159501298033,1.0,2.9037696934879285,0.7458098448174506,3.221676227295578e-17
732,29.08821328890314,12.5422409942956,1.1118159501298033,1.0,2.9037696934879285,0.7458098448174506,3.221676227295578e-17
733,29.087967643802347,12.541423804256171,1.1117733077247034,1.0,2.9037246038436417,0.745683622145752,3.142052419748242e-17
734,29.087967643802347,12.541423804256171,1.1117733077247034,1.0,2.9037246038436417,0.745683622145752,3.142052419748242e-17
735,29.087943077145447,12.541342082469424,1.1117690434841936,1.0,2.9037200948792132,0.7456709998785821,3.1340900389935085e-17
736,29.087943077145447,12.541342082469424,1.1117690434841936,1.0,2.9037200948792132,0.7456709998785821,3.1340900389935085e-17
737,29.08794062045827,12.541333910262962,1.1117686170601424,1.0,2.9037196439827704,0.7456697376518652,3.133293800918035e-17
738,29.08794062045827,12.541333910262962,1.1117686170601424,1.0,2.9037196439827704,0.7456697376518652,3.133293800918035e-17
739,29.08794052452819,12.541333178352994,1.1117685788692453,1.0,2.903719603600105,0.7456696246057771,3.1332224891652835e-17
740,29.08794052452819,12.541333178352994,1.1117685788692453,1.0,2.903719603600105,0.7456696246057771,3.1332224891652835e-17
741,29.08794102634284,12.541331606952271,1.1117685937704065,1.0,2.903719603600105,0.7456696246057771,3.1332224891652835e-17
742,29.087940812814956,12.541332353528786,1.1117685788692453,0.9999999850988388,2.903719603600105,0.7456696246057771,3.1332224891652835e-17
743,29.087940657246186,12.541332729537032,1.1117685788692453,1.0,2.9037196185012664,0.7456696246057771,3.1332224891652835e-17
744,29.08794030296028,12.541333966030802,1.1117685788692453,1.0,2.903719603600105,0.7456696395069383,3.1332224891652835e-17
745,29.087939841106646,12.541335778486188,1.1117685788692453,1.0,2.903719603600105,0.7456696246057771,1.490116122517988e-08
746,29.08794052452819,12.541333178352994,1.1117685788692453,1.0,2.903719603600105,0.7456696246057771,3.1332224891652835e-17
747,29.08794102634284,12.541331606952271,1.1117685937704065,1.0,2.903719603600105,0.7456696246057771,3.1332224891652835e-17
748,29.087940812814956,12.541332353528786,1.1117685788692453,0.9999999850988388,2.903719603600105,0.7456696246057771,3.1332224891652835e-17
749,29.087940657246186,12.541332729537032,1.1117685788692453,1.0,2.9037196185012664,0.7456696246057771,3.1332224891652835e-17
750,29.08794030296028,12.541333966030802,1.1117685788692453,1.0,2.903719603600105,0.7456696395069383,3.1332224891652835e-17
751,29.087939841106646,12.541335778486188,1.1117685788692453,1.0,2.903719603600105,0.7456696246057771,1.490116122517988e-08
752,40.88294869442976,16.799298999453185,1.3654179039924343,1.0,3.2047057503231886,1.5184626428169339,0.0
753,40.88294869442976,16.799298999453185,1.3654179039924343,1.0,3.2047057503231886,1.5184626428169339,0.0
754,29.410309401203243,13.034925034125006,1.1371335113815642,1.0,2.9338182182724135,0.8229489264268928,2.819900240248755e-17
755,29.410309401203243,13.034925034125006,1.1371335113815642,1.0,2.9338182182724135,0.8229489264268928,2.819900240248755e-17
756,29.109647461140437,12.591589074507215,1.1143050721204772,1.0,2.906729465067336,0.7533975547878887,3.1018902642736304e-17
757,29.109647461140437,12.591589074507215,1.1143050721204772,1.0,2.906729465067336,0.7533975547878887,3.1018902642736304e-17
758,29.08939068666247,12.54636798709373,1.1120222281943686,1.0,2.9040205897468283,0.7464424176239883,3.130089266676118e-17
759,29.08939068666247,12.54636798709373,1.1120222281943686,1.0,2.9040205897468283,0.7464424176239883,3.130089266676118e-17
760,29.088085492137523,12.541836751673245,1.1117939438017577,1.0,2.9037497022147774,0.7457469039075982,3.132909166916367e-17
761,29.088085492137523,12.541836751673245,1.1117939438017577,1.0,2.9037497022147774,0.7457469039075982,3.132909166916367e-17
762,29.08795491023623,12.541383536609727,1.1117711153624965,1.0,2.9037226134615723,0.7456773525359592,3.1331911569403916e-17
763,29.08795491023623,12.541383536609727,1.1117711153624965,1.0,2.9037226134615723,0.7456773525359592,3.1331911569403916e-17
764,29.087941851421533,12.541338214187927,1.1117688325185704,1.0,2.903719904586252,0.7456703973987954,3.1332193559427945e-17
765,29.087941851421533,12.541338214187927,1.1117688325185704,1.0,2.903719904586252,0.7456703973987954,3.1332193559427945e-17
766,29.087940545533826,12.541333681936578,1.111768604234178,1.0,2.90371963369872,0.745669701885079,3.133222175843035e-17
767,29.087940545533826,12.541333681936578,1.111768604234178,1.0,2.90371963369872,0.745669701885079,3.133222175843035e-17
768,29.087940516777916,12.541333323932841,1.111768586201938,1.0,2.9037196123012476,0.7456696469462808,3.1332223985876426e-17
769,29.087940516777916,12.541333323932841,1.111768586201938,1.0,2.9037196123012476,0.7456696469462808,3.1332223985876426e-17
770,29.08794101859255,12.541331752532143,1.1117686011030992,1.0,2.9037196123012476,0.7456696469462808,3.1332223985876426e-17
771,29.087940805064676,12.541332499108664,1.111768586201938,0.9999999850988388,2.9037196123012476,0.7456696469462808,3.1332223985876426e-17
772,29.087940649495913,12.54133287511689,1.111768586201938,1.0,2.903719627202409,0.7456696469462808,3.1332223985876426e-17
773,29.087940295210004,12.541334111610663,1.111768586201938,1.0,2.9037196123012476,0.745669661847442,3.1332223985876426e-17
774,29.087939883052915,12.541335924066024,1.111768586201938,1.0,2.9037196123012476,0.7456696469462808,1.490116122517988e-08
775,29.087940516777916,12.541333323932841,1.111768586201938,1.0,2.9037196123012476,0.7456696469462808,3.1332223985876426e-17
776,29.08794101859255,12.541331752532143,1.1117686011030992,1.0,2.9037196123012476,0.7456696469462808,3.1332223985876426e-17
777,29.087940805064676,12.541332499108664,1.111768586201938,0.9999999850988388,2.9037196123012476,0.7456696469462808,3.1332223985876426e-17
778,29.087940649495913,12.54133287511689,1.111768586201938,1.0,2.903719627202409,0.7456696469462808,3.1332223985876426e-17
779,29.087940295210004,12.541334111610663,1.111768586201938,1.0,2.9037196123012476,0.745669661847442,3.1332223985876426e-17
780,29.087939883052915,12.541335924066024,1.111768586201938,1.0,2.9037196123012476,0.7456696469462808,1.490116122517988e-08
781,29.752579471618034,13.322821493824907,1.1561470521740436,0.9999999999836644,2.9191183946918104,0.8578559488451385,9.568841894906362e-15
782,29.752579471618034,13.322821493824907,1.1561470521740436,0.9999999999836644,2.9191183946918104,0.8578559488451385,9.568841894906362e-15
783,29.127806573806183,12.61992893649378,1.1162064327991486,0.9999999999983664,2.905259490540304,0.7568882771361666,9.85083191077925e-16
784,29.127806573806183,12.61992893649378,1.1162064327991486,0.9999999999983664,2.905259490540304,0.7568882771361666,9.85083191077925e-16
785,29.090388913629234,12.549197372838062,1.112212370861659,0.9999999999998367,2.903873600125153,0.7467915099652693,1.267073206950813e-16
786,29.090388913629234,12.549197372838062,1.112212370861659,0.9999999999998367,2.903873600125153,0.7467915099652693,1.267073206950813e-16
787,29.088185476058676,12.542119773695479,1.11181296466791,0.9999999999999837,2.903735011083638,0.7457818332481797,4.0869733656796914e-17
788,29.088185476058676,12.542119773695479,1.11181296466791,0.9999999999999837,2.903735011083638,0.7457818332481797,4.0869733656796914e-17
789,29.087964947615074,12.541411969357776,1.1117730240485353,0.9999999999999983,2.903721152179487,0.7456808655764707,3.228597495296848e-17
790,29.087964947615074,12.541411969357776,1.1117730240485353,0.9999999999999983,2.903721152179487,0.7456808655764707,3.228597495296848e-17
791,29.08794289292341,12.541341188479842,1.1117690299865977,0.9999999999999999,2.9037197662890715,0.7456707688092998,3.142759908258563e-17
792,29.08794289292341,12.541341188479842,1.1117690299865977,0.9999999999999999,2.9037197662890715,0.7456707688092998,3.142759908258563e-17
793,29.087940687435776,12.5413341103876,1.111768630580404,1.0,2.90371962770003,0.7456697591325827,3.1341761495547346e-17
794,29.087940687435776,12.5413341103876,1.111768630580404,1.0,2.90371962770003,0.7456697591325827,3.1341761495547346e-17
795,29.08794051289359,12.541333407699137,1.1117685909287442,1.0,2.903719613941391,0.7456696588953847,3.1333239838015417e-17
796,29.08794051289359,12.541333407699137,1.1117685909287442,1.0,2.903719613941391,0.7456696588953847,3.1333239838015417e-17
797,29.087941014708242,12.541331836298413,1.1117686058299054,1.0,2.903719613941391,0.7456696588953847,3.1333239838015417e-17
798,29.087940801180363,12.541332582874935,1.1117685909287442,0.9999999850988388,2.903719613941391,0.7456696588953847,3.1333239838015417e-17
799,29.08794064561158,12.541332958883174,1.1117685909287442,1.0,2.9037196288425524,0.7456696588953847,3.1333239838015417e-17
800,29.087940312960164,12.541334195376958,1.1117685909287442,1.0,2.903719613941391,0.7456696737965459,3.1333239838015417e-17
801,29.087939909153963,12.541336007832326,1.1117685909287442,1.0,2.903719613941391,0.7456696588953847,1.4901161225180897e-08
802,29.08794051289359,12.541333407699137,1.1117685909287442,1.0,2.903719613941391,0.7456696588953847,3.1333239838015417e-17
803,29.087941014708242,12.541331836298413,1.1117686058299054,1.0,2.903719613941391,0.7456696588953847,3.1333239838015417e-17
804,29.087940801180363,12.541332582874935,1.1117685909287442,0.9999999850988388,2.903719613941391,0.7456696588953847,3.1333239838015417e-17
805,29.08794064561158,12.541332958883174,1.1117685909287442,1.0,2.9037196288425524,0.7456696588953847,3.1333239838015417e-17
806,29.087940312960164,12.541334195376958,1.1117685909287442,1.0,2.903719613941391,0.7456696737965459,3.1333239838015417e-17
807,29.087939909153963,12.541336007832326,1.1117685909287442,1.0,2.903719613941391,0.7456696588953847,1.4901161225180897e-08
808,100.0,100.0,1.869418116480115,1.0,0.0,0.74566889330138,3.225107899942597e-07
809,100.0,100.0,1.869418116480115,1.0,0.0,0.74566889330138,3.225107899942597e-07
810,29.4969261616634,14.133335957437767,1.1875335434838814,1.0,2.613347652547252,0.7456695823359842,3.2251079027625884e-08
811,29.4969261616634,14.133335957437767,1.1875335434838814,1.0,2.613347652547252,0.7456695823359842,3.2251079027625884e-08
812,29.12835490307957,12.625258719667723,1.119345086184258,1.0,2.8746824178019774,0.7456696512394447,3.2251079309625044e-09
813,29.12835490307957,12.625258719667723,1.119345086184258,1.0,2.8746824178019774,0.7456696512394447,3.2251079309625044e-09
814,29.090928035146813,12.548977341332712,1.1125262404542957,1.0,2.90081589432745,0.7456696581297907,3.225108212961663e-10
815,29.090928035146813,12.548977341332712,1.1125262404542957,1.0,2.90081589432745,0.7456696581297907,3.225108212961663e-10
816,29.088240845963504,12.542090320295987,1.1118443558812994,1.0,2.903429241979997,0.7456696588188253,3.225111032953249e-11
817,29.088240845963504,12.542090320295987,1.1118443558812994,1.0,2.903429241979997,0.7456696588188253,3.225111032953249e-11
818,29.087970522432077,12.541409024156483,1.1117761674239999,1.0,2.9036905767452517,0.7456696588877287,3.225139232869103e-12
819,29.087970522432077,12.541409024156483,1.1117761674239999,1.0,2.9036905767452517,0.7456696588877287,3.225139232869103e-12
820,29.087943474039406,12.541340968596867,1.1117693485782698,1.0,2.903716710221777,0.7456696588946191,3.225421232027645e-13
821,29.087943474039406,12.541340968596867,1.1117693485782698,1.0,2.903716710221777,0.7456696588946191,3.225421232027645e-13
822,29.087940769039744,12.541334163781444,1.1117686666936968,1.0,2.9037193235694296,0.7456696588953081,3.2282412236130666e-14
823,29.087940769039744,12.541334163781444,1.1117686666936968,1.0,2.9037193235694296,0.7456696588953081,3.2282412236130666e-14
824,29.08794050941985,12.541333483307277,1.1117685985052395,1.0,2.903719584904195,0.7456696588953771,3.256441139467281e-15
825,29.08794050941985,12.541333483307277,1.1117685985052395,1.0,2.903719584904195,0.7456696588953771,3.256441139467281e-15
826,29.087941011234484,12.541331911906607,1.1117686134064007,1.0,2.903719584904195,0.7456696588953771,3.256441139467281e-15
827,29.08794079770663,12.541332658483089,1.1117685985052395,0.9999999850988388,2.903719584904195,0.7456696588953771,3.256441139467281e-15
828,29.08794064213785,12.541333034491325,1.1117685985052395,1.0,2.903719599805356,0.7456696588953771,3.256441139467281e-15
829,29.087940343015912,12.541334270985063,1.1117685985052395,1.0,2.903719584904195,0.7456696737965383,3.256441139467281e-15
830,29.087939939209704,12.541336083440513,1.1117685985052395,1.0,2.903719584904195,0.7456696588953771,1.4901164450288794e-08
831,29.08794050941985,12.541333483307277,1.1117685985052395,1.0,2.903719584904195,0.7456696588953771,3.256441139467281e-15
832,29.087941011234484,12.541331911906607,1.1117686134064007,1.0,2.903719584904195,0.7456696588953771,3.256441139467281e-15
833,29.08794079770663,12.541332658483089,1.1117685985052395,0.9999999850988388,2.903719584904195,0.7456696588953771,3.256441139467281e-15
834,29.08794064213785,12.541333034491325,1.1117685985052395,1.0,2.903719599805356,0.7456696588953771,3.256441139467281e-15
835,29.087940343015912,12.541334270985063,1.1117685985052395,1.0,2.903719584904195,0.7456696737965383,3.256441139467281e-15
836,29.087939939209704,12.541336083440513,1.1117685985052395,1.0,2.903719584904195,0.7456696588953771,1.4901164450288794e-08
837,100.0,100.0,1.8694189286953389,1.0,0.0,0.7456687317480315,3.225111603146107e-07
838,100.0,100.0,1.8694189286953389,1.0,0.0,0.7456687317480315,3.225111603146107e-07
839,29.496930174519715,14.133327739957577,1.1875336315242495,1.0,2.6133476264137756,0.7456695661806425,3.22511189622581e-08
840,29.496930174519715,14.133327739957577,1.1875336315242495,1.0,2.6133476264137756,0.7456695661806425,3.22511189622581e-08
841,29.128355296820423,12.625257878674173,1.1193451018071405,1.0,2.874682389055153,0.7456696496239036,3.2251148270228356e-09
842,29.128355296820423,12.625257878674173,1.1193451018071405,1.0,2.874682389055153,0.7456696496239036,3.2251148270228356e-09
843,29.09092809051479,12.54897732443001,1.1125262488354295,1.0,2.900815865319291,0.7456696579682297,3.225144134993091e-10
844,29.09092809051479,12.54897732443001,1.1125262488354295,1.0,2.900815865319291,0.7456696579682297,3.225144134993091e-10
845,29.08824087855176,12.542090386644606,1.1118443635382584,1.0,2.9034292129457047,0.7456696588026623,3.225437214695643e-11
846,29.08824087855176,12.542090386644606,1.1118443635382584,1.0,2.9034292129457047,0.7456696588026623,3.225437214695643e-11
847,29.087970552741098,12.54140909883859,1.1117761750085413,1.0,2.903690547708346,0.7456696588861056,3.2283680117211638e-12
848,29.087970552741098,12.54140909883859,1.1117761750085413,1.0,2.903690547708346,0.7456696588861056,3.2283680117211638e-12
849,29.08794350412049,12.5413410441124,1.1117693561555697,1.0,2.9037166811846102,0.7456696588944499,3.257675981976369e-13
850,29.08794350412049,12.5413410441124,1.1117693561555697,1.0,2.9037166811846102,0.7456696588944499,3.257675981976369e-13
851,29.087940799098032,12.54133423938033,1.1117686742702724,1.0,2.9037192945322365,0.7456696588952844,3.550755684528425e-14
852,29.087940799098032,12.54133423938033,1.1117686742702724,1.0,2.9037192945322365,0.7456696588952844,3.550755684528425e-14
853,29.08794052859418,12.54133355891452,1.1117686060817427,1.0,2.9037195558669993,0.7456696588953677,6.481552710048978e-15
854,29.08794052859418,12.54133355891452,1.1117686060817427,1.0,2.9037195558669993,0.7456696588953677,6.481552710048978e-15
855,29.087940509072517,12.541333490867986,1.1117685992628898,1.0,2.9037195820004755,0.7456696588953762,3.578952296525451e-15
856,29.087940509072517,12.541333490867986,1.1117685992628898,1.0,2.9037195820004755,0.7456696588953762,3.578952296525451e-15
857,29.08794101088717,12.541331919467286,1.111768614164051,1.0,2.9037195820004755,0.7456696588953762,3.578952296525451e-15
858,29.08794079735928,12.541332666043816,1.1117685992628898,0.9999999850988388,2.9037195820004755,0.7456696588953762,3.578952296525451e-15
859,29.087940641790507,12.541333042052049,1.1117685992628898,1.0,2.9037195969016367,0.7456696588953762,3.578952296525451e-15
860,29.08794034602152,12.541334278545818,1.1117685992628898,1.0,2.9037195820004755,0.7456696737965374,3.578952296525451e-15
861,29.0879399422153,12.541336091001218,1.1117685992628898,1.0,2.9037195820004755,0.7456696588953762,1.4901164772799954e-08
862,29.087940509072517,12.541333490867986,1.1117685992628898,1.0,2.9037195820004755,0.7456696588953762,3.578952296525451e-15
863,29.08794101088717,12.541331919467286,1.111768614164051,1.0,2.9037195820004755,0.7456696588953762,3.578952296525451e-15
864,29.08794079735928,12.541332666043816,1.1117685992628898,0.9999999850988388,2.9037195820004755,0.7456696588953762,3.578952296525451e-15
865,29.087940641790507,12.541333042052049,1.1117685992628898,1.0,2.9037195969016367,0.7456696588953762,3.578952296525451e-15
866,29.08794034602152,12.541334278545818,1.1117685992628898,1.0,2.9037195820004755,0.7456696737965374,3.578952296525451e-15
867,29.0879399422153,12.541336091001218,1.1117685992628898,1.0,2.9037195820004755,0.7456696588953762,1.4901164772799954e-08
868,37.905066049335055,43.53231756719732,1.5412755004492684,1.0,1.2579535969214963,0.7456658924121767,1.828255715970269e-07
869,37.905066049335055,43.53231756719732,1.5412755004492684,1.0,1.2579535969214963,0.7456658924121767,1.828255715970269e-07
870,29.284045692680095,13.236938028149511,1.1547192893815277,1.0,2.739142983492578,0.7456692822470562,1.8282560380759757e-08
871,29.284045692680095,13.236938028149511,1.1547192893815277,1.0,2.739142983492578,0.7456692822470562,1.8282560380759757e-08
872,29.1086140087425,12.586764195658967,1.1160636682747536,1.0,2.8872619221496856,0.7456696212305441,1.8282592591330426e-09
873,29.1086140087425,12.586764195658967,1.1160636682747536,1.0,2.8872619221496856,0.7456696212305441,1.8282592591330426e-09
874,29.08964083266416,12.54563611196709,1.1121981061640762,1.0,2.9020738160153967,0.7456696551288929,1.8282914697037115e-10
875,29.08964083266416,12.54563611196709,1.1121981061640762,1.0,2.9020738160153967,0.7456696551288929,1.8282914697037115e-10
876,29.088111055300836,12.541761349442762,1.1118115499530086,1.0,2.9035550054019676,0.7456696585187279,1.8286135754103988e-11
877,29.088111055300836,12.541761349442762,1.1118115499530086,1.0,2.9035550054019676,0.7456696585187279,1.8286135754103988e-11
878,29.08795756212473,12.541376252691116,1.1117728943319016,1.0,2.9037031243406246,0.7456696588577113,1.831834632477272e-12
879,29.08795756212473,12.541376252691116,1.1117728943319016,1.0,2.9037031243406246,0.7456696588577113,1.831834632477272e-12
880,29.08794220765393,12.541337766809995,1.111769028769791,1.0,2.9037179362344903,0.7456696588916097,1.8640452031460011e-13
881,29.08794220765393,12.541337766809995,1.111769028769791,1.0,2.9037179362344903,0.7456696588916097,1.8640452031460011e-13
882,29.087940672155316,12.541333918459802,1.11176864221358,1.0,2.903719417423877,0.7456696588949995,2.186150909833292e-14
883,29.087940672155316,12.541333918459802,1.11176864221358,1.0,2.903719417423877,0.7456696588949995,2.186150909833292e-14
884,29.087940518604956,12.541333533627139,1.1117686035579588,1.0,2.903719565542816,0.7456696588953385,5.407207976706198e-15
885,29.087940518604956,12.541333533627139,1.1117686035579588,1.0,2.903719565542816,0.7456696588953385,5.407207976706198e-15
886,29.087940508878624,12.541333495143943,1.1117685996923967,1.0,2.9037195803547093,0.7456696588953724,3.761777864543525e-15
887,29.087940508878624,12.541333495143943,1.1117685996923967,1.0,2.9037195803547093,0.7456696588953724,3.761777864543525e-15
888,29.087941010693246,12.541331923743229,1.111768614593558,1.0,2.9037195803547093,0.7456696588953724,3.761777864543525e-15
889,29.087940797165384,12.541332670319752,1.1117685996923967,0.9999999850988388,2.9037195803547093,0.7456696588953724,3.761777864543525e-15
890,29.087940641596617,12.541333046327965,1.1117685996923967,1.0,2.9037195952558705,0.7456696588953724,3.761777864543525e-15
891,29.08794034772763,12.541334282821742,1.1117685996923967,1.0,2.9037195803547093,0.7456696737965336,3.761777864543525e-15
892,29.08793994392141,12.541336095277131,1.1117685996923967,1.0,2.9037195803547093,0.7456696588953724,1.490116495562552e-08
893,29.087940508878624,12.541333495143943,1.1117685996923967,1.0,2.9037195803547093,0.7456696588953724,3.761777864543525e-15
894,29.087941010693246,12.541331923743229,1.111768614593558,1.0,2.9037195803547093,0.7456696588953724,3.761777864543525e-15
895,29.087940797165384,12.541332670319752,1.1117685996923967,0.9999999850988388,2.9037195803547093,0.7456696588953724,3.761777864543525e-15
896,29.087940641596617,12.541333046327965,1.1117685996923967,1.0,2.9037195952558705,0.7456696588953724,3.761777864543525e-15
897,29.08794034772763,12.541334282821742,1.1117685996923967,1.0,2.9037195803547093,0.7456696737965336,3.761777864543525e-15
898,29.08793994392141,12.541336095277131,1.1117685996923967,1.0,2.9037195803547093,0.7456696588953724,1.490116495562552e-08
899,100.0,100.0,1.8686979618847874,0.9985246828762344,0.0,0.7456630193864942,3.22780200110793e-07
900,100.0,100.0,1.8686979618847874,0.9985246828762344,0.0,0.7456630193864942,3.22780200110793e-07
901,29.495025027105136,14.132195480830395,1.1874615359116358,0.9998524682876234,2.6133476223192385,0.7456689949444846,3.227802339667938e-08
902,29.495025027105136,14.132195480830395,1.1874615359116358,0.9998524682876234,2.6133476223192385,0.7456689949444846,3.227802339667938e-08
903,29.128294361456202,12.625192523298798,1.1193378933143205,0.9999852468287623,2.8746823845511624,0.7456695925002836,3.227805725268016e-09
904,29.128294361456202,12.625192523298798,1.1193378933143205,0.9999852468287623,2.8746823845511624,0.7456695925002836,3.227805725268016e-09
905,29.09092697548012,12.548971340113585,1.112525529054589,0.9999985246828762,2.9008158607743546,0.7456696522558636,3.2278395812687975e-10
906,29.09092697548012,12.548971340113585,1.112525529054589,0.9999985246828762,2.9008158607743546,0.7456696522558636,3.2278395812687975e-10
907,29.08824076901164,12.542089804332024,1.111844292628616,0.9999998524682876,2.9034292083966737,0.7456696582314215,3.2281781412766064e-11
908,29.08824076901164,12.542089804332024,1.111844292628616,0.9999998524682876,2.9034292083966737,0.7456696582314215,3.2281781412766064e-11
909,29.08797054600486,12.54140905131501,1.1117761689860186,0.9999999852468288,2.903690543158906,0.7456696588289773,3.2315637413546957e-12
910,29.08797054600486,12.54140905131501,1.1117761689860186,0.9999999852468288,2.903690543158906,0.7456696588289773,3.2315637413546957e-12
911,29.087943507687182,12.541341050013555,1.111769356621759,0.9999999985246829,2.903716676635129,0.7456696588887329,3.2654197421355876e-13
912,29.087943507687182,12.541341050013555,1.111769356621759,0.9999999985246829,2.903716676635129,0.7456696588887329,3.2654197421355876e-13
913,29.087940803695243,12.541334250623365,1.1117686753853329,0.9999999998524682,2.9037192899827513,0.7456696588947085,3.603979749944505e-14
914,29.087940803695243,12.541334250623365,1.1117686753853329,0.9999999998524682,2.9037192899827513,0.7456696588947085,3.603979749944505e-14
915,29.08794053329445,12.54133357069179,1.1117686072616904,0.9999999999852468,2.9037195513175136,0.745669658895306,6.9895798280336785e-15
916,29.08794053329445,12.54133357069179,1.1117686072616904,0.9999999999852468,2.9037195513175136,0.745669658895306,6.9895798280336785e-15
917,29.08794050853563,12.541333502698668,1.1117686004493261,0.9999999999985247,2.90371957745099,0.7456696588953657,4.084558060892541e-15
918,29.08794050853563,12.541333502698668,1.1117686004493261,0.9999999999985247,2.90371957745099,0.7456696588953657,4.084558060892541e-15
919,29.087941010350267,12.541331931297977,1.1117686153504873,0.9999999999985247,2.90371957745099,0.7456696588953657,4.084558060892541e-15
920,29.087940796822416,12.541332677874465,1.1117686004493261,0.9999999850973635,2.90371957745099,0.7456696588953657,4.084558060892541e-15
921,29.087940641253628,12.541333053882703,1.1117686004493261,0.9999999999985247,2.903719592352151,0.7456696588953657,4.084558060892541e-15
922,29.087940350732083,12.541334290376463,1.1117686004493261,0.9999999999985247,2.90371957745099,0.7456696737965269,4.084558060892541e-15
923,29.087939946925896,12.541336102831895,1.1117686004493261,0.9999999999985247,2.90371957745099,0.7456696588953657,1.4901165278405716e-08
924,29.08794050853563,12.541333502698668,1.1117686004493261,0.9999999999985247,2.90371957745099,0.7456696588953657,4.084558060892541e-15
925,29.087941010350267,12.541331931297977,1.1117686153504873,0.9999999999985247,2.90371957745099,0.7456696588953657,4.084558060892541e-15
926,29.087940796822416,12.541332677874465,1.1117686004493261,0.9999999850973635,2.90371957745099,0.7456696588953657,4.084558060892541e-15
927,29.087940641253628,12.541333053882703,1.1117686004493261,0.9999999999985247,2.903719592352151,0.7456696588953657,4.084558060892541e-15
928,29.087940350732083,12.541334290376463,1.1117686004493261,0.9999999999985247,2.90371957745099,0.7456696737965269,4.084558060892541e-15
929,29.087939946925896,12.541336102831895,1.1117686004493261,0.9999999999985247,2.90371957745099,0.7456696588953657,1.4901165278405716e-08
930,99.99999999998555,99.99999999998992,1.86881914094081,0.9987738031791361,1.8562928971732617e-13,0.7456630180744775,3.2273474385063096e-07
931,99.99999999998555,99.99999999998992,1.86881914094081,0.9987738031791361,1.8562928971732617e-13,0.7456630180744775,3.2273474385063096e-07
932,29.49534524398022,14.132387117223214,1.1874736544984745,0.9998773803165859,2.6133476197059093,0.745668994813277,3.2273478061165355e-08
933,29.49534524398022,14.132387117223214,1.1874736544984745,0.9998773803165859,2.6133476197059093,0.745668994813277,3.2273478061165355e-08
934,29.12830455650469,12.625203648911521,1.119339105854241,0.9999877380303308,2.874682381676482,0.7456695924871568,3.2273514822187904e-09
935,29.12830455650469,12.625203648911521,1.119339105854241,0.9999877380303308,2.874682381676482,0.7456695924871568,3.2273514822187904e-09
936,29.09092716096494,12.548972368593416,1.1125256509898176,0.9999987738017053,2.900815857873539,0.7456696522545448,3.2273882432413383e-10
937,29.09092716096494,12.548972368593416,1.1125256509898176,0.9999987738017053,2.900815857873539,0.7456696522545448,3.2273882432413383e-10
938,29.088240790647436,12.542089913060375,1.1118443055033753,0.9999998773788428,2.9034292054932447,0.7456696582312836,3.227755853466819e-11
939,29.088240790647436,12.542089913060375,1.1118443055033753,0.9999998773788428,2.9034292054932447,0.7456696582312836,3.227755853466819e-11
940,29.087970550876285,12.54140906897791,1.1117761709547311,0.9999999877365565,2.9036905402552153,0.7456696588289575,3.2314319557216224e-12
941,29.087970550876285,12.54140906897791,1.1117761709547311,0.9999999877365565,2.9036905402552153,0.7456696588289575,3.2314319557216224e-12
942,29.08794351087838,12.541341058578995,1.1117693574998666,0.9999999987723279,2.9037166737314126,0.7456696588887249,3.268192978269656e-13
943,29.08794351087838,12.541341058578995,1.1117693574998666,0.9999999987723279,2.9037166737314126,0.7456696588887249,3.268192978269656e-13
944,29.0879408067184,12.541334258279232,1.1117686761543801,0.999999999875905,2.9037192870790323,0.7456696588947016,3.6358032037499844e-14
945,29.0879408067184,12.541334258279232,1.1117686761543801,0.999999999875905,2.9037192870790323,0.7456696588947016,3.6358032037499844e-14
946,29.087940536300778,12.541333578256648,1.1117686080198315,0.9999999999862628,2.903719548413794,0.7456696588952993,7.311905458553272e-15
947,29.087940536300778,12.541333578256648,1.1117686080198315,0.9999999999862628,2.903719548413794,0.7456696588952993,7.311905458553272e-15
948,29.08794050925903,12.541333510254383,1.1117686012063768,0.9999999999972985,2.9037195745472704,0.7456696588953591,4.407292800658614e-15
949,29.08794050925903,12.541333510254383,1.1117686012063768,0.9999999999972985,2.9037195745472704,0.7456696588953591,4.407292800658614e-15
950,29.087940508478955,12.541333503944504,1.1117686005741518,0.9999999999983226,2.9037195769722124,0.7456696588953646,4.1377719053225075e-15
951,29.087940508478955,12.541333503944504,1.1117686005741518,0.9999999999983226,2.9037195769722124,0.7456696588953646,4.1377719053225075e-15
952,29.0879410102936,12.541331932543828,1.111768615475313,0.9999999999983226,2.9037195769722124,0.7456696588953646,4.1377719053225075e-15
953,29.087940796765714,12.541332679120396,1.1117686005741518,0.9999999850971614,2.9037195769722124,0.7456696588953646,4.1377719053225075e-15
954,29.08794064119695,12.54133305512858,1.1117686005741518,0.9999999999983226,2.9037195918733736,0.7456696588953646,4.1377719053225075e-15
955,29.08794035122751,12.541334291622313,1.1117686005741518,0.9999999999983226,2.9037195769722124,0.7456696737965258,4.1377719053225075e-15
956,29.087939947421305,12.541336104077722,1.1117686005741518,0.9999999999983226,2.9037195769722124,0.7456696588953646,1.490116533161956e-08
957,29.087940508478955,12.541333503944504,1.1117686005741518,0.9999999999983226,2.9037195769722124,0.7456696588953646,4.1377719053225075e-15
958,29.0879410102936,12.541331932543828,1.111768615475313,0.9999999999983226,2.9037195769722124,0.7456696588953646,4.1377719053225075e-15
959,29.087940796765714,12.541332679120396,1.1117686005741518,0.9999999850971614,2.9037195769722124,0.7456696588953646,4.1377719053225075e-15
960,29.08794064119695,12.54133305512858,1.1117686005741518,0.9999999999983226,2.9037195918733736,0.7456696588953646,4.1377719053225075e-15
961,29.08794035122751,12.541334291622313,1.1117686005741518,0.9999999999983226,2.9037195769722124,0.7456696737965258,4.1377719053225075e-15
962,29.087939947421305,12.541336104077722,1.1117686005741518,0.9999999999983226,2.9037195769722124,0.7456696588953646,1.490116533161956e-08
963,29.094799659493336,12.520674230062113,1.1120694815424057,1.0,2.9033521844862085,0.7456696564698384,1.17551668590115e-10
964,29.094799659493336,12.520674230062113,1.1120694815424057,1.0,2.9033521844862085,0.7456696564698384,1.17551668590115e-10
965,29.094800161251666,12.520672658910549,1.112069496443567,1.0,2.9033521844862085,0.7456696564698384,1.17551668590115e-10
966,29.09479994788635,12.52067340509997,1.1120694815424057,0.9999999850988388,2.9033521844862085,0.7456696564698384,1.17551668590115e-10
967,29.094799792263302,12.520673781083353,1.1120694815424057,1.0,2.9033521993873697,0.7456696564698384,1.17551668590115e-10
968,29.09479943787571,12.520675017838034,1.1120694815424057,1.0,2.9033521844862085,0.7456696713709996,1.17551668590115e-10
969,29.09479895493939,12.520676831024996,1.1120694815424057,1.0,2.9033521844862085,0.7456696564698384,1.501871286243777e-08
970,29.094799659493336,12.520674230062113,1.1120694815424057,1.0,2.9033521844862085,0.7456696564698384,1.17551668590115e-10
971,29.094800161251666,12.520672658910549,1.112069496443567,1.0,2.9033521844862085,0.7456696564698384,1.17551668590115e-10
972,29.09479994788635,12.52067340509997,1.1120694815424057,0.9999999850988388,2.9033521844862085,0.7456696564698384,1.17551668590115e-10
973,29.094799792263302,12.520673781083353,1.1120694815424057,1.0,2.9033521993873697,0.7456696564698384,1.17551668590115e-10
974,29.09479943787571,12.520675017838034,1.1120694815424057,1.0,2.9033521844862085,0.7456696713709996,1.17551668590115e-10
975,29.09479895493939,12.520676831024996,1.1120694815424057,1.0,2.9033521844862085,0.7456696564698384,1.501871286243777e-08
976,29.095106277008163,12.522491774079622,1.1122511591594564,1.0,2.902656255337415,0.7456696536517795,1.9486536850654696e-10
977,29.095106277008163,12.522491774079622,1.1122511591594564,1.0,2.902656255337415,0.7456696536517795,1.9486536850654696e-10
978,29.094790641973994,12.520870408771714,1.1120891371986326,1.0,2.9032768920845964,0.7456696561649533,1.2591621856524272e-10
979,29.094790641973994,12.520870408771714,1.1120891371986326,1.0,2.9032768920845964,0.7456696561649533,1.2591621856524272e-10
980,29.094791143719796,12.520868837664183,1.1120891520997938,1.0,2.9032768920845964,0.7456696561649533,1.2591621856524272e-10
981,29.094790930368873,12.52086958381513,1.1120891371986326,0.9999999850988388,2.9032768920845964,0.7456696561649533,1.2591621856524272e-10
982,29.09479077474738,12.520869959782308,1.1120891371986326,1.0,2.9032769069857576,0.7456696561649533,1.2591621856524272e-10
983,29.094790420357057,12.52087119654012,1.1120891371986326,1.0,2.9032768920845964,0.7456696710661145,1.2591621856524272e-10
984,29.094789937418646,12.520873009742836,1.1120891371986326,1.0,2.9032768920845964,0.7456696561649533,1.5027077412412898e-08
985,29.094790641973994,12.520870408771714,1.1120891371986326,1.0,2.9032768920845964,0.7456696561649533,1.2591621856524272e-10
986,29.094791143719796,12.520868837664183,1.1120891520997938,1.0,2.9032768920845964,0.7456696561649533,1.2591621856524272e-10
987,29.094790930368873,12.52086958381513,1.1120891371986326,0.9999999850988388,2.9032768920845964,0.7456696561649533,1.2591621856524272e-10
988,29.09479077474738,12.520869959782308,1.1120891371986326,1.0,2.9032769069857576,0.7456696561649533,1.2591621856524272e-10
989,29.094790420357057,12.52087119654012,1.1120891371986326,1.0,2.9032768920845964,0.7456696710661145,1.2591621856524272e-10
990,29.094789937418646,12.520873009742836,1.1120891371986326,1.0,2.9032768920845964,0.7456696561649533,1.5027077412412898e-08
991,29.09803840190935,12.530070038023638,1.1129971965943897,0.9999999999999966,2.8997980228383415,0.7456696420783796,5.123512703833872e-10
992,29.09803840190935,12.530070038023638,1.1129971965943897,0.9999999999999966,2.8997980228383415,0.7456696420783796,5.123512703833872e-10
993,29.09482392193034,12.521779628495727,1.1121799431382082,0.9999999999999997,2.902929005159971,0.7456696547562959,1.6455972374705718e-10
994,29.09482392193034,12.521779628495727,1.1121799431382082,0.9999999999999997,2.902929005159971,0.7456696547562959,1.6455972374705718e-10
995,29.09477885381559,12.521123743739567,1.1121144623391563,0.9999999999999999,2.903179868857991,0.7456696557720887,1.3669362149324192e-10
996,29.09477885381559,12.521123743739567,1.1121144623391563,0.9999999999999999,2.903179868857991,0.7456696557720887,1.3669362149324192e-10
997,29.094779355545214,12.521122172688798,1.1121144772403175,0.9999999999999999,2.903179868857991,0.7456696557720887,1.3669362149324192e-10
998,29.094779142212847,12.521122918790201,1.1121144623391563,0.9999999850988387,2.903179868857991,0.7456696557720887,1.3669362149324192e-10
999,29.094778986593372,12.521123294736428,1.1121144623391563,0.9999999999999999,2.9031798837591523,0.7456696557720887,1.3669362149324192e-10
1000,29.09477863219952,12.521124531498312,1.1121144623391563,0.9999999999999999,2.903179868857991,0.7456696706732499,1.3669362149324192e-10
1001,29.09477814925839,12.521126344721326,1.1121144623391563,0.9999999999999999,2.903179868857991,0.7456696557720887,1.5037854815340897e-08
1002,29.09477885381559,12.521123743739567,1.1121144623391563,0.9999999999999999,2.903179868857991,0.7456696557720887,1.3669362149324192e-10
1003,29.094779355545214,12.521122172688798,1.1121144772403175,0.9999999999999999,2.903179868857991,0.7456696557720887,1.3669362149324192e-10
1004,29.094779142212847,12.521122918790201,1.1121144623391563,0.9999999850988387,2.903179868857991,0.7456696557720887,1.3669362149324192e-10
1005,29.094778986593372,12.521123294736428,1.1121144623391563,0.9999999999999999,2.9031798837591523,0.7456696557720887,1.3669362149324192e-10
1006,29.09477863219952,12.521124531498312,1.1121144623391563,0.9999999999999999,2.903179868857991,0.7456696706732499,1.3669362149324192e-10
1007,29.09477814925839,12.521126344721326,1.1121144623391563,0.9999999999999999,2.903179868857991,0.7456696557720887,1.5037854815340897e-08
1008,29.119320947350374,12.569514568011684,1.1166538457234039,1.0,2.8857896385061768,0.7456695853551512,2.068471760421689e-09
1009,29.119320947350374,12.569514568011684,1.1166538457234039,1.0,2.8857896385061768,0.7456695853551512,2.068471760421689e-09
1010,29.096357470678463,12.525694261351688,1.1125684006775811,0.9999999999999999,2.9014408458228096,0.7456696487303949,3.2987143538608666e-10
1011,29.096357470678463,12.525694261351688,1.1125684006775811,0.9999999999999999,2.9014408458228096,0.7456696487303949,3.2987143538608666e-10
1012,29.094757639024486,12.521578110979931,1.1121598561729988,0.9999999999999999,2.9030059665544727,0.7456696550679193,1.560114028825264e-10
1013,29.094757639024486,12.521578110979931,1.1121598561729988,0.9999999999999999,2.9030059665544727,0.7456696550679193,1.560114028825264e-10
1014,29.094758140725162,12.521576540030866,1.11215987107416,0.9999999999999999,2.9030059665544727,0.7456696550679193,1.560114028825264e-10
1015,29.094757927426024,12.521577286043447,1.1121598561729988,0.9999999850988387,2.9030059665544727,0.7456696550679193,1.560114028825264e-10
1016,29.094757771810116,12.521577661952263,1.1121598561729988,0.9999999999999999,2.903005981455634,0.7456696550679193,1.560114028825264e-10
1017,29.094757417409983,12.52157889872133,1.1121598561729988,0.9999999999999999,2.9030059665544727,0.7456696699690805,1.560114028825264e-10
1018,29.094756934464,12.521580711980679,1.1121598561729988,0.9999999999999999,2.9030059665544727,0.7456696550679193,1.5057172596730184e-08
1019,29.094757639024486,12.521578110979931,1.1121598561729988,0.9999999999999999,2.9030059665544727,0.7456696550679193,1.560114028825264e-10
1020,29.094758140725162,12.521576540030866,1.11215987107416,0.9999999999999999,2.9030059665544727,0.7456696550679193,1.560114028825264e-10
1021,29.094757927426024,12.521577286043447,1.1121598561729988,0.9999999850988387,2.9030059665544727,0.7456696550679193,1.560114028825264e-10
1022,29.094757771810116,12.521577661952263,1.1121598561729988,0.9999999999999999,2.903005981455634,0.7456696550679193,1.560114028825264e-10
1023,29.094757417409983,12.52157889872133,1.1121598561729988,0.9999999999999999,2.9030059665544727,0.7456696699690805,1.560114028825264e-10
1024,29.094756934464,12.521580711980679,1.1121598561729988,0.9999999999999999,2.9030059665544727,0.7456696550679193,1.5057172596730184e-08
1025,29.217280974021797,12.823171741692397,1.1348483297957588,0.9999999999997558,2.81609739698744,0.7456693031434339,9.811171664461614e-09
1026,29.217280974021797,12.823171741692397,1.1348483297957588,0.9999999999997558,2.81609739698744,0.7456693031434339,9.811171664461614e-09
1027,29.105469239018433,12.545017278992226,1.114428703535275,0.9999999999999755,2.8943151095977693,0.7456696198754708,1.1215274290404352e-09
1028,29.105469239018433,12.545017278992226,1.114428703535275,0.9999999999999755,2.8943151095977693,0.7456696198754708,1.1215274290404352e-09
1029,29.09564220730429,12.523854958826625,1.1123867409092265,0.9999999999999974,2.9021368808588024,0.7456696515486744,2.525630054983173e-10
1030,29.09564220730429,12.523854958826625,1.1123867409092265,0.9999999999999974,2.9021368808588024,0.7456696515486744,2.525630054983173e-10
1031,29.09483435111485,12.52180512521672,1.1121825446466216,0.9999999999999997,2.9029190579849056,0.7456696547159948,1.6566656314410548e-10
1032,29.09483435111485,12.52180512521672,1.1121825446466216,0.9999999999999997,2.9029190579849056,0.7456696547159948,1.6566656314410548e-10
1033,29.094756583082393,12.521600805698297,1.112162125020361,0.9999999999999999,2.902997275697516,0.7456696550327269,1.569769189086843e-10
1034,29.094756583082393,12.521600805698297,1.112162125020361,0.9999999999999999,2.902997275697516,0.7456696550327269,1.569769189086843e-10
1035,29.094757084781598,12.521599234754316,1.1121621399215222,0.9999999999999999,2.902997275697516,0.7456696550327269,1.569769189086843e-10
1036,29.09475687148413,12.521599980762415,1.112162125020361,0.9999999850988387,2.902997275697516,0.7456696550327269,1.569769189086843e-10
1037,29.094756715868392,12.521600356669365,1.112162125020361,0.9999999999999999,2.902997290598677,0.7456696550327269,1.569769189086843e-10
1038,29.09475636146796,12.521601593438787,1.112162125020361,0.9999999999999999,2.902997275697516,0.7456696699338881,1.569769189086843e-10
1039,29.094755878521738,12.521603406699963,1.112162125020361,0.9999999999999999,2.902997275697516,0.7456696550327269,1.505813811275634e-08
1040,29.094756583082393,12.521600805698297,1.112162125020361,0.9999999999999999,2.902997275697516,0.7456696550327269,1.569769189086843e-10
1041,29.094757084781598,12.521599234754316,1.1121621399215222,0.9999999999999999,2.902997275697516,0.7456696550327269,1.569769189086843e-10
1042,29.09475687148413,12.521599980762415,1.112162125020361,0.9999999850988387,2.902997275697516,0.7456696550327269,1.569769189086843e-10
1043,29.094756715868392,12.521600356669365,1.112162125020361,0.9999999999999999,2.902997290598677,0.7456696550327269,1.569769189086843e-10
1044,29.09475636146796,12.521601593438787,1.112162125020361,0.9999999999999999,2.902997275697516,0.7456696699338881,1.569769189086843e-10
1045,29.094755878521738,12.521603406699963,1.112162125020361,0.9999999999999999,2.902997275697516,0.7456696550327269,1.505813811275634e-08
1046,29.41207471333489,13.765021960959437,1.1764218922346596,1.0,2.6568504350907554,0.7456686582929407,2.7502928998058378e-08
1047,29.41207471333489,13.765021960959437,1.1764218922346596,1.0,2.6568504350907554,0.7456686582929407,2.7502928998058378e-08
1048,29.131065204483363,12.59185662347068,1.118588101741791,0.9999999999999999,2.8783825916368397,0.7456695553587482,2.891572126823654e-09
1049,29.131065204483363,12.59185662347068,1.118588101741791,0.9999999999999999,2.8783825916368397,0.7456695553587482,2.891572126823654e-09
1050,29.097287782704566,12.528088153669186,1.112804722692504,0.9999999999999999,2.9005358072914484,0.745669645065329,4.3043643970018123e-10
1051,29.097287782704566,12.528088153669186,1.112804722692504,0.9999999999999999,2.9005358072914484,0.745669645065329,4.3043643970018123e-10
1052,29.095008023516613,12.522244161335477,1.1122263847875753,0.9999999999999999,2.902751128856909,0.7456696540359871,1.8432287098783398e-10
1053,29.095008023516613,12.522244161335477,1.1122263847875753,0.9999999999999999,2.902751128856909,0.7456696540359871,1.8432287098783398e-10
1054,29.09477889349899,12.521665087473647,1.1121685509970825,0.9999999999999999,2.902972661013455,0.7456696549330529,1.5971151411659927e-10
1055,29.09477889349899,12.521665087473647,1.1121685509970825,0.9999999999999999,2.902972661013455,0.7456696549330529,1.5971151411659927e-10
1056,29.094756284041345,12.521607233337956,1.1121627676180332,0.9999999999999999,2.90299481422911,0.7456696550227595,1.572503784294758e-10
1057,29.094756284041345,12.521607233337956,1.1121627676180332,0.9999999999999999,2.90299481422911,0.7456696550227595,1.572503784294758e-10
1058,29.094756785740135,12.521605662395402,1.1121627825191944,0.9999999999999999,2.90299481422911,0.7456696550227595,1.572503784294758e-10
1059,29.094756572443124,12.521606408402267,1.1121627676180332,0.9999999850988387,2.90299481422911,0.7456696550227595,1.572503784294758e-10
1060,29.09475641682746,12.52160678430868,1.1121627676180332,0.9999999999999999,2.902994829130271,0.7456696550227595,1.572503784294758e-10
1061,29.094756062426924,12.521608021078212,1.1121627676180332,0.9999999999999999,2.90299481422911,0.7456696699239207,1.572503784294758e-10
1062,29.09475557948062,12.521609834339904,1.1121627676180332,0.9999999999999999,2.90299481422911,0.7456696550227595,1.505841157227713e-08
1063,29.094756284041345,12.521607233337956,1.1121627676180332,0.9999999999999999,2.90299481422911,0.7456696550227595,1.572503784294758e-10
1064,29.094756785740135,12.521605662395402,1.1121627825191944,0.9999999999999999,2.90299481422911,0.7456696550227595,1.572503784294758e-10
1065,29.094756572443124,12.521606408402267,1.1121627676180332,0.9999999850988387,2.90299481422911,0.7456696550227595,1.572503784294758e-10
1066,29.09475641682746,12.52160678430868,1.1121627676180332,0.9999999999999999,2.902994829130271,0.7456696550227595,1.572503784294758e-10
1067,29.094756062426924,12.521608021078212,1.1121627676180332,0.9999999999999999,2.90299481422911,0.7456696699239207,1.572503784294758e-10
1068,29.09475557948062,12.521609834339904,1.1121627676180332,0.9999999999999999,2.90299481422911,0.7456696550227595,1.505841157227713e-08
1069,29.65684230959862,14.842658047508708,1.208631954870527,1.0,2.5334704757546866,0.7456681586810675,4.1210015031422935e-08
1070,29.65684230959862,14.842658047508708,1.208631954870527,1.0,2.5334704757546866,0.7456681586810675,4.1210015031422935e-08
1071,29.149906673385672,12.631581684170328,1.1218096863432827,0.9999999999999999,2.8660423803816677,0.7456695053885903,4.2625268437288216e-09
1072,29.149906673385672,12.631581684170328,1.1218096863432827,0.9999999999999999,2.8660423803816677,0.7456695053885903,4.2625268437288216e-09
1073,29.09855089633221,12.531391265624118,1.1131274594905582,0.9999999999999999,2.8992995708443656,0.7456696400593426,5.677780249594103e-10
1074,29.09855089633221,12.531391265624118,1.1131274594905582,0.9999999999999999,2.8992995708443656,0.7456696400593426,5.677780249594103e-10
1075,29.095138089472094,12.522573513085996,1.1122592368052857,0.9999999999999999,2.9026252898906355,0.7456696535264178,1.9830314308246925e-10
1076,29.095138089472094,12.522573513085996,1.1122592368052857,0.9999999999999999,2.9026252898906355,0.7456696535264178,1.9830314308246925e-10
1077,29.09479420727561,12.52170374008889,1.1121724145367584,0.9999999999999999,2.9029578617952625,0.7456696548731253,1.6135565489477513e-10
1078,29.09479420727561,12.52170374008889,1.1121724145367584,0.9999999999999999,2.9029578617952625,0.7456696548731253,1.6135565489477513e-10
1079,29.094759793054436,12.521616882800782,1.1121637323099058,0.9999999999999999,2.9029911189857254,0.7456696550077961,1.5766090607600572e-10
1080,29.094759793054436,12.521616882800782,1.1121637323099058,0.9999999999999999,2.9029911189857254,0.7456696550077961,1.5766090607600572e-10
1081,29.094756351372308,12.521608198272133,1.1121628640872205,0.9999999999999999,2.9029944447047713,0.7456696550212631,1.5729143119412878e-10
1082,29.094756351372308,12.521608198272133,1.1121628640872205,0.9999999999999999,2.9029944447047713,0.7456696550212631,1.5729143119412878e-10
1083,29.094756275062544,12.521607426338916,1.112162786913307,0.9999999999999999,2.9029947403187406,0.7456696550224602,1.572585895936139e-10
1084,29.094756275062544,12.521607426338916,1.112162786913307,0.9999999999999999,2.9029947403187406,0.7456696550224602,1.572585895936139e-10
1085,29.094756776761304,12.521605855396409,1.1121628018144682,0.9999999999999999,2.9029947403187406,0.7456696550224602,1.572585895936139e-10
1086,29.094756563464312,12.521606601403256,1.112162786913307,0.9999999850988387,2.9029947403187406,0.7456696550224602,1.572585895936139e-10
1087,29.094756407848642,12.521606977309634,1.112162786913307,0.9999999999999999,2.902994755219902,0.7456696550224602,1.572585895936139e-10
1088,29.0947560534481,12.52160821407918,1.112162786913307,0.9999999999999999,2.9029947403187406,0.7456696699236214,1.572585895936139e-10
1089,29.094755570501817,12.521610027340879,1.112162786913307,0.9999999999999999,2.9029947403187406,0.7456696550224602,1.505841978344127e-08
1090,29.094756275062544,12.521607426338916,1.112162786913307,0.9999999999999999,2.9029947403187406,0.7456696550224602,1.572585895936139e-10
1091,29.094756776761304,12.521605855396409,1.1121628018144682,0.9999999999999999,2.9029947403187406,0.7456696550224602,1.572585895936139e-10
1092,29.094756563464312,12.521606601403256,1.112162786913307,0.9999999850988387,2.9029947403187406,0.7456696550224602,1.572585895936139e-10
1093,29.094756407848642,12.521606977309634,1.112162786913307,0.9999999999999999,2.902994755219902,0.7456696550224602,1.572585895936139e-10
1094,29.0947560534481,12.52160821407918,1.112162786913307,0.9999999999999999,2.9029947403187406,0.7456696699236214,1.572585895936139e-10
1095,29.094755570501817,12.521610027340879,1.112162786913307,0.9999999999999999,2.9029947403187406,0.7456696550224602,1.505841978344127e-08
1096,29.119441579860705,12.56962939190302,1.1166701415648463,0.9999999999999509,2.8857295084910985,0.7456695851089493,2.0753730814853344e-09
1097,29.119441579860705,12.56962939190302,1.1166701415648463,0.9999999999999509,2.8857295084910985,0.7456695851089493,2.0753730814853344e-09
1098,29.09653652765861,12.526144865690025,1.112613522378461,0.999999999999995,2.9012682171359763,0.7456696480311091,3.4907003878278593e-10
1099,29.09653652765861,12.526144865690025,1.112613522378461,0.999999999999995,2.9012682171359763,0.7456696480311091,3.4907003878278593e-10
1100,29.09493466714742,12.522058523805162,1.1122078604598225,0.9999999999999994,2.9028220880004643,0.7456696543233251,1.7643973451253111e-10
1101,29.09493466714742,12.522058523805162,1.1122078604598225,0.9999999999999994,2.9028220880004643,0.7456696543233251,1.7643973451253111e-10
1102,29.094773913351702,12.521652509621978,1.1121672942679586,0.9999999999999999,2.902977475086913,0.7456696549525467,1.5917670408550563e-10
1103,29.094773913351702,12.521652509621978,1.1121672942679586,0.9999999999999999,2.902977475086913,0.7456696549525467,1.5917670408550563e-10
1104,29.094757832296068,12.521611934402573,1.1121632376487722,0.9999999999999999,2.902993013795558,0.7456696550154689,1.5745040104280308e-10
1105,29.094757832296068,12.521611934402573,1.1121632376487722,0.9999999999999999,2.902993013795558,0.7456696550154689,1.5745040104280308e-10
1106,29.094756254101267,12.52160787714264,1.1121628319868535,0.9999999999999999,2.9029945676664224,0.7456696550217611,1.5727777073853282e-10
1107,29.094756254101267,12.52160787714264,1.1121628319868535,0.9999999999999999,2.9029945676664224,0.7456696550217611,1.5727777073853282e-10
1108,29.094756755800017,12.521606306200233,1.1121628468880147,0.9999999999999999,2.9029945676664224,0.7456696550217611,1.5727777073853282e-10
1109,29.094756542503053,12.521607052207012,1.1121628319868535,0.9999999850988387,2.9029945676664224,0.7456696550217611,1.5727777073853282e-10
1110,29.094756386887372,12.521607428113327,1.1121628319868535,0.9999999999999999,2.9029945825675836,0.7456696550217611,1.5727777073853282e-10
1111,29.09475606856264,12.521608664882883,1.1121628319868535,0.9999999999999999,2.9029945676664224,0.7456696699229223,1.5727777073853282e-10
1112,29.094755664590856,12.521610478144622,1.1121628319868535,0.9999999999999999,2.9029945676664224,0.7456696550217611,1.505843896458619e-08
1113,29.094756254101267,12.52160787714264,1.1121628319868535,0.9999999999999999,2.9029945676664224,0.7456696550217611,1.5727777073853282e-10
1114,29.094756755800017,12.521606306200233,1.1121628468880147,0.9999999999999999,2.9029945676664224,0.7456696550217611,1.5727777073853282e-10
1115,29.094756542503053,12.521607052207012,1.1121628319868535,0.9999999850988387,2.9029945676664224,0.7456696550217611,1.5727777073853282e-10
1116,29.094756386887372,12.521607428113327,1.1121628319868535,0.9999999999999999,2.9029945825675836,0.7456696550217611,1.5727777073853282e-10
1117,29.09475606856264,12.521608664882883,1.1121628319868535,0.9999999999999999,2.9029945676664224,0.7456696699229223,1.5727777073853282e-10
1118,29.094755664590856,12.521610478144622,1.1121628319868535,0.9999999999999999,2.9029945676664224,0.7456696550217611,1.505843896458619e-08
1119,29.220487921194483,12.834794617386713,1.1355460365597314,0.9999999999999492,2.8134255412375118,0.7456692897029095,9.927393310253211e-09
1120,29.220487921194483,12.834794617386713,1.1355460365597314,0.9999999999999492,2.8134255412375118,0.7456692897029095,9.927393310253211e-09
1121,29.10592789796813,12.54578810260407,1.1145011524441413,0.9999999999999948,2.8940376650235313,0.7456696184898759,1.1342893246900006e-09
1122,29.10592789796813,12.54578810260407,1.1145011524441413,0.9999999999999948,2.8940376650235313,0.7456696184898759,1.1342893246900006e-09
1123,29.09568144796639,12.52395466046972,1.1123966640325822,0.9999999999999993,2.9020988774021332,0.7456696513685726,2.549789261336796e-10
1124,29.09568144796639,12.52395466046972,1.1123966640325822,0.9999999999999993,2.9020988774021332,0.7456696513685726,2.549789261336796e-10
1125,29.09484890083947,12.521841843238205,1.1121862151914264,0.9999999999999999,2.9029049986399933,0.7456696546564422,1.670478862780475e-10
1126,29.09484890083947,12.521841843238205,1.1121862151914264,0.9999999999999999,2.9029049986399933,0.7456696546564422,1.670478862780475e-10
1127,29.094765493347346,12.521631266629965,1.1121651703073108,0.9999999999999999,2.9029856107637797,0.7456696549852292,1.582547822924843e-10
1128,29.094765493347346,12.521631266629965,1.1121651703073108,0.9999999999999999,2.9029856107637797,0.7456696549852292,1.582547822924843e-10
1129,29.09475715107054,12.521610216020143,1.1121630658188992,0.9999999999999999,2.902993671976158,0.7456696550181079,1.5737547189392797e-10
1130,29.09475715107054,12.521610216020143,1.1121630658188992,0.9999999999999999,2.902993671976158,0.7456696550181079,1.5737547189392797e-10
1131,29.09475631682758,12.521608111029698,1.112162855370058,0.9999999999999999,2.902994478097396,0.7456696550213958,1.5728754085407234e-10
1132,29.09475631682758,12.521608111029698,1.112162855370058,0.9999999999999999,2.902994478097396,0.7456696550213958,1.5728754085407234e-10
1133,29.094756253013248,12.521607900531354,1.112162834325174,0.9999999999999999,2.9029945587095196,0.7456696550217246,1.5727874775008676e-10
1134,29.094756253013248,12.521607900531354,1.112162834325174,0.9999999999999999,2.9029945587095196,0.7456696550217246,1.5727874775008676e-10
1135,29.094756754712,12.521606329588947,1.1121628492263351,0.9999999999999999,2.9029945587095196,0.7456696550217246,1.5727874775008676e-10
1136,29.09475654141504,12.521607075595693,1.112162834325174,0.9999999850988387,2.9029945587095196,0.7456696550217246,1.5727874775008676e-10
1137,29.094756385799364,12.52160745150206,1.112162834325174,0.9999999999999999,2.902994573610681,0.7456696550217246,1.5727874775008676e-10
1138,29.094756077832002,12.521608688271574,1.112162834325174,0.9999999999999999,2.9029945587095196,0.7456696699228857,1.5727874775008676e-10
1139,29.09475567386024,12.52161050153335,1.112162834325174,0.9999999999999999,2.9029945587095196,0.7456696550217246,1.5058439941597743e-08
1140,29.094756253013248,12.521607900531354,1.112162834325174,0.9999999999999999,2.9029945587095196,0.7456696550217246,1.5727874775008676e-10
1141,29.094756754712,12.521606329588947,1.1121628492263351,0.9999999999999999,2.9029945587095196,0.7456696550217246,1.5727874775008676e-10
1142,29.09475654141504,12.521607075595693,1.112162834325174,0.9999999850988387,2.9029945587095196,0.7456696550217246,1.5727874775008676e-10
1143,29.094756385799364,12.52160745150206,1.112162834325174,0.9999999999999999,2.902994573610681,0.7456696550217246,1.5727874775008676e-10
1144,29.094756077832002,12.521608688271574,1.112162834325174,0.9999999999999999,2.9029945587095196,0.7456696699228857,1.5727874775008676e-10
1145,29.09475567386024,12.52161050153335,1.112162834325174,0.9999999999999999,2.9029945587095196,0.7456696550217246,1.5058439941597743e-08
1146,29.767774667071883,15.711274472254471,1.2296790244543363,1.0,2.4528498835330907,0.7456678165580165,4.92638986778783e-08
1147,29.767774667071883,15.711274472254471,1.2296790244543363,1.0,2.4528498835330907,0.7456678165580165,4.92638986778783e-08
1148,29.161749877247335,12.6591626097084,1.1239144533380903,0.9999999999999999,2.8579800911918767,0.7456694711753538,5.0679407407629084e-09
1149,29.161749877247335,12.6591626097084,1.1239144533380903,0.9999999999999999,2.8579800911918767,0.7456694711753538,5.0679407407629084e-09
1150,29.099371346313752,12.533562360578948,1.1133379962264656,0.9999999999999999,2.8984931119577553,0.7456696366370875,6.483449470513689e-10
1151,29.099371346313752,12.533562360578948,1.1133379962264656,0.9999999999999999,2.8984931119577553,0.7456696366370875,6.483449470513689e-10
1152,29.09522164465909,12.52278535555042,1.1122803505153032,0.9999999999999999,2.902544414034343,0.7456696531832608,2.0638536768021499e-10
1153,29.09522164465909,12.52278535555042,1.1122803505153032,0.9999999999999999,2.902544414034343,0.7456696531832608,2.0638536768021499e-10
1154,29.09480281350381,12.521725466143154,1.112174585944187,0.9999999999999999,2.902949544242002,0.7456696548378782,1.621894097430996e-10
1155,29.09480281350381,12.521725466143154,1.112174585944187,0.9999999999999999,2.902949544242002,0.7456696548378782,1.621894097430996e-10
1156,29.09476089180294,12.521619655293664,1.1121640094870753,0.9999999999999999,2.902990057262768,0.7456696550033399,1.5776981394938805e-10
1157,29.09476089180294,12.521619655293664,1.1121640094870753,0.9999999999999999,2.902990057262768,0.7456696550033399,1.5776981394938805e-10
1158,29.09475669924702,12.52160907598959,1.112162951841364,0.9999999999999999,2.9029941085648443,0.7456696550198861,1.573278543700169e-10
1159,29.09475669924702,12.52160907598959,1.112162951841364,0.9999999999999999,2.9029941085648443,0.7456696550198861,1.573278543700169e-10
1160,29.09475627998756,12.521608018077002,1.112162846076793,0.9999999999999999,2.902994513695052,0.7456696550215407,1.5728365841207977e-10
1161,29.09475627998756,12.521608018077002,1.112162846076793,0.9999999999999999,2.902994513695052,0.7456696550215407,1.5728365841207977e-10
1162,29.094756252466407,12.521607912285903,1.112162835500336,0.9999999999999999,2.902994554208073,0.7456696550217061,1.5727923881628606e-10
1163,29.094756252466407,12.521607912285903,1.112162835500336,0.9999999999999999,2.902994554208073,0.7456696550217061,1.5727923881628606e-10
1164,29.094756754165164,12.521606341343478,1.112162850401497,0.9999999999999999,2.902994554208073,0.7456696550217061,1.5727923881628606e-10
1165,29.094756540868204,12.521607087350233,1.112162835500336,0.9999999850988387,2.902994554208073,0.7456696550217061,1.5727923881628606e-10
1166,29.094756385252524,12.521607463256586,1.112162835500336,0.9999999999999999,2.902994569109234,0.7456696550217061,1.5727923881628606e-10
1167,29.09475608249045,12.521608700026116,1.112162835500336,0.9999999999999999,2.902994554208073,0.7456696699228673,1.5727923881628606e-10
1168,29.0947556785187,12.521610513287875,1.112162835500336,0.9999999999999999,2.902994554208073,0.7456696550217061,1.5058440432663943e-08
1169,29.094756252466407,12.521607912285903,1.112162835500336,0.9999999999999999,2.902994554208073,0.7456696550217061,1.5727923881628606e-10
1170,29.094756754165164,12.521606341343478,1.112162850401497,0.9999999999999999,2.902994554208073,0.7456696550217061,1.5727923881628606e-10
1171,29.094756540868204,12.521607087350233,1.112162835500336,0.9999999850988387,2.902994554208073,0.7456696550217061,1.5727923881628606e-10
1172,29.094756385252524,12.521607463256586,1.112162835500336,0.9999999999999999,2.902994569109234,0.7456696550217061,1.5727923881628606e-10
1173,29.09475608249045,12.521608700026116,1.112162835500336,0.9999999999999999,2.902994554208073,0.7456696699228673,1.5727923881628606e-10
1174,29.0947556785187,12.521610513287875,1.112162835500336,0.9999999999999999,2.902994554208073,0.7456696550217061,1.5058440432663943e-08
1175,56.621929631279464,67.7104124788095,1.7004134704931064,1.0,0.6497053031290045,0.745660449560278,2.4597586233883775e-07
1176,56.621929631279464,67.7104124788095,1.7004134704931064,1.0,0.6497053031290045,0.745660449560278,2.4597586233883775e-07
1177,29.36643036773457,13.613191305754905,1.170987898999613,0.9999999999999999,2.677665629100166,0.7456687344755633,2.4739137548818436e-08
1178,29.36643036773457,13.613191305754905,1.170987898999613,0.9999999999999999,2.677665629100166,0.7456687344755633,2.4739137548818436e-08
1179,29.127806540395916,12.585458937842187,1.1180453418502636,0.9999999999999999,2.8804616616972822,0.7456695629670919,2.615465069816501e-09
1180,29.127806540395916,12.585458937842187,1.1180453418502636,0.9999999999999999,2.8804616616972822,0.7456695629670919,2.615465069816501e-09
1181,29.09707725608755,12.527541997461448,1.1127510861353287,0.9999999999999999,2.9007412649569937,0.7456696458162447,4.030978219163076e-10
1182,29.09707725608755,12.527541997461448,1.1127510861353287,0.9999999999999999,2.9007412649569937,0.7456696458162447,4.030978219163076e-10
1183,29.09498931673811,12.522196813071766,1.112221660563835,0.9999999999999999,2.902769225282965,0.7456696541011599,1.818610971262882e-10
1184,29.09498931673811,12.522196813071766,1.112221660563835,0.9999999999999999,2.902769225282965,0.7456696541011599,1.818610971262882e-10
1185,29.09477955569489,12.521666757289646,1.112168718006686,0.9999999999999999,2.902972021315562,0.7456696549296515,1.5973742464728627e-10
1186,29.09477955569489,12.521666757289646,1.112168718006686,0.9999999999999999,2.902972021315562,0.7456696549296515,1.5973742464728627e-10
1187,29.09475856992258,12.521613796335505,1.112163423750971,0.9999999999999999,2.9029923009188217,0.7456696550125007,1.5752505739938607e-10
1188,29.09475856992258,12.521613796335505,1.112163423750971,0.9999999999999999,2.9029923009188217,0.7456696550125007,1.5752505739938607e-10
1189,29.094756471248655,12.521608500686376,1.1121628943253994,0.9999999999999999,2.9029943288791475,0.7456696550207855,1.5730382067459606e-10
1190,29.094756471248655,12.521608500686376,1.1121628943253994,0.9999999999999999,2.9029943288791475,0.7456696550207855,1.5730382067459606e-10
1191,29.0947562613803,12.521607971125931,1.1121628413828422,0.9999999999999999,2.9029945316751804,0.7456696550216141,1.5728169700211705e-10
1192,29.0947562613803,12.521607971125931,1.1121628413828422,0.9999999999999999,2.9029945316751804,0.7456696550216141,1.5728169700211705e-10
1193,29.094756252144798,12.521607919198551,1.112162836191425,0.9999999999999999,2.902994551560861,0.7456696550216954,1.5727952760912548e-10
1194,29.094756252144798,12.521607919198551,1.112162836191425,0.9999999999999999,2.902994551560861,0.7456696550216954,1.5727952760912548e-10
1195,29.094756753843566,12.521606348256178,1.1121628510925863,0.9999999999999999,2.902994551560861,0.7456696550216954,1.5727952760912548e-10
1196,29.094756540546605,12.5216070942629,1.112162836191425,0.9999999850988387,2.902994551560861,0.7456696550216954,1.5727952760912548e-10
1197,29.094756384930914,12.521607470169258,1.112162836191425,0.9999999999999999,2.9029945664620223,0.7456696550216954,1.5727952760912548e-10
1198,29.09475608522997,12.521608706938785,1.112162836191425,0.9999999999999999,2.902994551560861,0.7456696699228565,1.5727952760912548e-10
1199,29.09475568125822,12.521610520200538,1.112162836191425,0.9999999999999999,2.902994551560861,0.7456696550216954,1.5058440721456782e-08
1200,29.094756252144798,12.521607919198551,1.112162836191425,0.9999999999999999,2.902994551560861,0.7456696550216954,1.5727952760912548e-10
1201,29.094756753843566,12.521606348256178,1.1121628510925863,0.9999999999999999,2.902994551560861,0.7456696550216954,1.5727952760912548e-10
1202,29.094756540546605,12.5216070942629,1.112162836191425,0.9999999850988387,2.902994551560861,0.7456696550216954,1.5727952760912548e-10
1203,29.094756384930914,12.521607470169258,1.112162836191425,0.9999999999999999,2.9029945664620223,0.7456696550216954,1.5727952760912548e-10
1204,29.09475608522997,12.521608706938785,1.112162836191425,0.9999999999999999,2.902994551560861,0.7456696699228565,1.5727952760912548e-10
1205,29.09475568125822,12.521610520200538,1.112162836191425,0.9999999999999999,2.902994551560861,0.7456696550216954,1.5058440721456782e-08
1206,99.99999999912379,99.999999999389,1.870027534826868,1.0,1.1247891507082386e-11,0.7456577944260262,3.168561293946789e-07
1207,99.99999999912379,99.999999999389,1.870027534826868,1.0,1.1247891507082386e-11,0.7456577944260262,3.168561293946789e-07
1208,29.509718947937063,14.115720133946594,1.1879493060549693,0.9999999999999999,2.6126950964058997,0.7456684689621285,3.18271645143161e-08
1209,29.509718947937063,14.115720133946594,1.1879493060549693,0.9999999999999999,2.6126950964058997,0.7456684689621285,3.18271645143161e-08
1210,29.137909929339294,12.605732280167228,1.1197414831777794,0.9999999999999999,2.873964606045365,0.7456695364157386,3.324268026279823e-09
1211,29.137909929339294,12.605732280167228,1.1197414831777794,0.9999999999999999,2.873964606045365,0.7456695364157386,3.324268026279823e-09
1212,29.097742459089325,12.529271624489407,1.1129207008900606,0.9999999999999999,2.9000915570093113,0.7456696431610997,4.739783774761953e-10
1213,29.097742459089325,12.529271624489407,1.1129207008900606,0.9999999999999999,2.9000915570093113,0.7456696431610997,4.739783774761953e-10
1214,29.0950564842195,12.522366807614821,1.1122386226612886,0.9999999999999999,2.902704252105706,0.7456696538356358,1.8894941259583246e-10
1215,29.0950564842195,12.522366807614821,1.1122386226612886,0.9999999999999999,2.902704252105706,0.7456696538356358,1.8894941259583246e-10
1216,29.094786281352263,12.521683733224354,1.1121704148384115,0.9999999999999999,2.9029655216153456,0.7456696549030895,1.6044651610779617e-10
1217,29.094786281352263,12.521683733224354,1.1121704148384115,0.9999999999999999,2.9029655216153456,0.7456696549030895,1.6044651610779617e-10
1218,29.094759245018302,12.521615499852972,1.1121635940561236,0.9999999999999999,2.9029916485663096,0.7456696550098347,1.5759622645899255e-10
1219,29.094759245018302,12.521615499852972,1.1121635940561236,0.9999999999999999,2.9029916485663096,0.7456696550098347,1.5759622645899255e-10
1220,29.094756541224452,12.521608677256516,1.1121629119778949,0.9999999999999999,2.902994261261406,0.7456696550205093,1.573111974941122e-10
1221,29.094756541224452,12.521608677256516,1.1121629119778949,0.9999999999999999,2.902994261261406,0.7456696550205093,1.573111974941122e-10
1222,29.09475627084345,12.521607995004297,1.1121628437700721,0.9999999999999999,2.9029945225309155,0.7456696550215768,1.5728269459762415e-10
1223,29.09475627084345,12.521607995004297,1.1121628437700721,0.9999999999999999,2.9029945225309155,0.7456696550215768,1.5728269459762415e-10
1224,29.094756251792138,12.521607926779115,1.1121628369492897,0.9999999999999999,2.9029945486578663,0.7456696550216835,1.5727984430797535e-10
1225,29.094756251792138,12.521607926779115,1.1121628369492897,0.9999999999999999,2.9029945486578663,0.7456696550216835,1.5727984430797535e-10
1226,29.09475675349088,12.521606355836731,1.112162851850451,0.9999999999999999,2.9029945486578663,0.7456696550216835,1.5727984430797535e-10
1227,29.094756540193934,12.521607101843504,1.1121628369492897,0.9999999850988387,2.9029945486578663,0.7456696550216835,1.5727984430797535e-10
1228,29.09475638457825,12.521607477749825,1.1121628369492897,0.9999999999999999,2.9029945635590275,0.7456696550216835,1.5727984430797535e-10
1229,29.094756088234202,12.521608714519388,1.1121628369492897,0.9999999999999999,2.9029945486578663,0.7456696699228447,1.5727984430797535e-10
1230,29.094755684262452,12.521610527781139,1.1121628369492897,0.9999999999999999,2.9029945486578663,0.7456696550216835,1.505844103815563e-08
1231,29.094756251792138,12.521607926779115,1.1121628369492897,0.9999999999999999,2.9029945486578663,0.7456696550216835,1.5727984430797535e-10
1232,29.09475675349088,12.521606355836731,1.112162851850451,0.9999999999999999,2.9029945486578663,0.7456696550216835,1.5727984430797535e-10
1233,29.094756540193934,12.521607101843504,1.1121628369492897,0.9999999850988387,2.9029945486578663,0.7456696550216835,1.5727984430797535e-10
1234,29.09475638457825,12.521607477749825,1.1121628369492897,0.9999999999999999,2.9029945635590275,0.7456696550216835,1.5727984430797535e-10
1235,29.094756088234202,12.521608714519388,1.1121628369492897,0.9999999999999999,2.9029945486578663,0.7456696699228447,1.5727984430797535e-10
1236,29.094755684262452,12.521610527781139,1.1121628369492897,0.9999999999999999,2.9029945486578663,0.7456696550216835,1.505844103815563e-08
1237,99.99999775505111,99.9999984345937,1.8700275272542375,0.9999999999921241,2.8818313513312432e-08,0.7456577943130676,3.1685636463456975e-07
1238,99.99999775505111,99.9999984345937,1.8700275272542375,0.9999999999921241,2.8818313513312432e-08,0.7456577943130676,3.1685636463456975e-07
1239,29.509718947267345,14.115720131580584,1.1879493059797845,0.9999999999992123,2.612695096673911,0.7456684689508218,3.182718832333415e-08
1240,29.509718947267345,14.115720131580584,1.1879493059797845,0.9999999999992123,2.612695096673911,0.7456684689508218,3.182718832333415e-08
1241,29.13790993330799,12.605732288393162,1.1197414838523392,0.9999999999999212,2.873964603459471,0.7456695364145973,3.3242706922105936e-09
1242,29.13790993330799,12.605732288393162,1.1197414838523392,0.9999999999999212,2.873964603459471,0.7456695364145973,3.3242706922105936e-09
1243,29.09774246202481,12.529271632150754,1.1129207016395948,0.999999999999992,2.9000915541380268,0.7456696431609748,4.739789290982372e-10
1244,29.09774246202481,12.529271632150754,1.1129207016395948,0.999999999999992,2.9000915541380268,0.7456696431609748,4.739789290982372e-10
1245,29.095056487216837,12.522366815203615,1.1122386234183201,0.9999999999999991,2.9027042492058825,0.7456696538356126,1.8894975278700155e-10
1246,29.095056487216837,12.522366815203615,1.1122386234183201,0.9999999999999991,2.9027042492058825,0.7456696538356126,1.8894975278700155e-10
1247,29.094786284355788,12.521683740805756,1.112170415596193,0.9999999999999998,2.902965518712668,0.7456696549030764,1.6044683515587796e-10
1248,29.094786284355788,12.521683740805756,1.112170415596193,0.9999999999999998,2.902965518712668,0.7456696549030764,1.6044683515587796e-10
1249,29.094759248022473,12.521615507433626,1.11216359481398,0.9999999999999999,2.9029916456633464,0.7456696550098227,1.5759654339276563e-10
1250,29.094759248022473,12.521615507433626,1.11216359481398,0.9999999999999999,2.9029916456633464,0.7456696550098227,1.5759654339276563e-10
1251,29.094756544228677,12.5216086848371,1.1121629127357588,0.9999999999999999,2.9029942583584143,0.7456696550204974,1.5731151421645438e-10
1252,29.094756544228677,12.5216086848371,1.1121629127357588,0.9999999999999999,2.9029942583584143,0.7456696550204974,1.5731151421645438e-10
1253,29.094756273847693,12.521608002584886,1.1121628445279366,0.9999999999999999,2.902994519627921,0.7456696550215649,1.5728301129882325e-10
1254,29.094756273847693,12.521608002584886,1.1121628445279366,0.9999999999999999,2.902994519627921,0.7456696550215649,1.5728301129882325e-10
1255,29.094756251439463,12.521607934359713,1.1121628377071544,0.9999999999999999,2.9029945457548716,0.7456696550216716,1.5728016100706015e-10
1256,29.094756251439463,12.521607934359713,1.1121628377071544,0.9999999999999999,2.9029945457548716,0.7456696550216716,1.5728016100706015e-10
1257,29.09475675313819,12.521606363417312,1.1121628526083156,0.9999999999999999,2.9029945457548716,0.7456696550216716,1.5728016100706015e-10
1258,29.094756539841253,12.521607109424057,1.1121628377071544,0.9999999850988387,2.9029945457548716,0.7456696550216716,1.5728016100706015e-10
1259,29.09475638422558,12.521607485330403,1.1121628377071544,0.9999999999999999,2.902994560656033,0.7456696550216716,1.5728016100706015e-10
1260,29.094756091238445,12.521608722099936,1.1121628377071544,0.9999999999999999,2.9029945457548716,0.7456696699228328,1.5728016100706015e-10
1261,29.094755687266694,12.521610535361697,1.1121628377071544,0.9999999999999999,2.9029945457548716,0.7456696550216716,1.5058441354854716e-08
1262,29.094756251439463,12.521607934359713,1.1121628377071544,0.9999999999999999,2.9029945457548716,0.7456696550216716,1.5728016100706015e-10
1263,29.09475675313819,12.521606363417312,1.1121628526083156,0.9999999999999999,2.9029945457548716,0.7456696550216716,1.5728016100706015e-10
1264,29.094756539841253,12.521607109424057,1.1121628377071544,0.9999999850988387,2.9029945457548716,0.7456696550216716,1.5728016100706015e-10
1265,29.09475638422558,12.521607485330403,1.1121628377071544,0.9999999999999999,2.902994560656033,0.7456696550216716,1.5728016100706015e-10
1266,29.094756091238445,12.521608722099936,1.1121628377071544,0.9999999999999999,2.9029945457548716,0.7456696699228328,1.5728016100706015e-10
1267,29.094755687266694,12.521610535361697,1.1121628377071544,0.9999999999999999,2.9029945457548716,0.7456696550216716,1.5058441354854716e-08
1268,99.99990083236027,99.99993085024732,1.8700272186144833,0.9999999999316155,1.273011069002905e-06,0.7456577943022201,3.168562688059549e-07
1269,99.99990083236027,99.99993085024732,1.8700272186144833,0.9999999999316155,1.273011069002905e-06,0.7456577943022201,3.168562688059549e-07
1270,29.50971876840133,14.115718958284123,1.1879492757978873,0.9999999999931615,2.6126952184804915,0.7456684689497265,3.1827179025501844e-08
1271,29.50971876840133,14.115718958284123,1.1879492757978873,0.9999999999931615,2.6126952184804915,0.7456684689497265,3.1827179025501844e-08
1272,29.13790992515374,12.605732241015739,1.1197414815162277,0.999999999999316,2.8739646130274337,0.7456695364144771,3.3242700474565385e-09
1273,29.13790992515374,12.605732241015739,1.1197414815162277,0.999999999999316,2.8739646130274337,0.7456695364144771,3.3242700474565385e-09
1274,29.097742464197086,12.529271634862257,1.1129207020880618,0.9999999999999315,2.900091552482128,0.7456696431609522,4.73979149652008e-10
1275,29.097742464197086,12.529271634862257,1.1129207020880618,0.9999999999999315,2.900091552482128,0.7456696431609522,4.73979149652008e-10
1276,29.095056490136507,12.52236682230355,1.112238624145245,0.999999999999993,2.9027042464275974,0.7456696538355997,1.8895005987155494e-10
1277,29.095056490136507,12.52236682230355,1.112238624145245,0.999999999999993,2.9027042464275974,0.7456696538355997,1.8895005987155494e-10
1278,29.09478628735157,12.521683748338313,1.1121704163509636,0.9999999999999992,2.902965515822144,0.7456696549030644,1.6044715089350964e-10
1279,29.09478628735157,12.521683748338313,1.1121704163509636,0.9999999999999992,2.902965515822144,0.7456696549030644,1.6044715089350964e-10
1280,29.094759251025852,12.52161551500943,1.1121635955715352,0.9999999999999998,2.9029916427615987,0.7456696550098109,1.575968599957051e-10
1281,29.094759251025852,12.52161551500943,1.1121635955715352,0.9999999999999998,2.9029916427615987,0.7456696550098109,1.575968599957051e-10
1282,29.09475654723282,12.521608692417216,1.1121629134935924,0.9999999999999999,2.9029942554555443,0.7456696550204855,1.5731183090592465e-10
1283,29.09475654723282,12.521608692417216,1.1121629134935924,0.9999999999999999,2.9029942554555443,0.7456696550204855,1.5731183090592465e-10
1284,29.094756276851914,12.521608010165414,1.1121628452857981,0.9999999999999999,2.902994516724939,0.745669655021553,1.572833279969466e-10
1285,29.094756276851914,12.521608010165414,1.1121628452857981,0.9999999999999999,2.902994516724939,0.745669655021553,1.572833279969466e-10
1286,29.09475625108679,12.521607941940294,1.1121628384650188,0.9999999999999999,2.902994542851878,0.7456696550216597,1.5728047770604878e-10
1287,29.09475625108679,12.521607941940294,1.1121628384650188,0.9999999999999999,2.902994542851878,0.7456696550216597,1.5728047770604878e-10
1288,29.09475675278553,12.52160637099789,1.11216285336618,0.9999999999999999,2.902994542851878,0.7456696550216597,1.5728047770604878e-10
1289,29.094756539488586,12.521607117004626,1.1121628384650188,0.9999999850988387,2.902994542851878,0.7456696550216597,1.5728047770604878e-10
1290,29.094756383872923,12.521607492910986,1.1121628384650188,0.9999999999999999,2.9029945577530394,0.7456696550216597,1.5728047770604878e-10
1291,29.094756094242673,12.5216087296805,1.1121628384650188,0.9999999999999999,2.902994542851878,0.7456696699228209,1.5728047770604878e-10
1292,29.09475569027092,12.521610542942268,1.1121628384650188,0.9999999999999999,2.902994542851878,0.7456696550216597,1.5058441671553704e-08
1293,29.09475625108679,12.521607941940294,1.1121628384650188,0.9999999999999999,2.902994542851878,0.7456696550216597,1.5728047770604878e-10
1294,29.09475675278553,12.52160637099789,1.11216285336618,0.9999999999999999,2.902994542851878,0.7456696550216597,1.5728047770604878e-10
1295,29.094756539488586,12.521607117004626,1.1121628384650188,0.9999999850988387,2.902994542851878,0.7456696550216597,1.5728047770604878e-10
1296,29.094756383872923,12.521607492910986,1.1121628384650188,0.9999999999999999,2.9029945577530394,0.7456696550216597,1.5728047770604878e-10
1297,29.094756094242673,12.5216087296805,1.1121628384650188,0.9999999999999999,2.902994542851878,0.7456696699228209,1.5728047770604878e-10
1298,29.09475569027092,12.521610542942268,1.1121628384650188,0.9999999999999999,2.902994542851878,0.7456696550216597,1.5058441671553704e-08
1299,100.0,100.0,1.8721437424822818,1.0,0.0,0.7456577611750633,3.1774070309315885e-07
1300,100.0,100.0,1.8721437424822818,1.0,0.0,0.7456577611750633,3.1774070309315885e-07
1301,29.519566598290996,14.095870174142142,1.1881609288667452,0.9999999999999999,2.6126950885666904,0.7456684656370001,3.191562273925133e-08
1302,29.519566598290996,14.095870174142142,1.1881609288667452,0.9999999999999999,2.6126950885666904,0.7456684656370001,3.191562273925133e-08
1303,29.138765376718247,12.603525472127137,1.1197626475051914,0.9999999999999999,2.873964597423359,0.7456695360831938,3.333114703860577e-09
1304,29.138765376718247,12.603525472127137,1.1197626475051914,0.9999999999999999,2.873964597423359,0.7456695360831938,3.333114703860577e-09
1305,29.097805038410534,12.529048787915398,1.1129228193690361,0.9999999999999999,2.9000915483090264,0.7456696431278131,4.748639003215017e-10
1306,29.097805038410534,12.529048787915398,1.1129228193690361,0.9999999999999999,2.9000915483090264,0.7456696431278131,4.748639003215017e-10
1307,29.095062753682065,12.522344522714201,1.1122388365554206,0.9999999999999999,2.902704243397593,0.745669653832275,1.8903881996759408e-10
1308,29.095062753682065,12.522344522714201,1.1122388365554206,0.9999999999999999,2.902704243397593,0.745669653832275,1.8903881996759408e-10
1309,29.094786916444093,12.521681524984817,1.112170438274059,0.9999999999999999,2.9029655129064498,0.7456696549027213,1.6045631193220332e-10
1310,29.094786916444093,12.521681524984817,1.112170438274059,0.9999999999999999,2.9029655129064498,0.7456696549027213,1.6045631193220332e-10
1311,29.09475931663928,12.521615299494421,1.1121635984459228,0.9999999999999999,2.902991639857335,0.7456696550097659,1.5759806112866424e-10
1312,29.09475931663928,12.521615299494421,1.1121635984459228,0.9999999999999999,2.902991639857335,0.7456696550097659,1.5759806112866424e-10
1313,29.094756556497988,12.521608677688173,1.1121629144631093,0.9999999999999999,2.902994252552424,0.7456696550204703,1.5731223604831032e-10
1314,29.094756556497988,12.521608677688173,1.1121629144631093,0.9999999999999999,2.902994252552424,0.7456696550204703,1.5731223604831032e-10
1315,29.094756280482244,12.521608015515023,1.1121628460648278,0.9999999999999999,2.9029945138219326,0.7456696550215408,1.5728365354027494e-10
1316,29.094756280482244,12.521608015515023,1.1121628460648278,0.9999999999999999,2.9029945138219326,0.7456696550215408,1.5728365354027494e-10
1317,29.09475625288065,12.521607949297774,1.1121628392249998,0.9999999999999999,2.9029945399488835,0.7456696550216478,1.572807952894714e-10
1318,29.09475625288065,12.521607949297774,1.1121628392249998,0.9999999999999999,2.9029945399488835,0.7456696550216478,1.572807952894714e-10
1319,29.09475625105865,12.521607942676017,1.112162838541017,0.9999999999999999,2.902994542561579,0.7456696550216585,1.5728050946439104e-10
1320,29.09475625105865,12.521607942676017,1.112162838541017,0.9999999999999999,2.902994542561579,0.7456696550216585,1.5728050946439104e-10
1321,29.09475675275739,12.521606371733638,1.1121628534421781,0.9999999999999999,2.902994542561579,0.7456696550216585,1.5728050946439104e-10
1322,29.094756539460448,12.521607117740361,1.112162838541017,0.9999999850988387,2.902994542561579,0.7456696550216585,1.5728050946439104e-10
1323,29.094756383844768,12.521607493646716,1.112162838541017,0.9999999999999999,2.90299455746274,0.7456696550216585,1.5728050946439104e-10
1324,29.09475609454936,12.52160873041625,1.112162838541017,0.9999999999999999,2.902994542561579,0.7456696699228197,1.5728050946439104e-10
1325,29.09475569057761,12.521610543678024,1.112162838541017,0.9999999999999999,2.902994542561579,0.7456696550216585,1.5058441703312046e-08
1326,29.09475625105865,12.521607942676017,1.112162838541017,0.9999999999999999,2.902994542561579,0.7456696550216585,1.5728050946439104e-10
1327,29.09475675275739,12.521606371733638,1.1121628534421781,0.9999999999999999,2.902994542561579,0.7456696550216585,1.5728050946439104e-10
1328,29.094756539460448,12.521607117740361,1.112162838541017,0.9999999850988387,2.902994542561579,0.7456696550216585,1.5728050946439104e-10
1329,29.094756383844768,12.521607493646716,1.112162838541017,0.9999999999999999,2.90299455746274,0.7456696550216585,1.5728050946439104e-10
1330,29.09475609454936,12.52160873041625,1.112162838541017,0.9999999999999999,2.902994542561579,0.7456696699228197,1.5728050946439104e-10
1331,29.09475569057761,12.521610543678024,1.112162838541017,0.9999999999999999,2.902994542561579,0.7456696550216585,1.5058441703312046e-08
1332,29.094800236793766,12.521711600778826,1.1121736716525332,1.0,2.9029532028485248,0.7456696547846581,1.619437800580401e-10
1333,29.094800236793766,12.521711600778826,1.1121736716525332,1.0,2.9029532028485248,0.7456696547846581,1.619437800580401e-10
1334,29.094760649117458,12.52161830696315,1.1121639218521686,0.9999999999999999,2.9029904085902736,0.7456696549979585,1.5774683652375593e-10
1335,29.094760649117458,12.52161830696315,1.1121639218521686,0.9999999999999999,2.9029904085902736,0.7456696549979585,1.5774683652375593e-10
1336,29.094756690023477,12.521608979089521,1.1121629468721321,0.9999999999999999,2.902994129164448,0.7456696550192885,1.5732714217032753e-10
1337,29.094756690023477,12.521608979089521,1.1121629468721321,0.9999999999999999,2.902994129164448,0.7456696550192885,1.5732714217032753e-10
1338,29.09475629411083,12.521608046317196,1.1121628493741285,0.9999999999999999,2.902994501221866,0.7456696550214215,1.5728517273498468e-10
1339,29.09475629411083,12.521608046317196,1.1121628493741285,0.9999999999999999,2.902994501221866,0.7456696550214215,1.5728517273498468e-10
1340,29.094756254519545,12.521607953040132,1.1121628396243282,0.9999999999999999,2.9029945384276075,0.7456696550216348,1.572809757914504e-10
1341,29.094756254519545,12.521607953040132,1.1121628396243282,0.9999999999999999,2.9029945384276075,0.7456696550216348,1.572809757914504e-10
1342,29.094756251022186,12.521607943712453,1.112162838649348,0.9999999999999999,2.9029945421481815,0.7456696550216562,1.5728055609709698e-10
1343,29.094756251022186,12.521607943712453,1.112162838649348,0.9999999999999999,2.9029945421481815,0.7456696550216562,1.5728055609709698e-10
1344,29.09475675272092,12.521606372770053,1.1121628535505093,0.9999999999999999,2.9029945421481815,0.7456696550216562,1.5728055609709698e-10
1345,29.094756539423972,12.521607118776787,1.112162838649348,0.9999999850988387,2.9029945421481815,0.7456696550216562,1.5728055609709698e-10
1346,29.094756383808306,12.521607494683135,1.112162838649348,0.9999999999999999,2.9029945570493427,0.7456696550216562,1.5728055609709698e-10
1347,29.094756094989265,12.521608731452655,1.112162838649348,0.9999999999999999,2.9029945421481815,0.7456696699228174,1.5728055609709698e-10
1348,29.094755691017504,12.52161054471443,1.112162838649348,0.9999999999999999,2.9029945421481815,0.7456696550216562,1.5058441749944754e-08
1349,29.094756251022186,12.521607943712453,1.112162838649348,0.9999999999999999,2.9029945421481815,0.7456696550216562,1.5728055609709698e-10
1350,29.09475675272092,12.521606372770053,1.1121628535505093,0.9999999999999999,2.9029945421481815,0.7456696550216562,1.5728055609709698e-10
1351,29.094756539423972,12.521607118776787,1.112162838649348,0.9999999850988387,2.9029945421481815,0.7456696550216562,1.5728055609709698e-10
1352,29.094756383808306,12.521607494683135,1.112162838649348,0.9999999999999999,2.9029945570493427,0.7456696550216562,1.5728055609709698e-10
1353,29.094756094989265,12.521608731452655,1.112162838649348,0.9999999999999999,2.9029945421481815,0.7456696699228174,1.5728055609709698e-10
1354,29.094755691017504,12.52161054471443,1.112162838649348,0.9999999999999999,2.9029945421481815,0.7456696550216562,1.5058441749944754e-08
1355,29.09498241620103,12.522171988615808,1.1122196538890818,1.0,2.9027770675006352,0.7456696536015622,1.8211863920171945e-10
1356,29.09498241620103,12.522171988615808,1.1122196538890818,1.0,2.9027770675006352,0.7456696536015622,1.8211863920171945e-10
1357,29.094778876226083,12.521664306184253,1.1121685201733214,0.9999999999999999,2.9029727946834267,0.7456696548796468,1.5976436440755921e-10
1358,29.094778876226083,12.521664306184253,1.1121685201733214,0.9999999999999999,2.9029727946834267,0.7456696548796468,1.5976436440755921e-10
1359,29.094758513217982,12.521613579539432,1.1121634068017454,0.9999999999999999,2.902992367401706,0.7456696550074552,1.575289369281432e-10
1360,29.094758513217982,12.521613579539432,1.1121634068017454,0.9999999999999999,2.902992367401706,0.7456696550074552,1.575289369281432e-10
1361,29.094756476827083,12.521608507290935,1.1121628954645877,0.9999999999999999,2.902994324673534,0.7456696550202361,1.573053941802016e-10
1362,29.094756476827083,12.521608507290935,1.1121628954645877,0.9999999999999999,2.902994324673534,0.7456696550202361,1.573053941802016e-10
1363,29.094756273187073,12.52160800007027,1.112162844330872,0.9999999999999999,2.902994520400717,0.7456696550215142,1.5728303990540745e-10
1364,29.094756273187073,12.52160800007027,1.112162844330872,0.9999999999999999,2.902994520400717,0.7456696550215142,1.5728303990540745e-10
1365,29.09475625282308,12.52160794934823,1.1121628392175005,0.9999999999999999,2.902994539973435,0.745669655021642,1.5728080447792802e-10
1366,29.09475625282308,12.52160794934823,1.1121628392175005,0.9999999999999999,2.902994539973435,0.745669655021642,1.5728080447792802e-10
1367,29.094756250997143,12.521607944275997,1.1121628387061633,0.9999999999999999,2.902994541930707,0.7456696550216547,1.5728058093518008e-10
1368,29.094756250997143,12.521607944275997,1.1121628387061633,0.9999999999999999,2.902994541930707,0.7456696550216547,1.5728058093518008e-10
1369,29.094756752695893,12.521606373333622,1.1121628536073245,0.9999999999999999,2.902994541930707,0.7456696550216547,1.5728058093518008e-10
1370,29.09475653939892,12.521607119340345,1.1121628387061633,0.9999999850988387,2.902994541930707,0.7456696550216547,1.5728058093518008e-10
1371,29.09475638378325,12.52160749524668,1.1121628387061633,0.9999999999999999,2.9029945568318682,0.7456696550216547,1.5728058093518008e-10
1372,29.09475609521552,12.521608732016254,1.1121628387061633,0.9999999999999999,2.902994541930707,0.7456696699228159,1.5728058093518008e-10
1373,29.09475569124377,12.521610545277975,1.1121628387061633,0.9999999999999999,2.902994541930707,0.7456696550216547,1.5058441774782837e-08
1374,29.094756250997143,12.521607944275997,1.1121628387061633,0.9999999999999999,2.902994541930707,0.7456696550216547,1.5728058093518008e-10
1375,29.094756752695893,12.521606373333622,1.1121628536073245,0.9999999999999999,2.902994541930707,0.7456696550216547,1.5728058093518008e-10
1376,29.09475653939892,12.521607119340345,1.1121628387061633,0.9999999850988387,2.902994541930707,0.7456696550216547,1.5728058093518008e-10
1377,29.09475638378325,12.52160749524668,1.1121628387061633,0.9999999999999999,2.9029945568318682,0.7456696550216547,1.5728058093518008e-10
1378,29.09475609521552,12.521608732016254,1.1121628387061633,0.9999999999999999,2.902994541930707,0.7456696699228159,1.5728058093518008e-10
1379,29.09475569124377,12.521610545277975,1.1121628387061633,0.9999999999999999,2.902994541930707,0.7456696550216547,1.5058441774782837e-08
1380,29.094797423115875,12.521704497671978,1.112172961757472,1.0,2.9029559219556793,0.7456696547114783,1.618202603966887e-10
1381,29.094797423115875,12.521704497671978,1.112172961757472,1.0,2.9029559219556793,0.7456696547114783,1.618202603966887e-10
1382,29.094760368307345,12.521617598285934,1.1121638510112941,0.9999999999999999,2.9029906799332044,0.7456696549906371,1.5773454888133093e-10
1383,29.094760368307345,12.521617598285934,1.1121638510112941,0.9999999999999999,2.9029906799332044,0.7456696549906371,1.5773454888133093e-10
1384,29.094756662541617,12.52160890966372,1.1121629399366764,0.9999999999999999,2.9029941557309566,0.745669655018553,1.5732597772979515e-10
1385,29.094756662541617,12.52160890966372,1.1121629399366764,0.9999999999999999,2.9029941557309566,0.745669655018553,1.5732597772979515e-10
1386,29.094756291962188,12.521608040814652,1.1121628488292146,0.9999999999999999,2.902994503310732,0.7456696550213445,1.5728512061464158e-10
1387,29.094756291962188,12.521608040814652,1.1121628488292146,0.9999999999999999,2.902994503310732,0.7456696550213445,1.5728512061464158e-10
1388,29.09475625490423,12.521607953929895,1.1121628397184684,0.9999999999999999,2.9029945380687097,0.7456696550216237,1.5728103490312622e-10
1389,29.09475625490423,12.521607953929895,1.1121628397184684,0.9999999999999999,2.9029945380687097,0.7456696550216237,1.5728103490312622e-10
1390,29.09475625119843,12.521607945241392,1.1121628388073939,0.9999999999999999,2.902994541544507,0.7456696550216516,1.5728062633197468e-10
1391,29.09475625119843,12.521607945241392,1.1121628388073939,0.9999999999999999,2.902994541544507,0.7456696550216516,1.5728062633197468e-10
1392,29.094756250993832,12.521607944372729,1.1121628387163045,0.9999999999999999,2.902994541892018,0.7456696550216544,1.5728058548298385e-10
1393,29.094756250993832,12.521607944372729,1.1121628387163045,0.9999999999999999,2.902994541892018,0.7456696550216544,1.5728058548298385e-10
1394,29.094756752692565,12.521606373430322,1.1121628536174657,0.9999999999999999,2.902994541892018,0.7456696550216544,1.5728058548298385e-10
1395,29.094756539395622,12.521607119437068,1.1121628387163045,0.9999999850988387,2.902994541892018,0.7456696550216544,1.5728058548298385e-10
1396,29.09475638377997,12.521607495343403,1.1121628387163045,0.9999999999999999,2.902994556793179,0.7456696550216544,1.5728058548298385e-10
1397,29.094756095256795,12.521608732112927,1.1121628387163045,0.9999999999999999,2.902994541892018,0.7456696699228156,1.5728058548298385e-10
1398,29.09475569128503,12.52161054537469,1.1121628387163045,0.9999999999999999,2.902994541892018,0.7456696550216544,1.505844177933064e-08
1399,29.094756250993832,12.521607944372729,1.1121628387163045,0.9999999999999999,2.902994541892018,0.7456696550216544,1.5728058548298385e-10
1400,29.094756752692565,12.521606373430322,1.1121628536174657,0.9999999999999999,2.902994541892018,0.7456696550216544,1.5728058548298385e-10
1401,29.094756539395622,12.521607119437068,1.1121628387163045,0.9999999850988387,2.902994541892018,0.7456696550216544,1.5728058548298385e-10
1402,29.09475638377997,12.521607495343403,1.1121628387163045,0.9999999999999999,2.902994556793179,0.7456696550216544,1.5728058548298385e-10
1403,29.094756095256795,12.521608732112927,1.1121628387163045,0.9999999999999999,2.902994541892018,0.7456696699228156,1.5728058548298385e-10
1404,29.09475569128503,12.52161054537469,1.1121628387163045,0.9999999999999999,2.902994541892018,0.7456696550216544,1.505844177933064e-08
1405,29.094958365993083,12.522111156107648,1.1122135817189593,1.0,2.9028003264999387,0.7456696534506505,1.8009242979849282e-10
1406,29.094958365993083,12.522111156107648,1.1122135817189593,1.0,2.9028003264999387,0.7456696534506505,1.8009242979849282e-10
1407,29.09477646960373,12.52165823203199,1.11216791301657,0.9999999999999999,2.90297512035281,0.7456696548645539,1.5956176991453476e-10
1408,29.09477646960373,12.52165823203199,1.11216791301657,0.9999999999999999,2.90297512035281,0.7456696548645539,1.5956176991453476e-10
1409,29.094758272778087,12.521612972803526,1.112163346146331,0.9999999999999999,2.902992599738097,0.7456696550059444,1.5750870392613893e-10
1410,29.094758272778087,12.521612972803526,1.112163346146331,0.9999999999999999,2.902992599738097,0.7456696550059444,1.5750870392613893e-10
1411,29.094756453023653,12.521608447212476,1.1121628894593072,0.9999999999999999,2.902994347676626,0.7456696550200834,1.5730339732729937e-10
1412,29.094756453023653,12.521608447212476,1.1121628894593072,0.9999999999999999,2.902994347676626,0.7456696550200834,1.5730339732729937e-10
1413,29.094756271047515,12.521607994656609,1.1121628437906048,0.9999999999999999,2.902994522470479,0.7456696550214973,1.572828666674154e-10
1414,29.094756271047515,12.521607994656609,1.1121628437906048,0.9999999999999999,2.902994522470479,0.7456696550214973,1.572828666674154e-10
1415,29.09475625284989,12.521607949401092,1.1121628392237346,0.9999999999999999,2.902994539949864,0.7456696550216386,1.5728081360142702e-10
1416,29.09475625284989,12.521607949401092,1.1121628392237346,0.9999999999999999,2.902994539949864,0.7456696550216386,1.5728081360142702e-10
1417,29.094756251030102,12.521607944875562,1.1121628387670475,0.9999999999999999,2.9029945416978027,0.7456696550216528,1.5728060829482817e-10
1418,29.094756251030102,12.521607944875562,1.1121628387670475,0.9999999999999999,2.9029945416978027,0.7456696550216528,1.5728060829482817e-10
1419,29.094756250989345,12.521607944474185,1.1121628387265472,0.9999999999999999,2.902994541852815,0.745669655021654,1.572805900876356e-10
1420,29.094756250989345,12.521607944474185,1.1121628387265472,0.9999999999999999,2.902994541852815,0.745669655021654,1.572805900876356e-10
1421,29.094756752688095,12.521606373531819,1.1121628536277084,0.9999999999999999,2.902994541852815,0.745669655021654,1.572805900876356e-10
1422,29.09475653939114,12.521607119538547,1.1121628387265472,0.9999999850988387,2.902994541852815,0.745669655021654,1.572805900876356e-10
1423,29.094756383775465,12.5216074954449,1.1121628387265472,0.9999999999999999,2.9029945567539763,0.745669655021654,1.572805900876356e-10
1424,29.094756095297598,12.521608732214439,1.1121628387265472,0.9999999999999999,2.902994541852815,0.7456696699228152,1.572805900876356e-10
1425,29.09475569132583,12.521610545476191,1.1121628387265472,0.9999999999999999,2.902994541852815,0.745669655021654,1.5058441783935292e-08
1426,29.094756250989345,12.521607944474185,1.1121628387265472,0.9999999999999999,2.902994541852815,0.745669655021654,1.572805900876356e-10
1427,29.094756752688095,12.521606373531819,1.1121628536277084,0.9999999999999999,2.902994541852815,0.745669655021654,1.572805900876356e-10
1428,29.09475653939114,12.521607119538547,1.1121628387265472,0.9999999850988387,2.902994541852815,0.745669655021654,1.572805900876356e-10
1429,29.094756383775465,12.5216074954449,1.1121628387265472,0.9999999999999999,2.9029945567539763,0.745669655021654,1.572805900876356e-10
1430,29.094756095297598,12.521608732214439,1.1121628387265472,0.9999999999999999,2.902994541852815,0.7456696699228152,1.572805900876356e-10
1431,29.09475569132583,12.521610545476191,1.1121628387265472,0.9999999999999999,2.902994541852815,0.745669655021654,1.5058441783935292e-08
1432,29.0947618578783,12.521614733599403,1.112163989056409,1.0,2.9029902920271824,0.7456696549803047,1.578038774364604e-10
1433,29.0947618578783,12.521614733599403,1.112163989056409,1.0,2.9029902920271824,0.7456696549803047,1.578038774364604e-10
1434,29.09475681157327,12.521608623370057,1.1121629537595334,0.9999999999999999,2.9029941168702518,0.7456696550175191,1.5733291882251806e-10
1435,29.09475681157327,12.521608623370057,1.1121629537595334,0.9999999999999999,2.9029941168702518,0.7456696550175191,1.5733291882251806e-10
1436,29.094756306939217,12.521608012363632,1.1121628502298457,0.9999999999999999,2.9029944993545587,0.7456696550212406,1.5728582296112384e-10
1437,29.094756306939217,12.521608012363632,1.1121628502298457,0.9999999999999999,2.9029944993545587,0.7456696550212406,1.5728582296112384e-10
1438,29.09475625647579,12.521607951263173,1.112162839876877,0.9999999999999999,2.9029945376029893,0.7456696550216128,1.572811133749844e-10
1439,29.09475625647579,12.521607951263173,1.112162839876877,0.9999999999999999,2.9029945376029893,0.7456696550216128,1.572811133749844e-10
1440,29.094756251429438,12.521607945153093,1.1121628388415803,0.9999999999999999,2.9029945414278324,0.74566965502165,1.5728064241637048e-10
1441,29.094756251429438,12.521607945153093,1.1121628388415803,0.9999999999999999,2.9029945414278324,0.74566965502165,1.5728064241637048e-10
1442,29.09475625099792,12.5216079445421,1.1121628387380504,0.9999999999999999,2.9029945418103167,0.7456696550216536,1.5728059532050908e-10
1443,29.09475625099792,12.5216079445421,1.1121628387380504,0.9999999999999999,2.9029945418103167,0.7456696550216536,1.5728059532050908e-10
1444,29.09475675269667,12.521606373599695,1.1121628536392116,0.9999999999999999,2.9029945418103167,0.7456696550216536,1.5728059532050908e-10
1445,29.09475653939973,12.521607119606468,1.1121628387380504,0.9999999850988387,2.9029945418103167,0.7456696550216536,1.5728059532050908e-10
1446,29.09475638378407,12.521607495512804,1.1121628387380504,0.9999999999999999,2.902994556711478,0.7456696550216536,1.5728059532050908e-10
1447,29.094756095353663,12.521608732282363,1.1121628387380504,0.9999999999999999,2.9029945418103167,0.7456696699228148,1.5728059532050908e-10
1448,29.094755691381913,12.521610545544087,1.1121628387380504,0.9999999999999999,2.9029945418103167,0.7456696550216536,1.5058441789168166e-08
1449,29.09475625099792,12.5216079445421,1.1121628387380504,0.9999999999999999,2.9029945418103167,0.7456696550216536,1.5728059532050908e-10
1450,29.09475675269667,12.521606373599695,1.1121628536392116,0.9999999999999999,2.9029945418103167,0.7456696550216536,1.5728059532050908e-10
1451,29.09475653939973,12.521607119606468,1.1121628387380504,0.9999999850988387,2.9029945418103167,0.7456696550216536,1.5728059532050908e-10
1452,29.09475638378407,12.521607495512804,1.1121628387380504,0.9999999999999999,2.902994556711478,0.7456696550216536,1.5728059532050908e-10
1453,29.094756095353663,12.521608732282363,1.1121628387380504,0.9999999999999999,2.9029945418103167,0.7456696699228148,1.5728059532050908e-10
1454,29.094755691381913,12.521610545544087,1.1121628387380504,0.9999999999999999,2.9029945418103167,0.7456696550216536,1.5058441789168166e-08
1455,29.094780328333297,12.521661347113907,1.1121686487870006,1.0,2.9029724427904333,0.7456696548003916,1.599639484037496e-10
1456,29.094780328333297,12.521661347113907,1.1121686487870006,1.0,2.9029724427904333,0.7456696548003916,1.599639484037496e-10
1457,29.094758658760078,12.521613284362566,1.1121634197429455,0.9999999999999999,2.902992331908328,0.7456696549995274,1.5754893062883312e-10
1458,29.094758658760078,12.521613284362566,1.1121634197429455,0.9999999999999999,2.902992331908328,0.7456696549995274,1.5754893062883312e-10
1459,29.094756491709283,12.521608478519758,1.11216289683854,0.9999999999999999,2.9029943208201177,0.7456696550194409,1.5730742885134148e-10
1460,29.094756491709283,12.521608478519758,1.11216289683854,0.9999999999999999,2.9029943208201177,0.7456696550194409,1.5730742885134148e-10
1461,29.09475627500325,12.52160799793986,1.1121628445480993,0.9999999999999999,2.9029945197112967,0.7456696550214323,1.5728327867359232e-10
1462,29.09475627500325,12.52160799793986,1.1121628445480993,0.9999999999999999,2.9029945197112967,0.7456696550214323,1.5728327867359232e-10
1463,29.094756253332644,12.521607949881902,1.1121628393190552,0.9999999999999999,2.9029945396004146,0.7456696550216315,1.5728086365581742e-10
1464,29.094756253332644,12.521607949881902,1.1121628393190552,0.9999999999999999,2.9029945396004146,0.7456696550216315,1.5728086365581742e-10
1465,29.0947562511656,12.521607945076077,1.1121628387961509,0.9999999999999999,2.9029945415893263,0.7456696550216514,1.572806221540399e-10
1466,29.0947562511656,12.521607945076077,1.1121628387961509,0.9999999999999999,2.9029945415893263,0.7456696550216514,1.572806221540399e-10
1467,29.09475625099661,12.52160794459553,1.1121628387438605,0.9999999999999999,2.9029945417882175,0.7456696550216534,1.5728059800386215e-10
1468,29.09475625099661,12.52160794459553,1.1121628387438605,0.9999999999999999,2.9029945417882175,0.7456696550216534,1.5728059800386215e-10
1469,29.094756752695368,12.52160637365314,1.1121628536450217,0.9999999999999999,2.9029945417882175,0.7456696550216534,1.5728059800386215e-10
1470,29.09475653939842,12.521607119659874,1.1121628387438605,0.9999999850988387,2.9029945417882175,0.7456696550216534,1.5728059800386215e-10
1471,29.094756383782737,12.521607495566217,1.1121628387438605,0.9999999999999999,2.9029945566893787,0.7456696550216534,1.5728059800386215e-10
1472,29.094756095377733,12.521608732335753,1.1121628387438605,0.9999999999999999,2.9029945417882175,0.7456696699228146,1.5728059800386215e-10
1473,29.09475569140599,12.52161054559751,1.1121628387438605,0.9999999999999999,2.9029945417882175,0.7456696550216534,1.505844179185152e-08
1474,29.09475625099661,12.52160794459553,1.1121628387438605,0.9999999999999999,2.9029945417882175,0.7456696550216534,1.5728059800386215e-10
1475,29.094756752695368,12.52160637365314,1.1121628536450217,0.9999999999999999,2.9029945417882175,0.7456696550216534,1.5728059800386215e-10
1476,29.09475653939842,12.521607119659874,1.1121628387438605,0.9999999850988387,2.9029945417882175,0.7456696550216534,1.5728059800386215e-10
1477,29.094756383782737,12.521607495566217,1.1121628387438605,0.9999999999999999,2.9029945566893787,0.7456696550216534,1.5728059800386215e-10
1478,29.094756095377733,12.521608732335753,1.1121628387438605,0.9999999999999999,2.9029945417882175,0.7456696699228146,1.5728059800386215e-10
1479,29.09475569140599,12.52161054559751,1.1121628387438605,0.9999999999999999,2.9029945417882175,0.7456696550216534,1.505844179185152e-08
1480,29.094759258447144,12.521608174244383,1.1121633332997398,1.0,2.902992803914951,0.745669655001001,1.5750713432815648e-10
1481,29.094759258447144,12.521608174244383,1.1121633332997398,1.0,2.902992803914951,0.745669655001001,1.5750713432815648e-10
1482,29.094756551699323,12.521607967557486,1.1121628881994483,0.9999999999999999,2.9029943680008907,0.7456696550195882,1.5730325163629159e-10
1483,29.094756551699323,12.521607967557486,1.1121628881994483,0.9999999999999999,2.9029943680008907,0.7456696550195882,1.5730325163629159e-10
1484,29.094756281023944,12.521607946891649,1.1121628436894193,0.9999999999999999,2.902994524409485,0.7456696550214469,1.5728286336710509e-10
1485,29.094756281023944,12.521607946891649,1.1121628436894193,0.9999999999999999,2.902994524409485,0.7456696550214469,1.5728286336710509e-10
1486,29.094756253956394,12.521607944825114,1.1121628392384164,0.9999999999999999,2.902994540050344,0.7456696550216327,1.5728082454018646e-10
1487,29.094756253956394,12.521607944825114,1.1121628392384164,0.9999999999999999,2.902994540050344,0.7456696550216327,1.5728082454018646e-10
1488,29.09475625124963,12.521607944618468,1.112162838793316,0.9999999999999999,2.9029945416144303,0.7456696550216513,1.5728062065749459e-10
1489,29.09475625124963,12.521607944618468,1.112162838793316,0.9999999999999999,2.9029945416144303,0.7456696550216513,1.5728062065749459e-10
1490,29.094756251008274,12.521607944597793,1.112162838748806,0.9999999999999999,2.902994541770839,0.7456696550216532,1.572806002692254e-10
1491,29.094756251008274,12.521607944597793,1.112162838748806,0.9999999999999999,2.902994541770839,0.7456696550216532,1.572806002692254e-10
1492,29.094756752707017,12.521606373655395,1.1121628536499673,0.9999999999999999,2.902994541770839,0.7456696550216532,1.572806002692254e-10
1493,29.094756539410056,12.521607119662153,1.112162838748806,0.9999999850988387,2.902994541770839,0.7456696550216532,1.572806002692254e-10
1494,29.0947563837944,12.521607495568505,1.112162838748806,0.9999999999999999,2.902994556672,0.7456696550216532,1.572806002692254e-10
1495,29.09475609540782,12.52160873233803,1.112162838748806,0.9999999999999999,2.902994541770839,0.7456696699228144,1.572806002692254e-10
1496,29.094755691436053,12.521610545599799,1.112162838748806,0.9999999999999999,2.902994541770839,0.7456696550216532,1.5058441794116883e-08
1497,29.094756251008274,12.521607944597793,1.112162838748806,0.9999999999999999,2.902994541770839,0.7456696550216532,1.572806002692254e-10
1498,29.094756752707017,12.521606373655395,1.1121628536499673,0.9999999999999999,2.902994541770839,0.7456696550216532,1.572806002692254e-10
1499,29.094756539410056,12.521607119662153,1.112162838748806,0.9999999850988387,2.902994541770839,0.7456696550216532,1.572806002692254e-10
1500,29.0947563837944,12.521607495568505,1.112162838748806,0.9999999999999999,2.902994556672,0.7456696550216532,1.572806002692254e-10
1501,29.09475609540782,12.52160873233803,1.112162838748806,0.9999999999999999,2.902994541770839,0.7456696699228144,1.572806002692254e-10
1502,29.094755691436053,12.521610545599799,1.112162838748806,0.9999999999999999,2.902994541770839,0.7456696550216532,1.5058441794116883e-08
1503,29.094765687092277,12.521624396476833,1.1121649550662398,1.0,2.9029865916639697,0.74566965492244,1.5827505356928912e-10
1504,29.094765687092277,12.521624396476833,1.1121649550662398,1.0,2.9029865916639697,0.74566965492244,1.5827505356928912e-10
1505,29.094757194602632,12.521609589728422,1.1121630503805495,0.9999999999999999,2.902993746760152,0.7456696550117319,1.5738004559923179e-10
1506,29.094757194602632,12.521609589728422,1.1121630503805495,0.9999999999999999,2.902993746760152,0.7456696550117319,1.5738004559923179e-10
1507,29.094756345341455,12.521608109110305,1.1121628599119804,0.9999999999999999,2.90299446226977,0.7456696550206611,1.5729054480222603e-10
1508,29.094756345341455,12.521608109110305,1.1121628599119804,0.9999999999999999,2.90299446226977,0.7456696550206611,1.5729054480222603e-10
1509,29.094756260415217,12.521607961049005,1.1121628408651234,0.9999999999999999,2.902994533820732,0.7456696550215539,1.5728159472252546e-10
1510,29.094756260415217,12.521607961049005,1.1121628408651234,0.9999999999999999,2.902994533820732,0.7456696550215539,1.5728159472252546e-10
1511,29.094756251922576,12.521607946242908,1.1121628389604379,0.9999999999999999,2.902994540975828,0.7456696550216433,1.5728069971455542e-10
1512,29.094756251922576,12.521607946242908,1.1121628389604379,0.9999999999999999,2.902994540975828,0.7456696550216433,1.5728069971455542e-10
1513,29.09475625107331,12.521607944762305,1.1121628387699691,0.9999999999999999,2.902994541691338,0.7456696550216522,1.5728061021375841e-10
1514,29.09475625107331,12.521607944762305,1.1121628387699691,0.9999999999999999,2.902994541691338,0.7456696550216522,1.5728061021375841e-10
1515,29.09475625100868,12.52160794461427,1.1121628387509224,0.9999999999999999,2.902994541762889,0.745669655021653,1.572806012636787e-10
1516,29.09475625100868,12.52160794461427,1.1121628387509224,0.9999999999999999,2.902994541762889,0.745669655021653,1.572806012636787e-10
1517,29.094756752707422,12.521606373671856,1.1121628536520836,0.9999999999999999,2.902994541762889,0.745669655021653,1.572806012636787e-10
1518,29.094756539410476,12.521607119678608,1.1121628387509224,0.9999999850988387,2.902994541762889,0.745669655021653,1.572806012636787e-10
1519,29.094756383794802,12.521607495584947,1.1121628387509224,0.9999999999999999,2.90299455666405,0.745669655021653,1.572806012636787e-10
1520,29.094756095417267,12.521608732354478,1.1121628387509224,0.9999999999999999,2.902994541762889,0.7456696699228142,1.572806012636787e-10
1521,29.094755691445496,12.521610545616243,1.1121628387509224,0.9999999999999999,2.902994541762889,0.745669655021653,1.5058441795111336e-08
1522,29.09475625100868,12.52160794461427,1.1121628387509224,0.9999999999999999,2.902994541762889,0.745669655021653,1.572806012636787e-10
1523,29.094756752707422,12.521606373671856,1.1121628536520836,0.9999999999999999,2.902994541762889,0.745669655021653,1.572806012636787e-10
1524,29.094756539410476,12.521607119678608,1.1121628387509224,0.9999999850988387,2.902994541762889,0.745669655021653,1.572806012636787e-10
1525,29.094756383794802,12.521607495584947,1.1121628387509224,0.9999999999999999,2.90299455666405,0.745669655021653,1.572806012636787e-10
1526,29.094756095417267,12.521608732354478,1.1121628387509224,0.9999999999999999,2.902994541762889,0.7456696699228142,1.572806012636787e-10
1527,29.094755691445496,12.521610545616243,1.1121628387509224,0.9999999999999999,2.902994541762889,0.745669655021653,1.5058441795111336e-08
1528,29.094759506764913,12.521608800824247,1.1121633959430886,1.0,2.9029925639496494,0.7456696549936149,1.5754124692999134e-10
1529,29.094759506764913,12.521608800824247,1.1121633959430886,1.0,2.9029925639496494,0.7456696549936149,1.5754124692999134e-10
1530,29.094756576566848,12.521608030231473,1.112162894470139,0.9999999999999999,2.902994343981565,0.7456696550188493,1.5730666583030997e-10
1531,29.094756576566848,12.521608030231473,1.112162894470139,0.9999999999999999,2.902994343981565,0.7456696550188493,1.5730666583030997e-10
1532,29.094756283546236,12.521607953175945,1.112162844322844,0.9999999999999999,2.9029945219847564,0.7456696550213727,1.5728320772034183e-10
1533,29.094756283546236,12.521607953175945,1.112162844322844,0.9999999999999999,2.9029945219847564,0.7456696550213727,1.5728320772034183e-10
1534,29.094756254244185,12.521607945470409,1.1121628393081144,0.9999999999999999,2.902994539785076,0.745669655021625,1.5728086190934503e-10
1535,29.094756254244185,12.521607945470409,1.1121628393081144,0.9999999999999999,2.902994539785076,0.745669655021625,1.5728086190934503e-10
1536,29.094756251313967,12.521607944699872,1.1121628388066416,0.9999999999999999,2.9029945415651075,0.7456696550216503,1.5728062732824533e-10
1537,29.094756251313967,12.521607944699872,1.1121628388066416,0.9999999999999999,2.9029945415651075,0.7456696550216503,1.5728062732824533e-10
1538,29.09475625102096,12.521607944622797,1.1121628387564944,0.9999999999999999,2.902994541743111,0.7456696550216527,1.5728060387013537e-10
1539,29.09475625102096,12.521607944622797,1.1121628387564944,0.9999999999999999,2.902994541743111,0.7456696550216527,1.5728060387013537e-10
1540,29.094756752718787,12.521606373680422,1.1121628536576555,0.9999999999999999,2.902994541743111,0.7456696550216527,1.5728060387013537e-10
1541,29.09475653942183,12.521607119687125,1.1121628387564944,0.9999999850988387,2.902994541743111,0.7456696550216527,1.5728060387013537e-10
1542,29.09475638380617,12.5216074955935,1.1121628387564944,0.9999999999999999,2.902994556644272,0.7456696550216527,1.5728060387013537e-10
1543,29.09475609544983,12.521608732363045,1.1121628387564944,0.9999999999999999,2.902994541743111,0.7456696699228139,1.5728060387013537e-10
1544,29.094755691478056,12.521610545624778,1.1121628387564944,0.9999999999999999,2.902994541743111,0.7456696550216527,1.5058441797717792e-08
1545,29.09475625102096,12.521607944622797,1.1121628387564944,0.9999999999999999,2.902994541743111,0.7456696550216527,1.5728060387013537e-10
1546,29.094756752718787,12.521606373680422,1.1121628536576555,0.9999999999999999,2.902994541743111,0.7456696550216527,1.5728060387013537e-10
1547,29.09475653942183,12.521607119687125,1.1121628387564944,0.9999999850988387,2.902994541743111,0.7456696550216527,1.5728060387013537e-10
1548,29.09475638380617,12.5216074955935,1.1121628387564944,0.9999999999999999,2.902994556644272,0.7456696550216527,1.5728060387013537e-10
1549,29.09475609544983,12.521608732363045,1.1121628387564944,0.9999999999999999,2.902994541743111,0.7456696699228139,1.5728060387013537e-10
1550,29.094755691478056,12.521610545624778,1.1121628387564944,0.9999999999999999,2.902994541743111,0.7456696550216527,1.5058441797717792e-08
1551,29.09475761391574,12.521603915933913,1.1121629075766826,1.0,2.9029944346630923,0.7456696550194605,1.573053772125672e-10
1552,29.09475761391574,12.521603915933913,1.1121629075766826,1.0,2.9029944346630923,0.7456696550194605,1.573053772125672e-10
