0.0,0.0006119477634242982,0.0017425443426049199,0.003839188962026661,0.007604737472854325,0.013521881563319836,0.01839838068049096,0.013521881563319836,0.007604737472854325,0.003839188962026661,0.0017425443426049199,0.0006119477634242982,0.0,0.0,0.0005650948834183494,0.0017634266653045335,0.004343596938586414,0.009749371339924987,0.01943443694402934,0.027750275189886493,0.01943443694402934,0.009749371339924987,0.004343596938586414,0.0017634266653045335,0.0005650948834183494,0.0,0.0,0.0006056835541353213,0.0017026015118134792,0.0036975154902433626,0.0072400345106365645,0.012806924333055808,0.017365573607961943,0.012806924333055808,0.0072400345106365645,0.0036975154902433626,0.0017026015118134792,0.0006056835541353213,0.0,0.0,0.0005505591359468127,0.0017034643398158942,0.004151075355804291,0.009238547213350422,0.018369704594144436,0.026158001822587266,0.018369704594144436,0.009238547213350422,0.004151075355804291,0.0017034643398158942,0.0005505591359468127,0.0
0.0,0.0006119477414030447,0.00174254428163977,0.0038391888309542467,0.007604737215142474,0.01352188108236018,0.018398379924971342,0.01352188108236018,0.007604737215142474,0.0038391888309542467,0.00174254428163977,0.0006119477414030447,0.0,0.0,0.0005650948775167623,0.0017634266569167747,0.0043435969529518085,0.009749371483457007,0.019434437533288038,0.027750276444079083,0.019434437533288038,0.009749371483457007,0.0043435969529518085,0.0017634266569167747,0.0005650948775167623,0.0,0.0,0.0006056835331416807,0.001702601454153929,0.0036975153673233295,0.007240034270228324,0.0128069238839295,0.017365572902196022,0.0128069238839295,0.007240034270228324,0.0036975153673233295,0.001702601454153929,0.0006056835331416807,0.0,0.0,0.00055055913038471,0.0017034643320998268,0.004151075369849158,0.009238547348746375,0.018369705149446424,0.02615800300100429,0.018369705149446424,0.009238547348746375,0.004151075369849158,0.0017034643320998268,0.00055055913038471,0.0
0.0,0.0006119477693630586,0.0017425443499021153,0.0038391889529808395,0.007604737398626485,0.013521881326704588,0.01839838026347633,0.013521881326704588,0.007604737398626485,0.0038391889529808395,0.0017425443499021153,0.0006119477693630586,0.0,0.0,0.0005650948958587674,0.0017634266909767782,0.004343596963449201,0.0097493713005104,0.019434436676892614,0.02775027464205228,0.019434436676892614,0.0097493713005104,0.004343596963449201,0.0017634266909767782,0.0005650948958587674,0.0,0.0,0.0006056835596045705,0.001702601517943162,0.003697515479865518,0.007240034437710426,0.012806924105939432,0.017365573211381498,0.012806924105939432,0.007240034437710426,0.003697515479865518,0.001702601517943162,0.0006056835596045705,0.0,0.0,0.0005505591478792205,0.0017034643641004696,0.004151075378686295,0.009238547174857045,0.018369704339737718,0.026158001304487474,0.018369704339737718,0.009238547174857045,0.004151075378686295,0.0017034643641004696,0.0005505591478792205,0.0
0.0,0.0006119477725430305,0.0017425443685708541,0.0038391890192350335,0.007604737586173744,0.013521881764811575,0.018398380954648196,0.013521881764811575,0.007604737586173744,0.0038391890192350335,0.0017425443685708541,0.0006119477725430305,0.0,0.0,0.0005650948918389194,0.0017634266915816385,0.004343597003311052,0.00974937148520194,0.019434437233625014,0.027750275603397816,0.019434437233625014,0.00974937148520194,0.004343597003311052,0.0017634266915816385,0.0005650948918389194,0.0,0.0,0.0006056835631607093,0.001702601537184218,0.0036975155453406365,0.007240034618521486,0.012806924523893851,0.017365573866729156,0.012806924523893851,0.007240034618521486,0.0036975155453406365,0.001702601537184218,0.0006056835631607093,0.0,0.0,0.000550559144150783,0.001703464365199491,0.0041510754176601345,0.009238547351015501,0.018369704867874367,0.02615800221237187,0.018369704867874367,0.009238547351015501,0.0041510754176601345,0.001703464365199491,0.000550559144150783,0.0
0.0,0.0006119477573465393,0.0017425443254946835,0.003839188924901772,0.007604737400761124,0.013521881438154946,0.018398380513337795,0.013521881438154946,0.007604737400761124,0.003839188924901772,0.0017425443254946835,0.0006119477573465393,0.0,0.0,0.000565094879925602,0.001763426654408917,0.004343596911735197,0.009749371279504978,0.019434436822788562,0.027750275015165533,0.019434436822788562,0.009749371279504978,0.004343596911735197,0.001763426654408917,0.000565094879925602,0.0,0.0,0.0006056835481044918,0.001702601495059976,0.003697515454425081,0.007240034441900299,0.012806924214379773,0.017365573450038328,0.012806924214379773,0.007240034441900299,0.003697515454425081,0.001702601495059976,0.0006056835481044918,0.0,0.0,0.0005505591325435616,0.001703464329290597,0.0041510753301449085,0.009238547156104284,0.01836970447956409,0.026158001657921193,0.01836970447956409,0.009238547156104284,0.0041510753301449085,0.001703464329290597,0.0005505591325435616,0.0
0.0,0.0006119477492659436,0.0017425443018704403,0.00383918887104183,0.007604737289429912,0.013521881230219742,0.018398380219579614,0.013521881230219742,0.007604737289429912,0.00383918887104183,0.0017425443018704403,0.0006119477492659436,0.0,0.0,0.0005650948628477079,0.0017634266010932442,0.004343596780520085,0.009749370986091186,0.019434436243535,0.027750274198962782,0.019434436243535,0.009749370986091186,0.004343596780520085,0.0017634266010932442,0.0005650948628477079,0.0,0.0,0.0006056835401530133,0.001702601472085167,0.003697515402746339,0.007240034336217563,0.012806924017838029,0.017365573173250527,0.012806924017838029,0.007240034336217563,0.003697515402746339,0.001702601472085167,0.0006056835401530133,0.0,0.0,0.0005505591159072727,0.0017034642777887512,0.004151075204733212,0.009238546878006338,0.018369703931917742,0.026158000888343996,0.018369703931917742,0.009238546878006338,0.004151075204733212,0.0017034642777887512,0.0005505591159072727,0.0
0.0,0.0004911383716144171,0.0013711966121289928,0.0029531267784227216,0.005708291502679273,0.009927296522532214,0.01340422487141699,0.009927296522532214,0.005708291502679273,0.0029531267784227216,0.0013711966121289928,0.0004911383716144171,0.0,0.0,0.0004391355542454104,0.0013214655107085733,0.0031095186541536673,0.006601662622560501,0.01234700059335633,0.016781236355166766,0.01234700059335633,0.006601662622560501,0.0031095186541536673,0.0013214655107085733,0.0004391355542454104,0.0,0.0,0.0004835716087232967,0.001333771202427076,0.002834128623349706,0.00542047016101364,0.00938432990366651,0.01263252449947741,0.00938432990366651,0.00542047016101364,0.002834128623349706,0.001333771202427076,0.0004835716087232967,0.0,0.0,0.00042703356387276646,0.0012745969555928434,0.0029690174975856754,0.0062538360000977435,0.011668477778219555,0.015819430842965845,0.011668477778219555,0.0062538360000977435,0.0029690174975856754,0.0012745969555928434,0.00042703356387276646,0.0
0.0,0.0004911383561578516,0.001371196570521506,0.0029531266921204316,0.005708291340636948,0.009927296237344962,0.013404224452720642,0.009927296237344962,0.005708291340636948,0.0029531266921204316,0.001371196570521506,0.0004911383561578516,0.0,0.0,0.0004391355510916039,0.0013214655085138655,0.003109518673316579,0.0066016627361512046,0.012347000990129775,0.016781237123769933,0.012347000990129775,0.0066016627361512046,0.003109518673316579,0.0013214655085138655,0.0004391355510916039,0.0,0.0,0.0004835715940900559,0.001333771163311948,0.0028341285428079644,0.005420470010410652,0.009384329638149091,0.012632524109316628,0.009384329638149091,0.005420470010410652,0.0028341285428079644,0.001333771163311948,0.0004835715940900559,0.0,0.0,0.00042703356093358523,0.0012745969537216232,0.002969017516035256,0.006253836107180015,0.011668478151926976,0.015819431564947025,0.011668478151926976,0.006253836107180015,0.002969017516035256,0.0012745969537216232,0.00042703356093358523,0.0
0.0,0.0004911383740785959,0.0013711966126165073,0.002953126763193857,0.005708291437601516,0.009927296344089658,0.013404224570073751,0.009927296344089658,0.005708291437601516,0.002953126763193857,0.0013711966126165073,0.0004911383740785959,0.0,0.0,0.0004391355613139957,0.001321465523816721,0.0031095186624251966,0.006601662587508201,0.012347000431489438,0.01678123605862144,0.012347000431489438,0.006601662587508201,0.0031095186624251966,0.001321465523816721,0.0004391355613139957,0.0,0.0,0.00048357161084033493,0.00133377120215321,0.0028341286074875256,0.005420470097499897,0.009384329732676583,0.012632524213114314,0.009384329732676583,0.005420470097499897,0.0028341286074875256,0.00133377120215321,0.00048357161084033493,0.0,0.0,0.0004270335706047648,0.0012745969678605775,0.0029690175048479755,0.006253835966047991,0.011668477623946629,0.015819430562188347,0.011668477623946629,0.006253835966047991,0.0029690175048479755,0.0012745969678605775,0.0004270335706047648,0.0
0.0,0.0004911383789329492,0.0013711966325614146,0.0029531268224277396,0.005708291587739445,0.009927296670460458,0.013404225071155504,0.009927296670460458,0.005708291587739445,0.0029531268224277396,0.0013711966325614146,0.0004911383789329492,0.0,0.0,0.00043913556078904,0.001321465530399944,0.003109518700489106,0.0066016627209329395,0.012347000777340973,0.016781236605226672,0.012347000777340973,0.0066016627209329395,0.003109518700489106,0.001321465530399944,0.00043913556078904,0.0,0.0,0.00048357161592907534,0.0013337712223018164,0.0028341286655815135,0.005420470241784939,0.009384330043503922,0.012632524687716692,0.009384330043503922,0.005420470241784939,0.0028341286655815135,0.0013337712223018164,0.00048357161592907534,0.0,0.0,0.0004270335702360623,0.0012745969745858179,0.0029690175418274835,0.0062538360932871614,0.011668477952093421,0.015819431078693734,0.011668477952093421,0.0062538360932871614,0.0029690175418274835,0.0012745969745858179,0.0004270335702360623,0.0
0.0,0.000491138366733012,0.0013711965986398047,0.0029531267497691425,0.005708291448281706,0.00992729642999072,0.01340422474868991,0.00992729642999072,0.005708291448281706,0.0029531267497691425,0.0013711965986398047,0.000491138366733012,0.0,0.0,0.0004391355515277819,0.0013214655025301084,0.0031095186348894903,0.0066016625815371755,0.0123470005161132,0.016781236249354882,0.0123470005161132,0.0066016625815371755,0.0031095186348894903,0.0013214655025301084,0.0004391355515277819,0.0,0.0,0.00048357160390687245,0.0013337711892832784,0.002834128595811785,0.005420470109299735,0.00938432981611476,0.012632524383732044,0.00938432981611476,0.005420470109299735,0.002834128595811785,0.0013337711892832784,0.00048357160390687245,0.0,0.0,0.00042703356122990397,0.0012745969477046773,0.0029690174791938734,0.006253835961242629,0.011668477705234858,0.015819430743239035,0.011668477705234858,0.006253835961242629,0.0029690174791938734,0.0012745969477046773,0.00042703356122990397,0.0
0.0,0.00049113836026036,0.0013711965801352466,0.0029531267086634113,0.005708291365667262,0.009927296279574876,0.013404224538030439,0.009927296279574876,0.005708291365667262,0.0029531267086634113,0.0013711965801352466,0.00049113836026036,0.0,0.0,0.00043913553828020915,0.0013214654626706606,0.0031095185412420333,0.006601662383610008,0.012347000149548015,0.016781235756748402,0.012347000149548015,0.006601662383610008,0.0031095185412420333,0.0013214654626706606,0.00043913553828020915,0.0,0.0,0.0004835715975649048,0.0013337711713528229,0.0028341285564807426,0.005420470031031321,0.009384329674144445,0.012632524185458169,0.009384329674144445,0.005420470031031321,0.0028341285564807426,0.0013337711713528229,0.0004835715975649048,0.0,0.0,0.0004270335483482458,0.0012745969092571587,0.0029690173897640006,0.00625383577369605,0.011668477358719178,0.01581943027872333,0.011668477358719178,0.00625383577369605,0.0029690173897640006,0.0012745969092571587,0.0004270335483482458,0.0
0.0,0.0003439657691116731,0.0008515073120812413,0.001590708722550979,0.002612729909035518,0.003820788945211721,0.0045824487199707525,0.003820788945211721,0.002612729909035518,0.001590708722550979,0.0008515073120812413,0.0003439657691116731,0.0,0.0,0.00013294276827215053,0.0003442030711134386,0.0006793318529172106,0.0011870166500622169,0.001829662358785549,0.0022168822306478557,0.001829662358785549,0.0011870166500622169,0.0006793318529172106,0.0003442030711134386,0.00013294276827215053,0.0,0.0,0.00033007511379913243,0.0008093420582151311,0.0014973505961551334,0.002442952192733063,0.003565313338035731,0.0042708322195708194,0.003565313338035731,0.002442952192733063,0.0014973505961551334,0.0008093420582151311,0.00033007511379913243,0.0,0.0,0.0001274496575963596,0.00032782714443742295,0.000642241298418253,0.0011164048552249433,0.001718786697780891,0.002079638127757361,0.001718786697780891,0.0011164048552249433,0.000642241298418253,0.00032782714443742295,0.0001274496575963596,0.0
0.0,0.0006607494401807542,0.0017938424557062327,0.0037374061587554124,0.00695770311561437,0.011645719301725083,0.015313938010022515,0.011645719301725083,0.00695770311561437,0.0037374061587554124,0.0017938424557062327,0.0006607494401807542,0.0,0.0,0.0004150442962813373,0.0011804130604892078,0.0025794020658350355,0.004979645904658034,0.008307199038248073,0.010361938208306358,0.008307199038248073,0.004979645904658034,0.0025794020658350355,0.0011804130604892078,0.0004150442962813373,0.0,0.0,0.0006447909793735719,0.0017317033781638707,0.0035655103830810756,0.006578155899249548,0.010973428771732963,0.014396046379225553,0.010973428771732963,0.006578155899249548,0.0035655103830810756,0.0017317033781638707,0.0006447909793735719,0.0,0.0,0.00040245326458780543,0.0011361320652455566,0.0024603509162007754,0.00471755091808072,0.007853099644107991,0.00977544833569752,0.007853099644107991,0.00471755091808072,0.0024603509162007754,0.0011361320652455566,0.00040245326458780543,0.0
0.0,0.0006607494245675794,0.00179384241616875,0.003737406083606876,0.006957702991901711,0.011645719126410582,0.015313937824128036,0.011645719126410582,0.006957702991901711,0.003737406083606876,0.00179384241616875,0.0006607494245675794,0.0,0.0,0.0004150442959177203,0.0011804130659420404,0.002579402097531281,0.004979646018139125,0.008307199337210485,0.010361938677266149,0.008307199337210485,0.004979646018139125,0.002579402097531281,0.0011804130659420404,0.0004150442959177203,0.0,0.0,0.0006447909647710978,0.0017317033414027097,0.0035655103136188423,0.006578155785230817,0.010973428610019608,0.014396046208023108,0.010973428610019608,0.006578155785230817,0.0035655103136188423,0.0017317033414027097,0.0006447909647710978,0.0,0.0,0.00040245326431742634,0.001136132070623377,0.0024603509464096356,0.0047175510249749105,0.007853099925500758,0.009775448776099187,0.007853099925500758,0.0047175510249749105,0.0024603509464096356,0.001136132070623377,0.00040245326431742634,0.0
0.0,0.000660749439889781,0.0017938424481297047,0.00373740612633945,0.00695770302025975,0.011645719080466172,0.015313937664841853,0.011645719080466172,0.00695770302025975,0.00373740612633945,0.0017938424481297047,0.000660749439889781,0.0,0.0,0.0004150443005600788,0.0011804130669736622,0.0025794020657147736,0.0049796458749528025,0.0083071989433216,0.010361938061763776,0.0083071989433216,0.0049796458749528025,0.0025794020657147736,0.0011804130669736622,0.0004150443005600788,0.0,0.0,0.0006447909787027062,0.0017317033699284722,0.003565510350622823,0.006578155806952346,0.010973428560349621,0.014396046051638313,0.010973428560349621,0.006578155806952346,0.003565510350622823,0.0017317033699284722,0.0006447909787027062,0.0,0.0,0.0004024532686081456,0.001136132071161463,0.002460350915546395,0.004717550889214596,0.007853099553358828,0.009775448196439192,0.007853099553358828,0.004717550889214596,0.002460350915546395,0.001136132071161463,0.0004024532686081456,0.0
0.0,0.0006607494500266882,0.0017938424824365683,0.0037374062144471046,0.006957703219292226,0.011645719475259822,0.015313938238217974,0.011645719475259822,0.006957703219292226,0.0037374062144471046,0.0017938424824365683,0.0006607494500266882,0.0,0.0,0.0004150443024659794,0.0011804130780787329,0.00257940210427112,0.004979645978860542,0.008307199162034984,0.010361938362711267,0.008307199162034984,0.004979645978860542,0.00257940210427112,0.0011804130780787329,0.0004150443024659794,0.0,0.0,0.0006447909889817063,0.001731703403968262,0.0035655104362113206,0.006578155997271708,0.010973428935249793,0.014396046593743361,0.010973428935249793,0.006578155997271708,0.0035655104362113206,0.001731703403968262,0.0006447909889817063,0.0,0.0,0.00040245327058482635,0.0011361320821752434,0.0024603509528628603,0.004717550988377707,0.007853099761128296,0.009775448481363053,0.007853099761128296,0.004717550988377707,0.0024603509528628603,0.0011361320821752434,0.00040245327058482635,0.0
0.0,0.0006607494334573069,0.0017938424376056426,0.0037374061214661895,0.006957703047212492,0.011645719189290936,0.01531393786425783,0.011645719189290936,0.006957703047212492,0.0037374061214661895,0.0017938424376056426,0.0006607494334573069,0.0,0.0,0.0004150442936849923,0.0011804130530991023,0.0025794020496555706,0.004979645873304585,0.008307198985622299,0.010361938142356931,0.008307198985622299,0.004979645873304585,0.0025794020496555706,0.0011804130530991023,0.0004150442936849923,0.0,0.0,0.0006447909728036134,0.001731703360672527,0.003565510347480298,0.006578155834544266,0.010973428665757592,0.014396046242163814,0.010973428665757592,0.006578155834544266,0.003565510347480298,0.001731703360672527,0.0006447909728036134,0.0,0.0,0.00040245326207035944,0.0011361320581334989,0.0024603509007708243,0.004717550888384497,0.007853099594370933,0.009775448273496905,0.007853099594370933,0.004717550888384497,0.0024603509007708243,0.0011361320581334989,0.00040245326207035944,0.0
0.0,0.0006607494252398279,0.0017938424148311249,0.0037374060727211004,0.00695770295332576,0.011645719025724295,0.01531393764257435,0.011645719025724295,0.00695770295332576,0.0037374060727211004,0.0017938424148311249,0.0006607494252398279,0.0,0.0,0.0004150442813565659,0.001180413018078721,0.002579401973347109,0.004979645726809608,0.008307198743428543,0.010361937842316298,0.008307198743428543,0.004979645726809608,0.002579401973347109,0.001180413018078721,0.0004150442813565659,0.0,0.0,0.0006447909648109873,0.0017317033387393246,0.0035655103010550503,0.006578155745879749,0.010973428511722012,0.014396046033861153,0.010973428511722012,0.006578155745879749,0.0035655103010550503,0.0017317033387393246,0.0006447909648109873,0.0,0.0,0.00040245325011497126,0.001136132024421098,0.002460350827965211,0.004717550749551752,0.007853099365333722,0.009775447990328817,0.007853099365333722,0.004717550749551752,0.002460350827965211,0.001136132024421098,0.00040245325011497126,0.0
0.0,0.0010438435567363341,0.0027186054737429813,0.005385797284894823,0.009443174211228183,0.014763967203699276,0.018389819826913373,0.014763967203699276,0.009443174211228183,0.005385797284894823,0.0027186054737429813,0.0010438435567363341,0.0,0.0,0.0005860082793986377,0.0015415475334973928,0.0030495714342421328,0.005211621950585524,0.007619332358122982,0.008816356518555795,0.007619332358122982,0.005211621950585524,0.0030495714342421328,0.0015415475334973928,0.0005860082793986377,0.0,0.0,0.0010067162956130288,0.002598482582786152,0.005098351610052657,0.008877452775619347,0.013851078416148539,0.017225944887551685,0.013851078416148539,0.008877452775619347,0.005098351610052657,0.002598482582786152,0.0010067162956130288,0.0,0.0,0.000566118355168316,0.0014796055688095615,0.0029049407835209443,0.0049376291265173546,0.007206321786353401,0.008325841805802921,0.007206321786353401,0.0049376291265173546,0.0029049407835209443,0.0014796055688095615,0.000566118355168316,0.0
0.0,0.0010438435428355253,0.0027186054433552013,0.005385797239745989,0.009443174166344347,0.014763967200249164,0.018389819891428322,0.014763967200249164,0.009443174166344347,0.005385797239745989,0.0027186054433552013,0.0010438435428355253,0.0,0.0,0.0005860082830702309,0.0015415475510093392,0.0030495714896003286,0.005211622090015428,0.007619332632129104,0.008816356877887599,0.007619332632129104,0.005211622090015428,0.0030495714896003286,0.0015415475510093392,0.0005860082830702309,0.0,0.0,0.0010067162828957393,0.0025984825551721253,0.005098351569380636,0.008877452735856939,0.01385107841570105,0.01722594495080293,0.01385107841570105,0.008877452735856939,0.005098351569380636,0.0025984825551721253,0.0010067162828957393,0.0,0.0,0.0005661183587714518,0.0014796055856613616,0.0029049408360517677,0.004937629257805801,0.007206322044132473,0.008325842143263144,0.007206322044132473,0.004937629257805801,0.0029049408360517677,0.0014796055856613616,0.0005661183587714518,0.0
0.0,0.0010438435508012107,0.002718605451097682,0.0053857972234819945,0.009443174071123503,0.014763966932701307,0.01838981944952018,0.014763966932701307,0.009443174071123503,0.0053857972234819945,0.002718605451097682,0.0010438435508012107,0.0,0.0,0.0005860082816098635,0.001541547534499318,0.0030495714256914973,0.005211621917727343,0.007619332287680193,0.00881635642597375,0.007619332287680193,0.005211621917727343,0.0030495714256914973,0.001541547534499318,0.0005860082816098635,0.0,0.0,0.0010067162893635023,0.0025984825599239697,0.005098351549917134,0.008877452641106093,0.013851078158184399,0.017225944529993223,0.013851078158184399,0.008877452641106093,0.005098351549917134,0.0025984825599239697,0.0010067162893635023,0.0,0.0,0.0005661183571364836,0.001479605569372132,0.002904940774732827,0.0049376290945235095,0.007206321718621737,0.008325841717224025,0.007206321718621737,0.0049376290945235095,0.002904940774732827,0.001479605569372132,0.0005661183571364836,0.0
0.0,0.0010438435722908146,0.0027186055142533593,0.005385797365149457,0.009443174351942446,0.01476396742369953,0.018389820100943047,0.01476396742369953,0.009443174351942446,0.005385797365149457,0.0027186055142533593,0.0010438435722908146,0.0,0.0,0.0005860082881308417,0.0015415475564682414,0.003049571479684289,0.005211622028244742,0.007619332471659883,0.008816356649929743,0.007619332471659883,0.005211622028244742,0.003049571479684289,0.0015415475564682414,0.0005860082881308417,0.0,0.0,0.0010067163106142712,0.0025984826215065602,0.005098351686024016,0.008877452907903705,0.013851078622545691,0.017225945144238267,0.013851078622545691,0.008877452907903705,0.005098351686024016,0.0025984826215065602,0.0010067163106142712,0.0,0.0,0.0005661183636041368,0.0014796055908574024,0.0029049408268079346,0.0049376292000937625,0.007206321893735962,0.008325841929867633,0.007206321893735962,0.0049376292000937625,0.0029049408268079346,0.0014796055908574024,0.0005661183636041368,0.0
0.0,0.001043843545993843,0.0027186054459142498,0.005385797230140098,0.009443174116024505,0.014763967056189337,0.018389819644168654,0.014763967056189337,0.009443174116024505,0.005385797230140098,0.0027186054459142498,0.001043843545993843,0.0,0.0,0.0005860082757285737,0.0015415475238296,0.003049571415071526,0.005211621917704929,0.007619332309841821,0.008816356462557306,0.007619332309841821,0.005211621917704929,0.003049571415071526,0.0015415475238296,0.0005860082757285737,0.0,0.0,0.0010067162852488809,0.002598482556184539,0.00509835155822589,0.008877452686141379,0.01385107827780906,0.017225944716433992,0.01385107827780906,0.008877452686141379,0.00509835155822589,0.002598482556184539,0.0010067162852488809,0.0,0.0,0.0005661183516234127,0.0014796055595322011,0.0029049407652642673,0.004937629095374764,0.007206321740703278,0.00832584175293676,0.007206321740703278,0.004937629095374764,0.0029049407652642673,0.0014796055595322011,0.0005661183516234127,0.0
0.0,0.0010438435333837,0.0027186054126285093,0.0053857971630826,0.009443173996097218,0.014763966864862033,0.018389819403219976,0.014763966864862033,0.009443173996097218,0.0053857971630826,0.0027186054126285093,0.0010438435333837,0.0,0.0,0.000586008258349762,0.0015415474782061681,0.003049571325130201,0.005211621764812796,0.007619332087743555,0.00881635620645679,0.007619332087743555,0.005211621764812796,0.003049571325130201,0.0015415474782061681,0.000586008258349762,0.0,0.0,0.0010067162730977254,0.002598482524374967,0.005098351494725842,0.008877452573323234,0.01385107809815032,0.017225944490536212,0.01385107809815032,0.008877452573323234,0.005098351494725842,0.002598482524374967,0.0010067162730977254,0.0,0.0,0.0005661183348303512,0.00147960551572844,0.0029049406795559696,0.004937628950456504,0.007206321530548701,0.00832584151097054,0.007206321530548701,0.004937628950456504,0.0029049406795559696,0.00147960551572844,0.0005661183348303512,0.0
0.0,0.001413574085103706,0.0034875880371549326,0.006470603281237371,0.010499922108077469,0.015087578991087997,0.017767608846212066,0.015087578991087997,0.010499922108077469,0.006470603281237371,0.0034875880371549326,0.001413574085103706,0.0,0.0,0.000800157215028038,0.001942444277229036,0.0034916117900343634,0.005363131553679833,0.007103653073634534,0.007857450167744279,0.007103653073634534,0.005363131553679833,0.0034916117900343634,0.001942444277229036,0.000800157215028038,0.0,0.0,0.0013456676418791627,0.003296354971144339,0.006070175786049707,0.009801876560891477,0.014071158224802748,0.01655588209817132,0.014071158224802748,0.009801876560891477,0.006070175786049707,0.003296354971144339,0.0013456676418791627,0.0,0.0,0.0007689014771117778,0.0018562636645789062,0.0033162298147763397,0.005073002766121167,0.006711230224596922,0.007415471466878308,0.006711230224596922,0.005073002766121167,0.0033162298147763397,0.0018562636645789062,0.0007689014771117778,0.0
0.0,0.0014135740793351933,0.0034875880312381017,0.006470603290407469,0.010499922164295754,0.015087579139204917,0.017767609073199978,0.015087579139204917,0.010499922164295754,0.006470603290407469,0.0034875880312381017,0.0014135740793351933,0.0,0.0,0.0008001572241129909,0.00194244430747849,0.0034916118628572196,0.005363131698206906,0.007103653305183255,0.007857450443538617,0.007103653305183255,0.005363131698206906,0.0034916118628572196,0.00194244430747849,0.0008001572241129909,0.0,0.0,0.0013456676369778538,0.003296354966680884,0.0060701757961139375,0.009801876614904748,0.014071158364732524,0.016555882311547615,0.014071158364732524,0.009801876614904748,0.0060701757961139375,0.003296354966680884,0.0013456676369778538,0.0,0.0,0.0007689014858628927,0.0018562636934438084,0.0033162298836295154,0.005073002902024295,0.006711230442161152,0.007415471725684231,0.006711230442161152,0.005073002902024295,0.0033162298836295154,0.0018562636934438084,0.0007689014858628927,0.0
0.0,0.0014135740710494562,0.0034875879965139203,0.006470603193196727,0.01049992194268919,0.015087578721190629,0.01776760850639225,0.015087578721190629,0.01049992194268919,0.006470603193196727,0.0034875879965139203,0.0014135740710494562,0.0,0.0,0.0008001572131098107,0.0019424442689679757,0.003491611768355539,0.005363131510351806,0.007103653005941584,0.007857450088387553,0.007103653005941584,0.005363131510351806,0.003491611768355539,0.0019424442689679757,0.0008001572131098107,0.0,0.0,0.001345667627837748,0.0032963549312577537,0.006070175701098613,0.009801876403251256,0.01407115796893492,0.01655588177701739,0.01407115796893492,0.009801876403251256,0.006070175701098613,0.0032963549312577537,0.001345667627837748,0.0,0.0,0.0007689014750330864,0.0018562636561611071,0.003316229793370942,0.005073002724057843,0.006711230159332001,0.007415471390610615,0.006711230159332001,0.005073002724057843,0.003316229793370942,0.0018562636561611071,0.0007689014750330864,0.0
0.0,0.0014135741061676015,0.0034875880891240447,0.006470603377656873,0.0104999222645385,0.015087579215910443,0.017767609110970063,0.015087579215910443,0.0104999222645385,0.006470603377656873,0.0034875880891240447,0.0014135741061676015,0.0,0.0,0.0008001572269513099,0.0019424443061737107,0.0034916118420634337,0.00536313163359672,0.007103653179487211,0.007857450284829409,0.007103653179487211,0.00536313163359672,0.0034916118420634337,0.0019424443061737107,0.0008001572269513099,0.0,0.0,0.0013456676619311731,0.0032963550202638556,0.006070175876502375,0.00980187670695082,0.014071158434479347,0.016555882344873186,0.014071158434479347,0.00980187670695082,0.006070175876502375,0.0032963550202638556,0.0013456676619311731,0.0,0.0,0.000768901488569302,0.0018562636922393899,0.003316229864192013,0.005073002841714797,0.006711230324602045,0.007415471577377443,0.006711230324602045,0.005073002841714797,0.003316229864192013,0.0018562636922393899,0.000768901488569302,0.0
0.0,0.0014135740704788059,0.003487588001161404,0.00647060321464135,0.010499922000283532,0.015087578836356667,0.017767608663828843,0.015087578836356667,0.010499922000283532,0.00647060321464135,0.003487588001161404,0.0014135740704788059,0.0,0.0,0.0008001572100331325,0.0019424442650845578,0.003491611768155442,0.005363131519977938,0.007103653028869767,0.007857450118166217,0.007103653028869767,0.005363131519977938,0.003491611768155442,0.0019424442650845578,0.0008001572100331325,0.0,0.0,0.001345667627964787,0.0032963549371502884,0.006070175723630718,0.009801876460360546,0.01407115808063294,0.01655588192838,0.01407115808063294,0.009801876460360546,0.006070175723630718,0.0032963549371502884,0.001345667627964787,0.0,0.0,0.0007689014723132998,0.0018562636529767433,0.0033162297940032923,0.005073002734253824,0.006711230182320221,0.007415471420106069,0.006711230182320221,0.005073002734253824,0.0033162297940032923,0.0018562636529767433,0.0007689014723132998,0.0
0.0,0.0014135740536324526,0.0034875879593437506,0.006470603136546317,0.01049992187285503,0.015087578653057872,0.017767608448819697,0.015087578653057872,0.01049992187285503,0.006470603136546317,0.0034875879593437506,0.0014135740536324526,0.0,0.0,0.0008001571861886167,0.001942444207331512,0.003491611664679083,0.005363131361695054,0.007103652820074005,0.007857449887642639,0.007103652820074005,0.005363131361695054,0.003491611664679083,0.001942444207331512,0.0008001571861886167,0.0,0.0,0.0013456676119028752,0.0032963548975455856,0.006070175650196375,0.009801876341105381,0.014071157909260812,0.016555881727564718,0.014071157909260812,0.009801876341105381,0.006070175650196375,0.0032963548975455856,0.0013456676119028752,0.0,0.0,0.0007689014493911166,0.001856263597761924,0.0033162296956770003,0.005073002584455415,0.0067112299849550056,0.007415471202432456,0.0067112299849550056,0.005073002584455415,0.0033162296956770003,0.001856263597761924,0.0007689014493911166,0.0
0.0,0.0017084453032371856,0.004085600557708968,0.007295697441020123,0.011314972257523138,0.015496166209480258,0.017720869387973924,0.015496166209480258,0.011314972257523138,0.007295697441020123,0.004085600557708968,0.0017084453032371856,0.0,0.0,0.0009658601677286979,0.0022467312792041347,0.0038434874577655933,0.005601245275038254,0.007093239430738077,0.007700134331318449,0.007093239430738077,0.005601245275038254,0.0038434874577655933,0.0022467312792041347,0.0009658601677286979,0.0,0.0,0.0016151398715924898,0.003838709358775007,0.006811344006712452,0.010522343320542514,0.01440305400129816,0.01646016967783312,0.01440305400129816,0.010522343320542514,0.006811344006712452,0.003838709358775007,0.0016151398715924898,0.0,0.0,0.0009255174633693375,0.002142134694767226,0.0036448028202485,0.005293626842178899,0.0066973176452959395,0.007264085895765798,0.0066973176452959395,0.005293626842178899,0.0036448028202485,0.002142134694767226,0.0009255174633693375,0.0
0.0,0.001708445305124812,0.004085600572585866,0.007295697491316356,0.01131497238061023,0.015496166444601545,0.017720869703079834,0.015496166444601545,0.01131497238061023,0.007295697491316356,0.004085600572585866,0.001708445305124812,0.0,0.0,0.0009658601811044988,0.0022467313185828403,0.00384348754196399,0.005601245424162158,0.007093239648081791,0.007700134580023589,0.007093239648081791,0.005601245424162158,0.00384348754196399,0.0022467313185828403,0.0009658601811044988,0.0,0.0,0.0016151398738645873,0.003838709373631565,0.006811344054704683,0.010522343435980058,0.014403054221038204,0.01646016997181798,0.014403054221038204,0.010522343435980058,0.006811344054704683,0.003838709373631565,0.0016151398738645873,0.0,0.0,0.0009255174761788705,0.0021421347322107603,0.003644802899716835,0.005293626982305496,0.006697317849389068,0.007264086129064194,0.006697317849389068,0.005293626982305496,0.003644802899716835,0.0021421347322107603,0.0009255174761788705,0.0
0.0,0.001708445283112845,0.004085600503965689,0.007295697333760462,0.011314972072270097,0.015496165930616727,0.017720869053088895,0.015496165930616727,0.011314972072270097,0.007295697333760462,0.004085600503965689,0.001708445283112845,0.0,0.0,0.0009658601631572878,0.002246731265422128,0.003843487428699839,0.0056012452253369855,0.007093239360922129,0.00770013425270787,0.007093239360922129,0.0056012452253369855,0.003843487428699839,0.002246731265422128,0.0009658601631572878,0.0,0.0,0.0016151398517776985,0.0038387093065611264,0.006811343903871999,0.010522343144604221,0.014403053737531962,0.016460169361840044,0.014403053737531962,0.010522343144604221,0.006811343903871999,0.0038387093065611264,0.0016151398517776985,0.0,0.0,0.0009255174586913677,0.0021421346809867093,0.003644802791707597,0.005293626793931655,0.006697317577862092,0.007264085820019987,0.006697317577862092,0.005293626793931655,0.003644802791707597,0.0021421346809867093,0.0009255174586913677,0.0
0.0,0.0017084453286950064,0.0040856006185891625,0.007295697549734486,0.011314972426129362,0.015496166440391127,0.017720869652035454,0.015496166440391127,0.011314972426129362,0.007295697549734486,0.0040856006185891625,0.0017084453286950064,0.0,0.0,0.0009658601821211361,0.0022467313126830406,0.0038434875150380183,0.005601245358503312,0.007093239536435581,0.007700134446059392,0.007093239536435581,0.005601245358503312,0.0038434875150380183,0.0022467313126830406,0.0009658601821211361,0.0,0.0,0.0016151398956599505,0.0038387094159762344,0.006811344108209387,0.010522343477337649,0.014403054215920391,0.016460169923108756,0.014403054215920391,0.010522343477337649,0.006811344108209387,0.0038387094159762344,0.0016151398956599505,0.0,0.0,0.0009255174771606233,0.0021421347266875205,0.003644802874560294,0.005293626921060086,0.006697317745093749,0.007264086004009113,0.006697317745093749,0.005293626921060086,0.003644802874560294,0.0021421347266875205,0.0009255174771606233,0.0
0.0,0.0017084452854928527,0.004085600515311981,0.007295697365351827,0.011314972140110747,0.015496166048244516,0.017720869202951774,0.015496166048244516,0.011314972140110747,0.007295697365351827,0.004085600515311981,0.0017084452854928527,0.0,0.0,0.0009658601617103402,0.0022467312651830457,0.003843487433731619,0.005601245239931803,0.007093239386189184,0.007700134282916346,0.007093239386189184,0.005601245239931803,0.003843487433731619,0.0022467312651830457,0.0009658601617103402,0.0,0.0,0.0016151398548352345,0.0038387093189882473,0.00681134393615943,0.010522343211499606,0.014403053851623958,0.01646016950617623,0.014403053851623958,0.010522343211499606,0.00681134393615943,0.0038387093189882473,0.0016151398548352345,0.0,0.0,0.0009255174576042573,0.00214213468140354,0.0036448027974653784,0.005293626809013348,0.0066973176032499365,0.00726408585012256,0.0066973176032499365,0.005293626809013348,0.0036448027974653784,0.00214213468140354,0.0009255174576042573,0.0
0.0,0.0017084452653365481,0.00408560046701685,0.00729569727903832,0.011314972006532024,0.015496165866824528,0.017720868997578552,0.015496165866824528,0.011314972006532024,0.00729569727903832,0.00408560046701685,0.0017084452653365481,0.0,0.0,0.0009658601328508677,0.0022467311982006222,0.0038434873194761704,0.0056012450739790515,0.007093239176655178,0.00770013405573826,0.007093239176655178,0.0056012450739790515,0.0038434873194761704,0.0022467311982006222,0.0009658601328508677,0.0,0.0,0.001615139835724865,0.003838709273464815,0.006811343855297106,0.010522343086838765,0.01440305368243235,0.01646016931480138,0.01440305368243235,0.010522343086838765,0.006811343855297106,0.003838709273464815,0.001615139835724865,0.0,0.0,0.0009255174299371135,0.002142134617507432,0.0036448026890581334,0.005293626652086286,0.006697317405299494,0.007264085635686378,0.006697317405299494,0.005293626652086286,0.0036448026890581334,0.002142134617507432,0.0009255174299371135,0.0
0.0,0.001943539376995815,0.004531799984031454,0.007847996040864304,0.011745151900325261,0.015503432985678616,0.017350240681476566,0.015503432985678616,0.011745151900325261,0.007847996040864304,0.004531799984031454,0.001943539376995815,0.0,0.0,0.0011130544518883432,0.002510505595214539,0.0041492040713294025,0.005839864017930709,0.0071913878356991475,0.0077203993030864095,0.0071913878356991475,0.005839864017930709,0.0041492040713294025,0.002510505595214539,0.0011130544518883432,0.0,0.0,0.0018278836151861214,0.004238880592986416,0.007299898660540365,0.010889152227467632,0.014369152210452476,0.016072453429583668,0.014369152210452476,0.010889152227467632,0.007299898660540365,0.004238880592986416,0.0018278836151861214,0.0,0.0,0.0010640829850087795,0.0023889823774392582,0.0039291563241471445,0.0055138736507555925,0.006784753093362451,0.007278559222438955,0.006784753093362451,0.0055138736507555925,0.0039291563241471445,0.0023889823774392582,0.0010640829850087795,0.0
0.0,0.0019435393862359488,0.004531800017262961,0.007847996123808649,0.011745152069713632,0.015503433271979391,0.01735024104379948,0.015503433271979391,0.011745152069713632,0.007847996123808649,0.004531800017262961,0.0019435393862359488,0.0,0.0,0.0011130544689642655,0.002510505641837083,0.004149204163687482,0.005839864169946026,0.007191388044721119,0.007720399536754428,0.007191388044721119,0.005839864169946026,0.004149204163687482,0.002510505641837083,0.0011130544689642655,0.0,0.0,0.0018278836242634757,0.00423888062472882,0.007299898738392189,0.010889152385089602,0.014369152476623182,0.01607245376616976,0.014369152476623182,0.010889152385089602,0.007299898738392189,0.00423888062472882,0.0018278836242634757,0.0,0.0,0.0010640830013032157,0.0023889824216614544,0.003929156411193186,0.005513873793493455,0.006784753289514713,0.007278559441525175,0.006784753289514713,0.005513873793493455,0.003929156411193186,0.0023889824216614544,0.0010640830013032157,0.0
0.0,0.001943539351981236,0.0045317999205647915,0.007847995921084022,0.011745151705418917,0.015503432708920222,0.017350240360151564,0.015503432708920222,0.011745151705418917,0.007847995921084022,0.0045317999205647915,0.001943539351981236,0.0,0.0,0.0011130544448763992,0.0025105055766397513,0.004149204036105046,0.0058398639626840824,0.0071913877626688764,0.007720399222703258,0.0071913877626688764,0.0058398639626840824,0.004149204036105046,0.0025105055766397513,0.0011130544448763992,0.0,0.0,0.001827883590772841,0.004238880531724979,0.007299898546186507,0.010889152042836395,0.014369151949128823,0.016072453126767347,0.014369151949128823,0.010889152042836395,0.007299898546186507,0.004238880531724979,0.001827883590772841,0.0,0.0,0.0010640829779503622,0.002388982359017167,0.003929156289668048,0.005513873597144944,0.006784753022766942,0.0072785591448836975,0.006784753022766942,0.005513873597144944,0.003929156289668048,0.002388982359017167,0.0010640829779503622,0.0
0.0,0.0019435394059568092,0.00453180005156054,0.007847996157808559,0.011745152075341662,0.015503433216697775,0.017350240940015298,0.015503433216697775,0.011745152075341662,0.007847996157808559,0.00453180005156054,0.0019435394059568092,0.0,0.0,0.0011130544684741454,0.002510505632623985,0.00414920413315736,0.005839864104951463,0.007191387942859178,0.007720399418129322,0.007191387942859178,0.005839864104951463,0.00414920413315736,0.002510505632623985,0.0011130544684741454,0.0,0.0,0.001827883642423712,0.004238880656150657,0.007299898769317331,0.01088915238972865,0.014369152424569534,0.016072453669081888,0.014369152424569534,0.01088915238972865,0.007299898769317331,0.004238880656150657,0.001827883642423712,0.0,0.0,0.001064083000864852,0.0023889824130378682,0.003929156382696136,0.005513873732918712,0.006784753194463152,0.007278559330897939,0.006784753194463152,0.005513873732918712,0.003929156382696136,0.0023889824130378682,0.001064083000864852,0.0
0.0,0.001943539356763323,0.004531799936847346,0.007847995959087833,0.011745151777686048,0.015503432823111793,0.017350240498801996,0.015503432823111793,0.011745151777686048,0.007847995959087833,0.004531799936847346,0.001943539356763323,0.0,0.0,0.001113054444965584,0.0025105055795775055,0.00414920404543963,0.005839863981422177,0.007191387790670209,0.007720399254714365,0.007191387790670209,0.005839863981422177,0.00414920404543963,0.0025105055795775055,0.001113054444965584,0.0,0.0,0.001827883596184631,0.004238880548919184,0.007299898584595011,0.010889152113945443,0.014369152060001493,0.016072453260597468,0.014369152060001493,0.010889152113945443,0.007299898584595011,0.004238880548919184,0.001827883596184631,0.0,0.0,0.001064082978393036,0.002388982362564811,0.003929156299640144,0.005513873616299148,0.006784753050897036,0.007278559176854061,0.006784753050897036,0.005513873616299148,0.003929156299640144,0.002388982362564811,0.001064082978393036,0.0
0.0,0.0019435393339686542,0.00453179988373844,0.00784799586735724,0.011745151641255933,0.015503432645194888,0.017350240301955686,0.015503432645194888,0.011745151641255933,0.00784799586735724,0.00453179988373844,0.0019435393339686542,0.0,0.0,0.001113054411618273,0.002510505504519282,0.004149203921704692,0.005839863807747583,0.0071913875772898275,0.007720399025847105,0.0071913875772898275,0.005839863807747583,0.004149203921704692,0.002510505504519282,0.001113054411618273,0.0,0.0,0.001827883574664563,0.004238880499040084,0.007299898498908237,0.01088915198691805,0.014369151894432407,0.016072453077539656,0.014369151894432407,0.01088915198691805,0.007299898498908237,0.004238880499040084,0.001827883574664563,0.0,0.0,0.0010640829464961376,0.0023889822911008036,0.003929156182400228,0.005513873452222181,0.006784752849462722,0.007278558960955708,0.006784752849462722,0.005513873452222181,0.003929156182400228,0.0023889822911008036,0.0010640829464961376,0.0
0.0,0.0021139973933994027,0.004850199330341297,0.008237189589970417,0.012054779046654309,0.015553757222856094,0.017177113974394018,0.015553757222856094,0.012054779046654309,0.008237189589970417,0.004850199330341297,0.0021139973933994027,0.0,0.0,0.0012188283644138749,0.002699222716899973,0.00437273303569077,0.006034985635675189,0.007319480464141227,0.007811808690988934,0.007319480464141227,0.006034985635675189,0.00437273303569077,0.002699222716899973,0.0012188283644138749,0.0,0.0,0.001982598535735734,0.004525685522280699,0.007646587363570052,0.011157636230100305,0.014392822939618556,0.015887266785359382,0.014392822939618556,0.011157636230100305,0.007646587363570052,0.004525685522280699,0.001982598535735734,0.0,0.0,0.0011637545062424546,0.0025659370864662976,0.004137830387950416,0.005695410675082274,0.006903017696929403,0.007362503682383922,0.006903017696929403,0.005695410675082274,0.004137830387950416,0.0025659370864662976,0.0011637545062424546,0.0
0.0,0.002113997408061669,0.0048501993764789,0.00823718969448916,0.012054779244226231,0.015553757537042915,0.017177114360259375,0.015553757537042915,0.012054779244226231,0.00823718969448916,0.0048501993764789,0.002113997408061669,0.0,0.0,0.0012188283840837907,0.002699222768406676,0.004372733133424806,0.006034985790077246,0.007319480669824352,0.007811808918106379,0.007319480669824352,0.006034985790077246,0.004372733133424806,0.002699222768406676,0.0012188283840837907,0.0,0.0,0.0019825985498066277,0.004525685565850328,0.007646587461090983,0.01115763641331441,0.01439282323093462,0.015887267142978626,0.01439282323093462,0.01115763641331441,0.007646587461090983,0.004525685565850328,0.0019825985498066277,0.0,0.0,0.0011637545249786243,0.0025659371352601277,0.004137830479998267,0.005695410820011369,0.006903017889891762,0.007362503895284141,0.006903017889891762,0.005695410820011369,0.004137830479998267,0.0025659371352601277,0.0011637545249786243,0.0
0.0,0.0021139973651496304,0.004850199260665128,0.008237189462590689,0.012054778846459164,0.015553756948263225,0.017177113662023742,0.015553756948263225,0.012054778846459164,0.008237189462590689,0.004850199260665128,0.0021139973651496304,0.0,0.0,0.0012188283558562541,0.002699222695408796,0.004372732996863164,0.006034985577253151,0.007319480389167134,0.007811808609370887,0.007319480389167134,0.006034985577253151,0.004372732996863164,0.002699222695408796,0.0012188283558562541,0.0,0.0,0.0019825985082865365,0.00452568545524586,0.007646587242222853,0.011157636040696424,0.014392822680552607,0.015887266491151245,0.014392822680552607,0.011157636040696424,0.007646587242222853,0.00452568545524586,0.0019825985082865365,0.0,0.0,0.0011637544976756536,0.0025659370652146817,0.004137830349983803,0.005695410618379344,0.006903017624400152,0.007362503603558073,0.006903017624400152,0.005695410618379344,0.004137830349983803,0.0025659370652146817,0.0011637544976756536,0.0
0.0,0.00211399742490042,0.004850199402614899,0.008237189712714105,0.012054779226284517,0.015553757454625134,0.01717711423035297,0.015553757454625134,0.012054779226284517,0.008237189712714105,0.004850199402614899,0.00211399742490042,0.0,0.0,0.0012188283825758312,0.0026992227571215246,0.004372733100849572,0.006034985725603483,0.007319480573209986,0.007811808807393954,0.007319480573209986,0.006034985725603483,0.004372733100849572,0.0026992227571215246,0.0012188283825758312,0.0,0.0,0.001982598565278753,0.004525685589718668,0.007646587477513081,0.011157636396362042,0.014392823154088335,0.015887267022098108,0.014392823154088335,0.011157636396362042,0.007646587477513081,0.004525685589718668,0.001982598565278753,0.0,0.0,0.0011637545235837488,0.00256593712470174,0.004137830449608894,0.005695410759950507,0.0069030177997923825,0.007362503792093777,0.0069030177997923825,0.005695410759950507,0.004137830449608894,0.00256593712470174,0.0011637545235837488,0.0
0.0,0.0021139973713573314,0.00485019927973326,0.008237189503896587,0.012054778920343987,0.015553757059143778,0.01717711379291223,0.015553757059143778,0.012054778920343987,0.008237189503896587,0.00485019927973326,0.0021139973713573314,0.0,0.0,0.0012188283568416274,0.0026992227001074003,0.004372733008442946,0.006034985598006767,0.00731948041839468,0.00781180864213998,0.00731948041839468,0.006034985598006767,0.004372733008442946,0.0026992227001074003,0.0012188283568416274,0.0,0.0,0.001982598515097007,0.004525685475138442,0.007646587283805741,0.011157636113390426,0.014392822788369035,0.01588726661776179,0.014392822788369035,0.011157636113390426,0.007646587283805741,0.004525685475138442,0.001982598515097007,0.0,0.0,0.0011637544990151715,0.0025659370705092893,0.004137830362176968,0.005695410639548373,0.006903017653803919,0.007362503636364095,0.006903017653803919,0.005695410639548373,0.004137830362176968,0.0025659370705092893,0.0011637544990151715,0.0
0.0,0.0021139973466657216,0.004850199223211185,0.008237189408322446,0.012054778781580377,0.015553756882383233,0.017177113599737115,0.015553756882383233,0.012054778781580377,0.008237189408322446,0.004850199223211185,0.0021139973466657216,0.0,0.0,0.0012188283202663923,0.002699222619267189,0.0043727328777850676,0.0060349854181112415,0.007319480200626486,0.007811808409897824,0.007319480200626486,0.0060349854181112415,0.0043727328777850676,0.002699222619267189,0.0012188283202663923,0.0,0.0,0.001982598491839559,0.004525685422157493,0.007646587194667978,0.01115763598435114,0.014392822624069967,0.015887266438320127,0.014392822624069967,0.01115763598435114,0.007646587194667978,0.004525685422157493,0.001982598491839559,0.0,0.0,0.0011637544640732524,0.0025659369936170415,0.004137830238464752,0.0056954104696718185,0.006903017448301164,0.007362503417345309,0.006903017448301164,0.0056954104696718185,0.004137830238464752,0.0025659369936170415,0.0011637544640732524,0.0
0.0,0.00222254787727298,0.005047696800322734,0.008469118104142548,0.012224906738543822,0.015557561922218745,0.01704616434927054,0.015557561922218745,0.012224906738543822,0.008469118104142548,0.005047696800322734,0.00222254787727298,0.0,0.0,0.0012864521045235751,0.0028181231894740255,0.00451222233899817,0.006157947658866618,0.007405228251700934,0.007877703250977787,0.007405228251700934,0.006157947658866618,0.00451222233899817,0.0028181231894740255,0.0012864521045235751,0.0,0.0,0.0020811192432168817,0.004703581469082214,0.00785310966061581,0.011304533038368253,0.014383176710739633,0.01575185151693622,0.014383176710739633,0.011304533038368253,0.00785310966061581,0.004703581469082214,0.0020811192432168817,0.0,0.0,0.0012274743447627775,0.002677457369361892,0.004268153248423569,0.0058100045424883924,0.006982527495865735,0.007423456461121902,0.006982527495865735,0.0058100045424883924,0.004268153248423569,0.002677457369361892,0.0012274743447627775,0.0
0.0,0.002222547895853544,0.0050476968556577555,0.008469118223805918,0.012224906955681637,0.01555756225568297,0.01704616475092051,0.01555756225568297,0.012224906955681637,0.008469118223805918,0.0050476968556577555,0.002222547895853544,0.0,0.0,0.0012864521262031777,0.002818123244895398,0.004512222441587145,0.006157947817200736,0.00740522845892388,0.007877703478250704,0.00740522845892388,0.006157947817200736,0.004512222441587145,0.002818123244895398,0.0012864521262031777,0.0,0.0,0.0020811192608971678,0.00470358152108497,0.00785310977195575,0.011304533239371143,0.014383177019469052,0.0157518518886685,0.014383177019469052,0.011304533239371143,0.00785310977195575,0.00470358152108497,0.0020811192608971678,0.0,0.0,0.0012274743653936946,0.0026774574218292367,0.004268153345008365,0.005810004691083319,0.0069825276902454455,0.00742345667414824,0.0069825276902454455,0.005810004691083319,0.004268153345008365,0.0026774574218292367,0.0012274743653936946,0.0
0.0,0.002222547847033126,0.005047696726965711,0.008469117972538426,0.012224906535939776,0.01555756164998839,0.017046164043318924,0.01555756164998839,0.012224906535939776,0.008469117972538426,0.005047696726965711,0.002222547847033126,0.0,0.0,0.0012864520950195309,0.0028181231662498477,0.004512222298098435,0.006157947598675176,0.007405228175664955,0.007877703168685121,0.007405228175664955,0.006157947598675176,0.004512222298098435,0.0028181231662498477,0.0012864520950195309,0.0,0.0,0.002081119213903344,0.004703581398629484,0.007853109535385828,0.011304532846805554,0.01438317645400374,0.01575185122884768,0.01438317645400374,0.011304532846805554,0.007853109535385828,0.004703581398629484,0.002081119213903344,0.0,0.0,0.0012274743352722415,0.0026774573464271676,0.004268153208446533,0.0058100044840539745,0.006982527422269305,0.007423456381590657,0.006982527422269305,0.0058100044840539745,0.004268153208446533,0.0026774573464271676,0.0012274743352722415,0.0
0.0,0.002222547910391526,0.005047696875539279,0.008469118230342246,0.012224906920709131,0.015557562154044483,0.017046164603278183,0.015557562154044483,0.012224906920709131,0.008469118230342246,0.005047696875539279,0.002222547910391526,0.0,0.0,0.0012864521236932054,0.0028181232314673345,0.0045122224062355215,0.00615794775062719,0.007405228362047434,0.007877703368364714,0.007405228362047434,0.00615794775062719,0.0045122224062355215,0.0028181232314673345,0.0012864521236932054,0.0,0.0,0.0020811192742279747,0.0047035815391710395,0.007853109777636263,0.011304533206818923,0.014383176925065666,0.015751851751657102,0.014383176925065666,0.011304533206818923,0.007853109777636263,0.0047035815391710395,0.0020811192742279747,0.0,0.0,0.0012274743630535725,0.0026774574092591173,0.004268153312024009,0.005810004629064211,0.006982527599913505,0.007423456571740025,0.006982527599913505,0.005810004629064211,0.004268153312024009,0.0026774574092591173,0.0012274743630535725,0.0
0.0,0.0022225478540756384,0.00504769674758504,0.008469118015500855,0.012224906610209491,0.01555756175816924,0.017046164168922844,0.01555756175816924,0.012224906610209491,0.008469118015500855,0.00504769674758504,0.0022225478540756384,0.0,0.0,0.0012864520965365283,0.002818123171954434,0.004512222310904399,0.0061579476204680385,0.007405228205469978,0.00787770320177465,0.007405228205469978,0.0061579476204680385,0.004512222310904399,0.002818123171954434,0.0012864520965365283,0.0,0.0,0.0020811192215329614,0.0047035814200274036,0.00785310957857056,0.011304532919908385,0.01438317655932966,0.01575185135055224,0.01438317655932966,0.011304532919908385,0.00785310957857056,0.0047035814200274036,0.0020811192215329614,0.0,0.0,0.0012274743371449423,0.002677457352723579,0.004268153221860587,0.005810004506275007,0.006982527452292388,0.007423456414775912,0.006982527452292388,0.005810004506275007,0.004268153221860587,0.002677457352723579,0.0012274743371449423,0.0
0.0,0.0022225478281843528,0.005047696688962133,0.008469117917653984,0.012224906470177382,0.015557561582188488,0.01704616397788169,0.015557561582188488,0.012224906470177382,0.008469117917653984,0.005047696688962133,0.0022225478281843528,0.0,0.0,0.0012864520578945464,0.002818123087464132,0.004512222175915731,0.006157947436646672,0.007405227984792302,0.007877702967171414,0.007405227984792302,0.006157947436646672,0.004512222175915731,0.002818123087464132,0.0012864520578945464,0.0,0.0,0.002081119197176712,0.0047035813651369884,0.007853109487392103,0.011304532789779598,0.014383176395863735,0.015751851173205177,0.014383176395863735,0.011304532789779598,0.007853109487392103,0.0047035813651369884,0.002081119197176712,0.0,0.0,0.0012274743002534862,0.002677457272403686,0.004268153094096469,0.005810004332732951,0.006982527244082675,0.0074234561935629245,0.006982527244082675,0.005810004332732951,0.004268153094096469,0.002677457272403686,0.0012274743002534862,0.0
0.0,0.0022713604422619094,0.005136595438317088,0.008574719318257776,0.012307185051054506,0.015574560978854547,0.01701111176922725,0.015574560978854547,0.012307185051054506,0.008574719318257776,0.005136595438317088,0.0022713604422619094,0.0,0.0,0.001316181065095322,0.0028704889072869626,0.00457442245211302,0.0062149475409056494,0.007448719515201996,0.007913918279484043,0.007448719515201996,0.0062149475409056494,0.00457442245211302,0.0028704889072869626,0.001316181065095322,0.0,0.0,0.0021255079835862025,0.004783865936049014,0.00794753755567362,0.01137641728738352,0.014393636747829359,0.01571374492315315,0.014393636747829359,0.01137641728738352,0.00794753755567362,0.004783865936049014,0.0021255079835862025,0.0,0.0,0.001255501151958053,0.0027266115881815645,0.0043263368732646725,0.005863230800251995,0.007023025287829984,0.007457156275097951,0.007023025287829984,0.005863230800251995,0.0043263368732646725,0.0027266115881815645,0.001255501151958053,0.0
0.0,0.002271360462842313,0.005136595498426461,0.008574719446004823,0.01230718527919957,0.01557456132431728,0.01701111218183521,0.01557456132431728,0.01230718527919957,0.008574719446004823,0.005136595498426461,0.002271360462842313,0.0,0.0,0.0013161810879382969,0.0028704889651228298,0.0045744225581159405,0.006214947703000103,0.007448719725876969,0.00791391850993379,0.007448719725876969,0.006214947703000103,0.0045744225581159405,0.0028704889651228298,0.0013161810879382969,0.0,0.0,0.0021255080031146022,0.004783865992443202,0.007947537674413929,0.011376417498434526,0.014393637067477701,0.015713745304808183,0.014393637067477701,0.011376417498434526,0.007947537674413929,0.004783865992443202,0.0021255080031146022,0.0,0.0,0.001255501173688233,0.0027266116429208063,0.004326336973049859,0.005863230952366874,0.007023025485438139,0.007457156491095534,0.007023025485438139,0.005863230952366874,0.004326336973049859,0.0027266116429208063,0.001255501173688233,0.0
0.0,0.0022713604111564544,0.005136595363368152,0.008574719184827696,0.012307184847361489,0.015574560707435323,0.01701111146565628,0.015574560707435323,0.012307184847361489,0.008574719184827696,0.005136595363368152,0.0022713604111564544,0.0,0.0,0.001316181055191653,0.0028704888833372116,0.0045744224103484495,0.006214947479964594,0.0074487194386846645,0.007913918196855232,0.0074487194386846645,0.006214947479964594,0.0045744224103484495,0.0028704888833372116,0.001316181055191653,0.0,0.0,0.00212550795346092,0.004783865864115555,0.007947537428760178,0.01137641709483516,0.014393636491893656,0.015713744637330315,0.014393636491893656,0.01137641709483516,0.007947537428760178,0.004783865864115555,0.00212550795346092,0.0,0.0,0.0012555011420771894,0.0027266115645413203,0.004326336832447044,0.0058632307410823765,0.007023025213749704,0.00745715619521832,0.007023025213749704,0.0058632307410823765,0.004326336832447044,0.0027266115645413203,0.0012555011420771894,0.0
0.0,0.0022713604761078164,0.005136595514858325,0.00857471944603105,0.012307185234445846,0.015574561210933598,0.017011112022712573,0.015574561210933598,0.012307185234445846,0.00857471944603105,0.005136595514858325,0.0022713604761078164,0.0,0.0,0.0013161810847079486,0.0028704889500605815,0.004574422520277226,0.006214947633515584,0.007448719626196566,0.007913918397410612,0.007448719626196566,0.006214947633515584,0.004574422520277226,0.0028704889500605815,0.0013161810847079486,0.0,0.0,0.0021255080152587386,0.004783866007334171,0.007947537674101153,0.011376417456905348,0.014393636962311265,0.015713745157306197,0.014393636962311265,0.011376417456905348,0.007947537674101153,0.004783866007334171,0.0021255080152587386,0.0,0.0,0.0012555011706664766,0.002726611628811243,0.0043263369377321195,0.005863230887620946,0.007023025392481216,0.007457156386218239,0.007023025392481216,0.005863230887620946,0.0043263369377321195,0.002726611628811243,0.0012555011706664766,0.0
0.0,0.0022713604185441803,0.005136595384619925,0.008574719228449408,0.012307184921758961,0.015574560814514972,0.01701111158916667,0.015574560814514972,0.012307184921758961,0.008574719228449408,0.005136595384619925,0.0022713604185441803,0.0,0.0,0.0013161810569258317,0.0028704888894469337,0.004574422423641374,0.006214947502166675,0.007448719468720156,0.007913918230077822,0.007448719468720156,0.006214947502166675,0.004574422423641374,0.0028704888894469337,0.0013161810569258317,0.0,0.0,0.002125507961430512,0.004783865886130239,0.00794753747258782,0.01137641716808424,0.014393636596212227,0.015713744757100898,0.014393636596212227,0.01137641716808424,0.00794753747258782,0.004783865886130239,0.002125507961430512,0.0,0.0,0.0012555011441683448,0.0027266115712427114,0.00432633684634855,0.005863230763721137,0.007023025244023488,0.007457156228563459,0.007023025244023488,0.005863230763721137,0.00432633684634855,0.0027266115712427114,0.0012555011441683448,0.0
0.0,0.0022713603921160966,0.005136595325053912,0.008574719129560229,0.012307184781062328,0.015574560638647997,0.017011111398739245,0.015574560638647997,0.012307184781062328,0.008574719129560229,0.005136595325053912,0.0022713603921160966,0.0,0.0,0.001316181017375872,0.0028704888033507766,0.004574422286726137,0.0062149473165388205,0.007448719246602825,0.00791391799423543,0.007448719246602825,0.0062149473165388205,0.004574422286726137,0.0028704888033507766,0.001316181017375872,0.0,0.0,0.0021255079365817657,0.004783865830380546,0.00794753738046931,0.011376417037373378,0.014393636432894538,0.015713744580367586,0.014393636432894538,0.011376417037373378,0.00794753738046931,0.004783865830380546,0.0021255079365817657,0.0,0.0,0.0012555011064200178,0.002726611489413738,0.004326336716779937,0.005863230588489503,0.0070230250344699595,0.007457156006194028,0.0070230250344699595,0.005863230588489503,0.004326336716779937,0.002726611489413738,0.0012555011064200178,0.0
0.0,0.0022827688187902727,0.005157024242755548,0.008598597911614474,0.012325662680859346,0.015579123847594266,0.01700528042670324,0.015579123847594266,0.012325662680859346,0.008598597911614474,0.005157024242755548,0.0022827688187902727,0.0,0.0,0.0013227230728158788,0.0028818070148657364,0.004587650725639335,0.006226947359292645,0.0074578865274846145,0.00792159756937542,0.0074578865274846145,0.006226947359292645,0.004587650725639335,0.0028818070148657364,0.0013227230728158788,0.0,0.0,0.0021355041321218186,0.004801494901619938,0.007967595882766392,0.0113908235855586,0.014394620364818828,0.015704910066130787,0.014394620364818828,0.0113908235855586,0.007967595882766392,0.004801494901619938,0.0021355041321218186,0.0,0.0,0.001261490564564139,0.0027368616829887534,0.004338141112676453,0.0058736927763728955,0.0070306960007370375,0.007463393173441516,0.0070306960007370375,0.0058736927763728955,0.004338141112676453,0.0027368616829887534,0.001261490564564139,0.0
0.0,0.0022827688397426098,0.0051570243037090385,0.00859859804069336,0.012325662910628959,0.015579124194514151,0.01700528084035915,0.015579124194514151,0.012325662910628959,0.00859859804069336,0.0051570243037090385,0.0022827688397426098,0.0,0.0,0.00132272309586826,0.0028818070731095775,0.004587650832169079,0.0062269475218893165,0.007457886738525947,0.007921597800109103,0.007457886738525947,0.0062269475218893165,0.004587650832169079,0.0028818070731095775,0.00132272309586826,0.0,0.0,0.0021355041519897627,0.004801494958779476,0.00796759600270521,0.011390823798059417,0.014394620685743752,0.015704910448673906,0.014394620685743752,0.011390823798059417,0.00796759600270521,0.004801494958779476,0.0021355041519897627,0.0,0.0,0.0012614905864890757,0.002736861738104563,0.004338141212943405,0.005873692928941124,0.007030696198667097,0.007463393389682727,0.007030696198667097,0.005873692928941124,0.004338141212943405,0.002736861738104563,0.0012614905864890757,0.0
0.0,0.0022827687874491936,0.00515702416738553,0.008598597777714184,0.012325662476884533,0.01557912357633073,0.017005280123618915,0.01557912357633073,0.012325662476884533,0.008598597777714184,0.00515702416738553,0.0022827687874491936,0.0,0.0,0.0013227230627447161,0.002881806990596856,0.004587650683449635,0.006226947297886399,0.0074578864505136745,0.00792159748630699,0.0074578864505136745,0.006226947297886399,0.004587650683449635,0.002881806990596856,0.0013227230627447161,0.0,0.0,0.002135504101780183,0.004801494829305527,0.007967595755437389,0.01139082339278046,0.01439462010907046,0.015704909780806478,0.01439462010907046,0.01139082339278046,0.007967595755437389,0.004801494829305527,0.002135504101780183,0.0,0.0,0.00126149055452238,0.0027368616590441354,0.004338141071455918,0.005873692716764288,0.007030695926230044,0.007463393093148802,0.007030695926230044,0.005873692716764288,0.004338141071455918,0.0027368616590441354,0.00126149055452238,0.0
0.0,0.002282768852806179,0.005157024319601198,0.008598598039743569,0.012325662864526028,0.015579124079741297,0.01700528068010166,0.015579124079741297,0.012325662864526028,0.008598598039743569,0.005157024319601198,0.002282768852806179,0.0,0.0,0.0013227230925259873,0.002881807057808006,0.00458765079400066,0.006226947452081392,0.007457886638615781,0.007921597687416421,0.007457886638615781,0.006226947452081392,0.00458765079400066,0.002881807057808006,0.0013227230925259873,0.0,0.0,0.00213550416394331,0.004801494973167791,0.007967596001492825,0.0113908237552951,0.014394620579315386,0.015704910300152183,0.014394620579315386,0.0113908237552951,0.007967596001492825,0.004801494973167791,0.00213550416394331,0.0,0.0,0.0012614905833618142,0.0027368617237711708,0.004338141177319792,0.0058736928638977405,0.007030696105502572,0.007463393284654742,0.007030696105502572,0.0058736928638977405,0.004338141177319792,0.0027368617237711708,0.0012614905833618142,0.0
0.0,0.002282768794949817,0.005157024188835957,0.008598597821540347,0.01232566255134764,0.015579123683184091,0.01700528024668818,0.015579123683184091,0.01232566255134764,0.008598597821540347,0.005157024188835957,0.002282768794949817,0.0,0.0,0.0013227230646062644,0.0028818069969565006,0.004587650697087397,0.0062269473204820715,0.007457886480949871,0.007921597519926035,0.007457886480949871,0.0062269473204820715,0.004587650697087397,0.0028818069969565006,0.0013227230646062644,0.0,0.0,0.0021355041098588823,0.004801494851509616,0.007967595799457411,0.011390823466089252,0.014394620213172317,0.015704909900158884,0.014394620213172317,0.011390823466089252,0.007967595799457411,0.004801494851509616,0.0021355041098588823,0.0,0.0,0.0012614905567377458,0.002736861665987326,0.004338141085688849,0.005873692739779899,0.00703069595688678,0.007463393126872643,0.00703069595688678,0.005873692739779899,0.004338141085688849,0.002736861665987326,0.0012614905567377458,0.0
0.0,0.0022827687683995273,0.005157024129058937,0.008598597722421202,0.012325662410502744,0.015579123507327802,0.017005280056369084,0.015579123507327802,0.012325662410502744,0.008598597722421202,0.005157024129058937,0.0022827687683995273,0.0,0.0,0.0013227230248563275,0.0028818069105128767,0.004587650559761894,0.006226947134473473,0.00745788625852922,0.007921597283821524,0.00745788625852922,0.006226947134473473,0.004587650559761894,0.0028818069105128767,0.0013227230248563275,0.0,0.0,0.0021355040849021893,0.004801494795576639,0.007967595707145498,0.011390823335267064,0.014394620049895895,0.015704909723559,0.014394620049895895,0.011390823335267064,0.007967595707145498,0.004801494795576639,0.0021355040849021893,0.0,0.0,0.001261490518806009,0.00273686158384298,0.004338140955752952,0.005873692564214311,0.007030695747075893,0.007463392904285657,0.007030695747075893,0.005873692564214311,0.004338140955752952,0.00273686158384298,0.001261490518806009,0.0
0.0,0.00228834975454747,0.005164529503526196,0.008605046135086128,0.012331241658872595,0.015589737096389507,0.0170251391643182,0.015589737096389507,0.012331241658872595,0.008605046135086128,0.005164529503526196,0.00228834975454747,0.0,0.0,0.0013214198113099531,0.002877571308830691,0.004580378304786177,0.0062184388758774935,0.007450284894286997,0.007914856366727518,0.007450284894286997,0.0062184388758774935,0.004580378304786177,0.002877571308830691,0.0013214198113099531,0.0,0.0,0.0021364559682183672,0.00479935682102931,0.007959337879536224,0.011376940775771322,0.014381859353835387,0.0156994479914047,0.014381859353835387,0.011376940775771322,0.007959337879536224,0.00479935682102931,0.0021364559682183672,0.0,0.0,0.001258321771790711,0.0027288149468712433,0.004325137524591629,0.005857662632198185,0.007014200922369813,0.0074472276252068184,0.007014200922369813,0.005857662632198185,0.004325137524591629,0.0027288149468712433,0.001258321771790711,0.0
0.0,0.0022883497745940073,0.005164529561930701,0.008605046258970461,0.012331241879801676,0.015589737430648766,0.017025139563688032,0.015589737430648766,0.012331241879801676,0.008605046258970461,0.005164529561930701,0.0022883497745940073,0.0,0.0,0.0013214198337737496,0.0028775713655952917,0.004580378408718122,0.00621843903477885,0.007450285100877789,0.007914856592757237,0.007450285100877789,0.00621843903477885,0.004580378408718122,0.0028775713655952917,0.0013214198337737496,0.0,0.0,0.002136455987207006,0.004799356875731376,0.007959337994506852,0.011376940979861548,0.01438185966273356,0.015699448360393442,0.01438185966273356,0.011376940979861548,0.007959337994506852,0.004799356875731376,0.002136455987207006,0.0,0.0,0.0012583217931266127,0.002728815000517873,0.004325137622295312,0.0058576627811300665,0.007014201115918254,0.007447227836816438,0.007014201115918254,0.0058576627811300665,0.004325137622295312,0.002728815000517873,0.0012583217931266127,0.0
0.0,0.0022883497227979,0.0051645294275331245,0.008605046000625824,0.012331241454651379,0.01558973682516756,0.017025138861230776,0.01558973682516756,0.012331241454651379,0.008605046000625824,0.0051645294275331245,0.0022883497227979,0.0,0.0,0.001321419800446185,0.002877571282972097,0.004580378260256964,0.006218438811488785,0.00745028481387761,0.007914856280051227,0.00745028481387761,0.006218438811488785,0.004580378260256964,0.002877571282972097,0.001321419800446185,0.0,0.0,0.002136455937545351,0.004799356748255152,0.007959337751891412,0.011376940583054504,0.01438185909848357,0.01569944770645907,0.01438185909848357,0.011376940583054504,0.007959337751891412,0.004799356748255152,0.002136455937545351,0.0,0.0,0.0012583217610045916,0.0027288149214462296,0.004325137481209598,0.005857662569848919,0.007014200844711379,0.007447227541611272,0.007014200844711379,0.005857662569848919,0.004325137481209598,0.0027288149214462296,0.0012583217610045916,0.0
0.0,0.002288349788646539,0.005164529580483681,0.008605046263311305,0.012331241842622416,0.015589737328694692,0.01702513941801254,0.015589737328694692,0.012331241842622416,0.008605046263311305,0.005164529580483681,0.002288349788646539,0.0,0.0,0.001321419831000644,0.002877571351709846,0.004580378373039136,0.006218438968539455,0.007450285005304895,0.00791485648466807,0.007450285005304895,0.006218438968539455,0.004580378373039136,0.002877571351709846,0.001321419831000644,0.0,0.0,0.0021364560000540437,0.004799356892545296,0.007959337998139597,0.011376940945300949,0.014381859568141793,0.0156994482253447,0.014381859568141793,0.011376940945300949,0.007959337998139597,0.004799356892545296,0.0021364560000540437,0.0,0.0,0.0012583217905411653,0.0027288149875337522,0.004325137589041201,0.005857662719484159,0.007014201026889554,0.0074472277361791565,0.007014201026889554,0.005857662719484159,0.004325137589041201,0.0027288149875337522,0.0012583217905411653,0.0
0.0,0.0022883497306377468,0.005164529449509139,0.008605046044926276,0.012331241529299795,0.015589736931888185,0.017025138984115555,0.015589736931888185,0.012331241529299795,0.008605046044926276,0.005164529449509139,0.0022883497306377468,0.0,0.0,0.00132141980310823,0.002877571290947154,0.00458037827627804,0.00621843883711712,0.0074502848477953024,0.007914856317315103,0.0074502848477953024,0.00621843883711712,0.00458037827627804,0.002877571290947154,0.00132141980310823,0.0,0.0,0.002136455945936479,0.004799356770926355,0.007959337796301029,0.011376940656450816,0.014381859202348544,0.015699447825516813,0.014381859202348544,0.011376940656450816,0.007959337796301029,0.004799356770926355,0.002136455945936479,0.0,0.0,0.001258321763983836,0.002728814929919294,0.004325137497683642,0.00585766259570248,0.007014200878618371,0.0074472275787340475,0.007014200878618371,0.00585766259570248,0.004325137497683642,0.002728814929919294,0.001258321763983836,0.0
0.0,0.002288349704055094,0.005164529389701324,0.008605045945786729,0.012331241388400173,0.0155897367558568,0.017025138793516664,0.0155897367558568,0.012331241388400173,0.008605045945786729,0.005164529389701324,0.002288349704055094,0.0,0.0,0.0013214197633987582,0.002877571204634788,0.00458037813918018,0.006218438651382055,0.007450284625631386,0.007914856081446563,0.007450284625631386,0.006218438651382055,0.00458037813918018,0.002877571204634788,0.0013214197633987582,0.0,0.0,0.002136455920995421,0.004799356715062526,0.007959337704122157,0.011376940525780203,0.014381859039148414,0.015699447648909546,0.014381859039148414,0.011376940525780203,0.007959337704122157,0.004799356715062526,0.002136455920995421,0.0,0.0,0.0012583217261482775,0.0027288148480198587,0.0043251373681459475,0.005857662420633677,0.007014200669327597,0.007447227356661838,0.007014200669327597,0.005857662420633677,0.0043251373681459475,0.0027288148480198587,0.0012583217261482775,0.0
0.0,0.002290406012748575,0.005167753134030884,0.00860841059861709,0.012334017593257508,0.015592245423589023,0.017028471586733814,0.015592245423589023,0.012334017593257508,0.00860841059861709,0.005167753134030884,0.002290406012748575,0.0,0.0,0.0013243092238548783,0.0028833658862862637,0.00458913484522714,0.0062301459787982225,0.007464430578294254,0.007929993087349272,0.007464430578294254,0.0062301459787982225,0.00458913484522714,0.0028833658862862637,0.0013243092238548783,0.0,0.0,0.0021374661588427907,0.004800417469523789,0.007959446940965901,0.011375499865156864,0.014379427640642584,0.015697513842225886,0.014379427640642584,0.011375499865156864,0.007959446940965901,0.004800417469523789,0.0021374661588427907,0.0,0.0,0.0012606640953342213,0.0027334590678654517,0.004332117858673601,0.0058670157921220725,0.007025571718135755,0.007459424706275272,0.007025571718135755,0.0058670157921220725,0.004332117858673601,0.0027334590678654517,0.0012606640953342213,0.0
0.0,0.002290406032650889,0.005167753192013428,0.008608410721610147,0.012334017812614555,0.015592245755509913,0.017028471983389505,0.015592245755509913,0.012334017812614555,0.008608410721610147,0.005167753192013428,0.002290406032650889,0.0,0.0,0.0013243092462647717,0.002883365942906958,0.004589134948900191,0.00623014613733423,0.007464430784456988,0.007929993312933967,0.007464430784456988,0.00623014613733423,0.004589134948900191,0.002883365942906958,0.0013243092462647717,0.0,0.0,0.0021374661776895516,0.004800417523814998,0.007959447055078086,0.011375500067744303,0.014379427947311847,0.015697514208632506,0.014379427947311847,0.011375500067744303,0.007959447055078086,0.004800417523814998,0.0021374661776895516,0.0,0.0,0.0012606641166126812,0.0027334591213614284,0.00433211795610924,0.005867015940676585,0.007025571911240383,0.007459424917422389,0.007025571911240383,0.005867015940676585,0.00433211795610924,0.0027334591213614284,0.0012606641166126812,0.0
0.0,0.0022904059809151465,0.005167753057916221,0.008608410464067007,0.012334017389050253,0.015592245152500753,0.01702847128381318,0.015592245152500753,0.012334017389050253,0.008608410464067007,0.005167753057916221,0.0022904059809151465,0.0,0.0,0.001324309212811868,0.0028833658600636875,0.0045891348001561565,0.006230145913713099,0.007464430497078525,0.007929992999825946,0.007464430497078525,0.006230145913713099,0.0045891348001561565,0.0028833658600636875,0.001324309212811868,0.0,0.0,0.0021374661281023596,0.004800417396662338,0.007959446813281298,0.011375499672514385,0.014379427385490553,0.015697513557515724,0.014379427385490553,0.011375499672514385,0.007959446813281298,0.004800417396662338,0.0021374661281023596,0.0,0.0,0.0012606640843789698,0.0027334590420996637,0.004332117814788014,0.005867015729128654,0.007025571639733173,0.007459424621898862,0.007025571639733173,0.005867015729128654,0.004332117814788014,0.0027334590420996637,0.0012606640843789698,0.0
0.0,0.0022904060468782825,0.005167753211036408,0.008608410726892404,0.012334017777048695,0.015592245655931581,0.01702847184047782,0.015592245655931581,0.012334017777048695,0.008608410726892404,0.005167753211036408,0.0022904060468782825,0.0,0.0,0.0013243092435886242,0.0028833659292517647,0.004589134913610578,0.006230146071634631,0.00746443068952294,0.007929993205515375,0.00746443068952294,0.006230146071634631,0.004589134913610578,0.0028833659292517647,0.0013243092435886242,0.0,0.0,0.0021374661906935176,0.0048004175410555835,0.007959447059570905,0.011375500034665018,0.014379427854912752,0.01569751407613707,0.014379427854912752,0.011375500034665018,0.007959447059570905,0.0048004175410555835,0.0021374661906935176,0.0,0.0,0.0012606641141195774,0.002733459108597163,0.004332117923227184,0.005867015879547417,0.007025571822824931,0.0074594248174293595,0.007025571822824931,0.005867015879547417,0.004332117923227184,0.002733459108597163,0.0012606641141195774,0.0
0.0,0.0022904059888174035,0.0051677530799813,0.008608410508426593,0.012334017463666965,0.015592245259081247,0.017028471406518798,0.015592245259081247,0.012334017463666965,0.008608410508426593,0.0051677530799813,0.0022904059888174035,0.0,0.0,0.0013243092156357958,0.002883365868367931,0.004589134816666357,0.006230145939967261,0.007464430531716976,0.007929993037845137,0.007464430531716976,0.006230145939967261,0.004589134816666357,0.002883365868367931,0.0013243092156357958,0.0,0.0,0.002137466136550673,0.004800417419411458,0.007959446857734758,0.011375499745863235,0.014379427489201175,0.01569751367638083,0.014379427489201175,0.011375499745863235,0.007959446857734758,0.004800417419411458,0.002137466136550673,0.0,0.0,0.0012606640875133723,0.0027334590508858257,0.004332117831723962,0.005867015755570358,0.0070255716743159325,0.007459424659729012,0.0070255716743159325,0.005867015755570358,0.004332117831723962,0.0027334590508858257,0.0012606640875133723,0.0
0.0,0.0022904059622104195,0.00516775302013189,0.008608410409233422,0.012334017322700314,0.015592245082961309,0.017028471215814366,0.015592245082961309,0.012334017322700314,0.008608410409233422,0.00516775302013189,0.0022904059622104195,0.0,0.0,0.0013243091758354773,0.0028833657818732594,0.004589134679293432,0.006230145753865917,0.007464430309112518,0.007929992801506164,0.007464430309112518,0.006230145753865917,0.004589134679293432,0.0028833657818732594,0.0013243091758354773,0.0,0.0,0.0021374661115965993,0.004800417363529555,0.007959446765538109,0.011375499615172974,0.014379427325969063,0.015697513499728637,0.014379427325969063,0.011375499615172974,0.007959446765538109,0.004800417363529555,0.0021374661115965993,0.0,0.0,0.00126066404960348,0.0027334589688388132,0.0043321177019648065,0.005867015580206233,0.007025571464668145,0.007459424437274805,0.007025571464668145,0.005867015580206233,0.0043321177019648065,0.0027334589688388132,0.00126066404960348,0.0
0.0,0.0022868136208549963,0.005157613671175719,0.008589039936682094,0.012304685250784058,0.015556577454332704,0.0169929668728089,0.015556577454332704,0.012304685250784058,0.008589039936682094,0.005157613671175719,0.0022868136208549963,0.0,0.0,0.001321245329485526,0.0028759781458144174,0.004576833618595941,0.006213499537676038,0.007445041365008457,0.007909727489768167,0.007445041365008457,0.006213499537676038,0.004576833618595941,0.0028759781458144174,0.001321245329485526,0.0,0.0,0.002132368638975547,0.004787263945252317,0.007935703679845354,0.011340636099853871,0.014337272583386263,0.015655020801710336,0.014337272583386263,0.011340636099853871,0.007935703679845354,0.004787263945252317,0.002132368638975547,0.0,0.0,0.00125701677857544,0.0027249366715031394,0.004318206108516103,0.005848349853051678,0.007003847791773823,0.007436710873860222,0.007003847791773823,0.005848349853051678,0.004318206108516103,0.0027249366715031394,0.00125701677857544,0.0
0.0,0.0022914200932695923,0.005169147346002854,0.008609645341464493,0.012335072303062475,0.015594090840681045,0.01703187951055845,0.015594090840681045,0.012335072303062475,0.008609645341464493,0.005169147346002854,0.0022914200932695923,0.0,0.0,0.0013244192141763289,0.002883336553457923,0.004588942506908202,0.0062300442140910016,0.0074646851829327674,0.007930465321613497,0.0074646851829327674,0.0062300442140910016,0.004588942506908202,0.002883336553457923,0.0013244192141763289,0.0,0.0,0.002137647189632762,0.004800077646133782,0.007958039968339792,0.011373064907050463,0.014377091453769824,0.01569639849578952,0.014377091453769824,0.011373064907050463,0.007958039968339792,0.004800077646133782,0.002137647189632762,0.0,0.0,0.0012604336764033249,0.002732733623186181,0.0043308781058567745,0.005865541986441333,0.007024208746910404,0.007458184373379915,0.007024208746910404,0.005865541986441333,0.0043308781058567745,0.002732733623186181,0.0012604336764033249,0.0
0.0,0.002291420113017315,0.005169147403551266,0.008609645463572754,0.01233507252091025,0.015594091170430221,0.01703187990474795,0.015594091170430221,0.01233507252091025,0.008609645463572754,0.005169147403551266,0.002291420113017315,0.0,0.0,0.001324419236496126,0.002883336609850593,0.00458894261017877,0.00623004437205277,0.007464685388403283,0.007930465546466585,0.007464685388403283,0.00623004437205277,0.00458894261017877,0.002883336609850593,0.001324419236496126,0.0,0.0,0.0021376472083296013,0.004800077700006761,0.007958040081606253,0.011373065108202799,0.014377091758377137,0.015696398859857536,0.014377091758377137,0.011373065108202799,0.007958040081606253,0.004800077700006761,0.0021376472083296013,0.0,0.0,0.001260433697591181,0.002732733676454804,0.004330878202894003,0.0058655421344291575,0.007024208939331638,0.0074581845838046805,0.007024208939331638,0.0058655421344291575,0.004330878202894003,0.002732733676454804,0.001260433697591181,0.0
0.0,0.0022914200613780127,0.005169147269808218,0.008609645206863269,0.01233507209887786,0.01559409056968301,0.017031879207728244,0.01559409056968301,0.01233507209887786,0.008609645206863269,0.005169147269808218,0.0022914200613780127,0.0,0.0,0.0013244192030090881,0.002883336526988048,0.004588942461476131,0.006230044148548763,0.007464685101192509,0.007930465233540681,0.007464685101192509,0.006230044148548763,0.004588942461476131,0.002883336526988048,0.0013244192030090881,0.0,0.0,0.0021376471588473896,0.00480007757322003,0.007958039840644856,0.011373064714481317,0.01437709119876587,0.015696398211231744,0.01437709119876587,0.011373064714481317,0.007958039840644856,0.00480007757322003,0.0021376471588473896,0.0,0.0,0.0012604336653319129,0.0027327335971912108,0.0043308780616393445,0.005865541923030267,0.007024208668029976,0.007458184288503556,0.007024208668029976,0.005865541923030267,0.0043308780616393445,0.0027327335971912108,0.0012604336653319129,0.0
0.0,0.0022914201274144112,0.005169147423029147,0.008609645469758204,0.012335072486869374,0.0155940910730511,0.017031879764353233,0.0155940910730511,0.012335072486869374,0.008609645469758204,0.005169147423029147,0.0022914201274144112,0.0,0.0,0.0013244192339117132,0.002883336596422986,0.004588942575288774,0.006230044306925895,0.007464685294165245,0.007930465439786642,0.007464685294165245,0.006230044306925895,0.004588942575288774,0.002883336596422986,0.0013244192339117132,0.0,0.0,0.0021376472214861882,0.004800077717660511,0.007958040086923829,0.011373065076522332,0.014377091668005184,0.01569639872968408,0.014377091668005184,0.011373065076522332,0.007958040086923829,0.004800077717660511,0.0021376472214861882,0.0,0.0,0.0012604336951852514,0.002732733663907083,0.004330878170391888,0.005865542073844718,0.007024208851579271,0.007458184484515525,0.007024208851579271,0.005865542073844718,0.004330878170391888,0.002732733663907083,0.0012604336951852514,0.0
0.0,0.0022914200693220765,0.005169147291926714,0.008609645251243452,0.01233507217343972,0.015594090676131375,0.01703187933028305,0.015594090676131375,0.01233507217343972,0.008609645251243452,0.005169147291926714,0.0022914200693220765,0.0,0.0,0.0013244192059571457,0.002883336535541004,0.0045889424783504985,0.006230044175263077,0.0074646851363566104,0.007930465272109213,0.0074646851363566104,0.006230044175263077,0.0045889424783504985,0.002883336535541004,0.0013244192059571457,0.0,0.0,0.0021376471673336377,0.004800077596014425,0.007958039885107949,0.011373064787764012,0.014377091302333594,0.015696398329934993,0.014377091302333594,0.011373064787764012,0.007958039885107949,0.004800077596014425,0.0021376471673336377,0.0,0.0,0.0012604336685844708,0.0027327336062122447,0.004330878078916642,0.00586554194990108,0.007024208703101643,0.007458184326844038,0.007024208703101643,0.00586554194990108,0.004330878078916642,0.0027327336062122447,0.0012604336685844708,0.0
0.0,0.0022914200427200885,0.0051691472320960045,0.008609645152087196,0.012335072032522317,0.01559409050005597,0.01703187913961169,0.01559409050005597,0.012335072032522317,0.008609645152087196,0.0051691472320960045,0.0022914200427200885,0.0,0.0,0.0013244191661494122,0.0028833364490385184,0.004588942340970086,0.006230043989147831,0.0074646849137254626,0.00793046503573643,0.0074646849137254626,0.006230043989147831,0.004588942340970086,0.0028833364490385184,0.0013244191661494122,0.0,0.0,0.0021376471423923925,0.004800077540167268,0.00795803979297239,0.011373064657155,0.014377091139184714,0.015696398153357712,0.014377091139184714,0.011373064657155,0.00795803979297239,0.004800077540167268,0.0021376471423923925,0.0,0.0,0.0012604336306775337,0.002732733524178659,0.004330877949181991,0.005865541774564939,0.007024208493476471,0.0074581841044081875,0.007024208493476471,0.005865541774564939,0.004330877949181991,0.002732733524178659,0.0012604336306775337,0.0
0.0,0.00229240647178406,0.005169991362795454,0.008609383185010363,0.012333642215218588,0.015593197460673312,0.017033188864397992,0.015593197460673312,0.012333642215218588,0.008609383185010363,0.005169991362795454,0.00229240647178406,0.0,0.0,0.0013243747973114717,0.0028828124404080193,0.004587864748932061,0.006228806284453797,0.007463767682534516,0.007929796645763777,0.007463767682534516,0.006228806284453797,0.004587864748932061,0.0028828124404080193,0.0013243747973114717,0.0,0.0,0.0021373525008128343,0.004798265628237231,0.007953749961197364,0.011366332870853715,0.014369852872466421,0.01569084330447655,0.014369852872466421,0.011366332870853715,0.007953749961197364,0.004798265628237231,0.0021373525008128343,0.0,0.0,0.00125986746069549,0.002731147375361849,0.004328210079530532,0.005862228538816133,0.007020848610193888,0.007454931622372162,0.007020848610193888,0.005862228538816133,0.004328210079530532,0.002731147375361849,0.00125986746069549,0.0
0.0,0.0022924064912810977,0.005169991419641378,0.008609383305688424,0.012333642430627345,0.015593197786911872,0.017033189254596175,0.015593197786911872,0.012333642430627345,0.008609383305688424,0.005169991419641378,0.0022924064912810977,0.0,0.0,0.0013243748194888341,0.002882812496439624,0.0045878648515635615,0.006228806441500381,0.007463767886897652,0.007929796869444491,0.007463767886897652,0.006228806441500381,0.0045878648515635615,0.002882812496439624,0.0013243748194888341,0.0,0.0,0.00213735251926697,0.004798265681434452,0.007953750073098544,0.011366333069689535,0.014369853173743945,0.015690843664763494,0.014369853173743945,0.011366333069689535,0.007953750073098544,0.004798265681434452,0.00213735251926697,0.0,0.0,0.001259867481740255,0.0027311474282709133,0.004328210175936072,0.00586222868590232,0.007020848801523974,0.007454931831641755,0.007020848801523974,0.00586222868590232,0.004328210175936072,0.0027311474282709133,0.001259867481740255,0.0
0.0,0.0022924064398150857,0.005169991286506831,0.008609383050381586,0.012333642011144931,0.015593197189911173,0.017033188561810964,0.015593197189911173,0.012333642011144931,0.008609383050381586,0.005169991286506831,0.0022924064398150857,0.0,0.0,0.0013243747859588602,0.002882812413571136,0.004587864702967239,0.006228806218240752,0.007463767600027385,0.007929796556888644,0.007463767600027385,0.006228806218240752,0.004587864702967239,0.002882812413571136,0.0013243747859588602,0.0,0.0,0.0021373524699704223,0.004798265555271788,0.00795374983353663,0.011366332678471416,0.014369852617784328,0.01569084302025392,0.014369852617784328,0.011366332678471416,0.00795374983353663,0.004798265555271788,0.0021373524699704223,0.0,0.0,0.0012598674494511478,0.0027311473490276702,0.004328210034824988,0.005862228474794259,0.007020848530617386,0.007454931536768535,0.007020848530617386,0.005862228474794259,0.004328210034824988,0.0027311473490276702,0.0012598674494511478,0.0
0.0,0.0022924065059435807,0.005169991439834329,0.00860938331330017,0.012333642399004177,0.015593197693030062,0.017033189118212284,0.015593197693030062,0.012333642399004177,0.00860938331330017,0.005169991439834329,0.0022924065059435807,0.0,0.0,0.001324374817046196,0.002882812483365275,0.004587864817296576,0.0062288063772702445,0.007463767793753323,0.007929796763926958,0.007463767793753323,0.0062288063772702445,0.004587864817296576,0.002882812483365275,0.001324374817046196,0.0,0.0,0.002137352532661868,0.004798265699736959,0.007953750079717475,0.01136633304022527,0.014369853086593911,0.015690843538288334,0.014369853086593911,0.01136633304022527,0.007953750079717475,0.004798265699736959,0.002137352532661868,0.0,0.0,0.0012598674794689763,0.0027311474160591166,0.004328210144025887,0.005862228626170147,0.0070208487148126835,0.007454931733459301,0.0070208487148126835,0.005862228626170147,0.004328210144025887,0.0027311474160591166,0.0012598674794689763,0.0
0.0,0.002292406447814215,0.005169991308684958,0.008609383094753209,0.012333642085561597,0.015593197296077497,0.017033188684048274,0.015593197296077497,0.012333642085561597,0.008609383094753209,0.005169991308684958,0.002292406447814215,0.0,0.0,0.0013243747890939175,0.00288281242249725,0.004587864720385537,0.006228806245639421,0.0074637676359708026,0.007929796596270678,0.0074637676359708026,0.006228806245639421,0.004587864720385537,0.00288281242249725,0.0013243747890939175,0.0,0.0,0.00213735247850598,0.00479826557811399,0.0079537498779759,0.011366332751594353,0.014369852721057303,0.01569084313862698,0.014369852721057303,0.011366332751594353,0.0079537498779759,0.00479826557811399,0.00213735247850598,0.0,0.0,0.001259867452881449,0.0027311473584005295,0.004328210052611244,0.005862228502302039,0.007020848566412424,0.0074549315758631884,0.007020848566412424,0.005862228502302039,0.004328210052611244,0.0027311473584005295,0.001259867452881449,0.0
0.0,0.0022924064212357965,0.005169991248918732,0.008609382995712754,0.012333641944803301,0.01559319712017362,0.017033188493538364,0.01559319712017362,0.012333641944803301,0.008609382995712754,0.005169991248918732,0.0022924064212357965,0.0,0.0,0.0013243747492779614,0.002882812335990096,0.004587864583005895,0.006228806059520075,0.007463767413319719,0.007929796359868464,0.007463767413319719,0.006228806059520075,0.004587864583005895,0.002882812335990096,0.0013243747492779614,0.0,0.0,0.002137352453599665,0.004798265522354258,0.007953749785990123,0.011366332621188854,0.014369852558133413,0.015690842962268907,0.014369852558133413,0.011366332621188854,0.007953749785990123,0.004798265522354258,0.002137352453599665,0.0,0.0,0.001259867414982345,0.002731147276395068,0.004328209922926591,0.005862228327026086,0.007020848356842888,0.007454931353477816,0.007020848356842888,0.005862228327026086,0.004328209922926591,0.002731147276395068,0.001259867414982345,0.0
0.0,0.002293681847174399,0.005172144954565184,0.00861209519726202,0.012336936455332525,0.015597685872316042,0.017039132044590243,0.015597685872316042,0.012336936455332525,0.00861209519726202,0.005172144954565184,0.002293681847174399,0.0,0.0,0.0013249429776440447,0.002883878638462699,0.0045895407690720105,0.006231356129263623,0.007467272916225747,0.007933745571567964,0.007467272916225747,0.006231356129263623,0.0045895407690720105,0.002883878638462699,0.0013249429776440447,0.0,0.0,0.002137894566005402,0.00479888660618584,0.007954113949308995,0.011366512017020932,0.014370607307096075,0.015692753595881136,0.014370607307096075,0.011366512017020932,0.007954113949308995,0.00479888660618584,0.002137894566005402,0.0,0.0,0.0012601140570303463,0.0027315460602850387,0.004328863907766293,0.0058634207624184455,0.007022741942629383,0.007457168311429296,0.007022741942629383,0.0058634207624184455,0.004328863907766293,0.0027315460602850387,0.0012601140570303463,0.0
0.0,0.0022936818665470395,0.005172145011062244,0.008612095317230345,0.012336936669531137,0.015597686196804116,0.01703913243278104,0.015597686196804116,0.012336936669531137,0.008612095317230345,0.005172145011062244,0.0022936818665470395,0.0,0.0,0.0013249429997500527,0.0028838786943162567,0.004589540871395195,0.006231356285881017,0.007467273120084389,0.007933745794721704,0.007467273120084389,0.006231356285881017,0.004589540871395195,0.0028838786943162567,0.0013249429997500527,0.0,0.0,0.002137894584338707,0.00479888665904662,0.007954114060531285,0.011366512214705521,0.014370607606711034,0.015692753954264185,0.014370607606711034,0.011366512214705521,0.007954114060531285,0.00479888665904662,0.002137894584338707,0.0,0.0,0.0012601140780030091,0.002731546113015653,0.0043288640038647705,0.005863420909077879,0.007022742133456851,0.007457168520173355,0.007022742133456851,0.005863420909077879,0.0043288640038647705,0.002731546113015653,0.0012601140780030091,0.0
0.0,0.0022936818151600563,0.0051721448782164805,0.008612095062600937,0.012336936251292672,0.015597685601651026,0.017039131742105966,0.015597685601651026,0.012336936251292672,0.008612095062600937,0.0051721448782164805,0.0022936818151600563,0.0,0.0,0.0013249429661853452,0.0028838786114132172,0.004589540722793987,0.0062313560626500964,0.007467272833255225,0.007933745482205778,0.007467272833255225,0.0062313560626500964,0.004589540722793987,0.0028838786114132172,0.0013249429661853452,0.0,0.0,0.002137894535128658,0.004798886533183323,0.007954113821649695,0.011366511824714029,0.014370607052558135,0.015692753311811306,0.014370607052558135,0.011366511824714029,0.007954113821649695,0.004798886533183323,0.002137894535128658,0.0,0.0,0.0012601140456868845,0.002731546033753956,0.00432886386277301,0.005863420698030652,0.007022741862630556,0.007457168225382284,0.007022741862630556,0.005863420698030652,0.00432886386277301,0.002731546033753956,0.0012601140456868845,0.0
0.0,0.00229368188135292,0.005172145031636148,0.008612095325592236,0.012336936639167203,0.015597686104739676,0.017039132298493097,0.015597686104739676,0.012336936639167203,0.008612095325592236,0.005172145031636148,0.00229368188135292,0.0,0.0,0.0013249429973872361,0.0028838786814358395,0.004589540837461499,0.006231356222118067,0.007467273027496788,0.007933745689789988,0.007467273027496788,0.006231356222118067,0.004589540837461499,0.0028838786814358395,0.0013249429973872361,0.0,0.0,0.002137894597862511,0.004798886677694823,0.007954114067834528,0.011366512186395158,0.014370607521234813,0.015692753829721386,0.014370607521234813,0.011366512186395158,0.007954114067834528,0.004798886677694823,0.002137894597862511,0.0,0.0,0.0012601140758075093,0.002731546100988247,0.004328863972271396,0.005863420849790224,0.007022742047276395,0.007457168422549764,0.007022742047276395,0.005863420849790224,0.004328863972271396,0.002731546100988247,0.0012601140758075093,0.0
0.0,0.0022936818231903966,0.005172144900431174,0.008612095106976875,0.012336936325645243,0.015597685707682492,0.01703913186418875,0.015597685707682492,0.012336936325645243,0.008612095106976875,0.005172144900431174,0.0022936818231903966,0.0,0.0,0.0013249429694230045,0.0028838786205453576,0.004589540740515074,0.006231356090433257,0.007467272869639892,0.007933745522049855,0.007467272869639892,0.006231356090433257,0.004589540740515074,0.0028838786205453576,0.0013249429694230045,0.0,0.0,0.002137894543692306,0.004798886556055626,0.007954113866084783,0.01136651189776455,0.014370607155688855,0.01569275343002252,0.014370607155688855,0.01136651189776455,0.007954113866084783,0.004798886556055626,0.002137894543692306,0.0,0.0,0.0012601140492148194,0.0027315460433213054,0.004328863880842969,0.005863420725896839,0.0070227418988358615,0.007457168264906034,0.0070227418988358615,0.005863420725896839,0.004328863880842969,0.0027315460433213054,0.0012601140492148194,0.0
0.0,0.0022936817965995733,0.005172144840642814,0.008612095007903744,0.012336936184836476,0.015597685531700115,0.017039131673580617,0.015597685531700115,0.012336936184836476,0.008612095007903744,0.005172144840642814,0.0022936817965995733,0.0,0.0,0.001324942929589703,0.0028838785340058355,0.004589540603085123,0.006231355904238428,0.007467272646886127,0.007933745285532392,0.007467272646886127,0.006231355904238428,0.004589540603085123,0.0028838785340058355,0.001324942929589703,0.0,0.0,0.002137894518781344,0.004798886500290018,0.007954113774091505,0.011366511767342609,0.014370606992727939,0.015692753253611167,0.014370606992727939,0.011366511767342609,0.007954113774091505,0.004798886500290018,0.002137894518781344,0.0,0.0,0.0012601140113079985,0.0027315459613034363,0.00432886375113852,0.005863420550585833,0.007022741689211539,0.00745716804245624,0.007022741689211539,0.005863420550585833,0.00432886375113852,0.0027315459613034363,0.0012601140113079985,0.0
0.0,0.00229793909403766,0.0051788692033284695,0.008619903383809762,0.01234604249780531,0.015610991852001667,0.017058281021393874,0.015610991852001667,0.01234604249780531,0.008619903383809762,0.0051788692033284695,0.00229793909403766,0.0,0.0,0.0013249813250740157,0.0028833419726515003,0.004588752098196968,0.006231626584905574,0.00746965489074938,0.007937288872017128,0.00746965489074938,0.006231626584905574,0.004588752098196968,0.0028833419726515003,0.0013249813250740157,0.0,0.0,0.00213911663446238,0.00479928127622537,0.007952243685271873,0.011362788190093018,0.014368529421692934,0.015695279251683757,0.014368529421692934,0.011362788190093018,0.007952243685271873,0.00479928127622537,0.00213911663446238,0.0,0.0,0.001258913914366411,0.002728468608267415,0.004324227104218087,0.005858609426869048,0.007019095796867041,0.007454311798164729,0.007019095796867041,0.005858609426869048,0.004324227104218087,0.002728468608267415,0.001258913914366411,0.0
0.0,0.0022979391128707706,0.005178869258319681,0.00861990350072546,0.012346042706811593,0.015610992168984605,0.017058281400959257,0.015610992168984605,0.012346042706811593,0.00861990350072546,0.005178869258319681,0.0022979391128707706,0.0,0.0,0.0013249813468444553,0.0028833420276696674,0.004588752199069372,0.0062316267394873955,0.007469655092191083,0.007937289092633543,0.007469655092191083,0.0062316267394873955,0.004588752199069372,0.0028833420276696674,0.0013249813468444553,0.0,0.0,0.0021391166522728156,0.004799281327636714,0.007952243793579,0.01136278838284494,0.014368529714188468,0.0156952796018957,0.014368529714188468,0.01136278838284494,0.007952243793579,0.004799281327636714,0.0021391166522728156,0.0,0.0,0.0012589139350024925,0.002728468660166624,0.004324227198881961,0.005858609571520075,0.007019095985307158,0.007454312004401298,0.007019095985307158,0.005858609571520075,0.004324227198881961,0.002728468660166624,0.0012589139350024925,0.0
0.0,0.002297939061873821,0.005178869126817271,0.008619903249157134,0.012346042294105578,0.015610991581985909,0.017058280719599698,0.015610991581985909,0.012346042294105578,0.008619903249157134,0.005178869126817271,0.002297939061873821,0.0,0.0,0.001324981313216251,0.0028833419448120474,0.004588752050769369,0.006231626516837022,0.007469654806105676,0.007937288780899762,0.007469654806105676,0.006231626516837022,0.004588752050769369,0.0028833419448120474,0.001324981313216251,0.0,0.0,0.002139116603481102,0.004799281203153143,0.007952243557755444,0.011362787998289908,0.014368529167987809,0.015695278968499028,0.014368529167987809,0.011362787998289908,0.007952243557755444,0.004799281203153143,0.002139116603481102,0.0,0.0,0.0012589139026523734,0.002728468581009792,0.004324227058176989,0.005858609361163272,0.007019095715357223,0.007454311710534697,0.007019095715357223,0.005858609361163272,0.004324227058176989,0.002728468581009792,0.0012589139026523734,0.0
0.0,0.002297939128279622,0.0051788692804996365,0.008619903512256333,0.012346042681775679,0.015610992084623576,0.017058281275582076,0.015610992084623576,0.012346042681775679,0.008619903512256333,0.0051788692804996365,0.002297939128279622,0.0,0.0,0.0013249813448177753,0.002883342015616645,0.004588752166574701,0.006231626677764046,0.007469655002055912,0.007937288990291946,0.007469655002055912,0.006231626677764046,0.004588752166574701,0.002883342015616645,0.0013249813448177753,0.0,0.0,0.0021391166663376985,0.004799281347740233,0.00795224380376954,0.011362788359411754,0.014368529635800707,0.01569527948556164,0.014368529635800707,0.011362788359411754,0.00795224380376954,0.004799281347740233,0.0021391166663376985,0.0,0.0,0.00125891393312569,0.002728468648924766,0.004324227168654092,0.00585860951416913,0.007019095901459715,0.007454311909242631,0.007019095901459715,0.00585860951416913,0.004324227168654092,0.002728468648924766,0.00125891393312569,0.0
0.0,0.002297939070000664,0.005178869149108714,0.008619903293425945,0.012346042368014017,0.01561099168723509,0.017058280840800754,0.01561099168723509,0.012346042368014017,0.008619903293425945,0.005178869149108714,0.002297939070000664,0.0,0.0,0.0013249813168529538,0.002883341954737853,0.004588752069645219,0.006231626546073375,0.007469654844147852,0.007937288822475737,0.007469654844147852,0.006231626546073375,0.004588752069645219,0.002883341954737853,0.0013249813168529538,0.0,0.0,0.002139116612129439,0.004799281226078575,0.007952243602054555,0.011362788070871826,0.014368529270318639,0.0156952790858126,0.014368529270318639,0.011362788070871826,0.007952243602054555,0.004799281226078575,0.002139116612129439,0.0,0.0,0.0012589139065585647,0.0027284685913231826,0.004324227077323923,0.005858609390377313,0.007019095753095509,0.007454311751658206,0.007019095753095509,0.005858609390377313,0.004324227077323923,0.0027284685913231826,0.0012589139065585647,0.0
0.0,0.0022979390433854243,0.005178869089287675,0.008619903194312063,0.012346042227125672,0.0156109915110832,0.017058280649950498,0.0156109915110832,0.012346042227125672,0.008619903194312063,0.005178869089287675,0.0022979390433854243,0.0,0.0,0.001324981277016907,0.002883341868211804,0.004588751932236727,0.00623162635987125,0.00746965462132837,0.007937288585860377,0.00746965462132837,0.00623162635987125,0.004588751932236727,0.002883341868211804,0.001324981277016907,0.0,0.0,0.0021391165872250793,0.004799281170344871,0.007952243510119845,0.011362787940504044,0.014368529107351211,0.015695278909335815,0.014368529107351211,0.011362787940504044,0.007952243510119845,0.004799281170344871,0.0021391165872250793,0.0,0.0,0.0012589138686861252,0.0027284685093948782,0.004324226947755992,0.005858609215210597,0.007019095543584895,0.007454311529300803,0.007019095543584895,0.005858609215210597,0.004324226947755992,0.0027284685093948782,0.0012589138686861252,0.0
0.0,0.0022971283982439004,0.005176923306347022,0.008616436389517089,0.012340725647068113,0.015603862536489215,0.017050266224819158,0.015603862536489215,0.012340725647068113,0.008616436389517089,0.005176923306347022,0.0022971283982439004,0.0,0.0,0.0013252738472487036,0.002883896415516632,0.004589494861530163,0.00623245466441141,0.007470484421179329,0.007938104664554049,0.007470484421179329,0.00623245466441141,0.004589494861530163,0.002883896415516632,0.0013252738472487036,0.0,0.0,0.002138345834049751,0.004797444260927338,0.007948994009094004,0.011357827212606305,0.014361884874951488,0.015687816300826513,0.014361884874951488,0.011357827212606305,0.007948994009094004,0.004797444260927338,0.002138345834049751,0.0,0.0,0.0012591894382640075,0.0027289890257639095,0.0043249223102751755,0.005859383685919298,0.007019871161234871,0.007455074300445175,0.007019871161234871,0.005859383685919298,0.0043249223102751755,0.0027289890257639095,0.0012591894382640075,0.0
0.0,0.002297128417076376,0.005176923361331343,0.008616436506408354,0.0123407258560147,0.015603862853361496,0.017050266604240465,0.015603862853361496,0.0123407258560147,0.008616436506408354,0.005176923361331343,0.002297128417076376,0.0,0.0,0.0013252738690275965,0.0028838964705526944,0.0045894949624288115,0.0062324548190239755,0.007470484622651794,0.007938104885200283,0.007470484622651794,0.0062324548190239755,0.0045894949624288115,0.0028838964705526944,0.0013252738690275965,0.0,0.0,0.0021383458518593156,0.004797444312331705,0.007948994117377678,0.011357827405302019,0.014361885167343349,0.015687816650903758,0.014361885167343349,0.011357827405302019,0.007948994117377678,0.004797444312331705,0.0021383458518593156,0.0,0.0,0.001259189458908046,0.0027289890776799122,0.004324922404963585,0.0058593838305990385,0.007019871349703706,0.007455074506709571,0.007019871349703706,0.0058593838305990385,0.004324922404963585,0.0027289890776799122,0.001259189458908046,0.0
0.0,0.0022971283660901884,0.00517692322986279,0.00861643625491748,0.012340725443457318,0.015603862266601787,0.01705026592317444,0.015603862266601787,0.012340725443457318,0.00861643625491748,0.00517692322986279,0.0022971283660901884,0.0,0.0,0.0013252738353878536,0.0028838963876714136,0.004589494814095262,0.0062324545963356485,0.007470484336529626,0.007938104573431422,0.007470484336529626,0.0062324545963356485,0.004589494814095262,0.0028838963876714136,0.0013252738353878536,0.0,0.0,0.0021383458030784855,0.00479744418788138,0.007948993881628516,0.011357827020887818,0.01436188462136796,0.01568781601778308,0.01436188462136796,0.011357827020887818,0.007948993881628516,0.00479744418788138,0.0021383458030784855,0.0,0.0,0.0012591894265469557,0.0027289889985006874,0.004324922264226987,0.0058593836202064905,0.007019871079719141,0.007455074212809905,0.007019871079719141,0.0058593836202064905,0.004324922264226987,0.0027289889985006874,0.0012591894265469557,0.0
0.0,0.0022971284324737815,0.005176923383489192,0.008616436517912,0.012340725830959264,0.01560386276900489,0.017050266478887927,0.01560386276900489,0.012340725830959264,0.008616436517912,0.005176923383489192,0.0022971284324737815,0.0,0.0,0.0013252738669968234,0.0028838964584900362,0.004589494929918966,0.006232454757282223,0.007470484532498224,0.007938104782841028,0.007470484532498224,0.006232454757282223,0.004589494929918966,0.0028838964584900362,0.0013252738669968234,0.0,0.0,0.0021383458659135855,0.0047974443324148245,0.007948994127543244,0.011357827381851114,0.01436188508896024,0.01568781653459319,0.01436188508896024,0.011357827381851114,0.007948994127543244,0.0047974443324148245,0.0021383458659135855,0.0,0.0,0.0012591894570273907,0.0027289890664290144,0.004324922374721539,0.005859383773230918,0.007019871265839103,0.0074550744115344375,0.007019871265839103,0.005859383773230918,0.004324922374721539,0.0027289890664290144,0.0012591894570273907,0.0
0.0,0.0022971283742144605,0.00517692325214553,0.008616436299166058,0.012340725517327528,0.015603862371791288,0.017050266044303763,0.015603862371791288,0.012340725517327528,0.008616436299166058,0.00517692325214553,0.0022971283742144605,0.0,0.0,0.001325273839026215,0.002883896397600382,0.00458949483297514,0.006232454625575885,0.007470484374574829,0.00793810461500992,0.007470484374574829,0.006232454625575885,0.00458949483297514,0.002883896397600382,0.001325273839026215,0.0,0.0,0.0021383458117240142,0.004797444210797813,0.007948993925907455,0.01135782709343247,0.01436188472364122,0.01568781613502776,0.01436188472364122,0.01135782709343247,0.007948993925907455,0.004797444210797813,0.0021383458117240142,0.0,0.0,0.0012591894304548185,0.0027289890088172467,0.004324922283377955,0.00585938364942447,0.007019871117460583,0.007455074253936104,0.007019871117460583,0.00585938364942447,0.004324922283377955,0.0027289890088172467,0.0012591894304548185,0.0
0.0,0.0022971283476111715,0.0051769231923528124,0.008616436200101925,0.012340725376514204,0.015603862195737997,0.01705026585356275,0.015603862195737997,0.012340725376514204,0.008616436200101925,0.0051769231923528124,0.0022971283476111715,0.0,0.0,0.0013252737991786548,0.002883896311051781,0.004589494695534986,0.00623245443933619,0.007470484151715181,0.007938104378353825,0.007470484151715181,0.00623245443933619,0.004589494695534986,0.002883896311051781,0.0013252737991786548,0.0,0.0,0.002138345786830965,0.004797444155090768,0.007948993834019282,0.011357826963134594,0.01436188456076561,0.01568781595865263,0.01436188456076561,0.011357826963134594,0.007948993834019282,0.004797444155090768,0.002138345786830965,0.0,0.0,0.0012591893925715057,0.0027289889268677127,0.004324922153780305,0.005859383474222532,0.007019870907912312,0.007455074031540519,0.007019870907912312,0.005859383474222532,0.004324922153780305,0.0027289889268677127,0.0012591893925715057,0.0
0.0,0.002297945896012985,0.0051781785751761275,0.008617811398314051,0.01234219766468659,0.015605947083396021,0.01705336482743957,0.015605947083396021,0.01234219766468659,0.008617811398314051,0.0051781785751761275,0.002297945896012985,0.0,0.0,0.0013254269101575858,0.0028840962506485063,0.004589806585154977,0.00623311770140729,0.007471663270022969,0.007939548488962181,0.007471663270022969,0.00623311770140729,0.004589806585154977,0.0028840962506485063,0.0013254269101575858,0.0,0.0,0.0021385557012221067,0.004797435651270219,0.007948442996244542,0.011356756632266853,0.01436093312974462,0.015687642301174493,0.01436093312974462,0.011356756632266853,0.007948442996244542,0.004797435651270219,0.0021385557012221067,0.0,0.0,0.001259087930590366,0.002728665939129354,0.004324441271831139,0.005859000321822051,0.007019810285965893,0.007455202464644477,0.007019810285965893,0.005859000321822051,0.004324441271831139,0.002728665939129354,0.001259087930590366,0.0
0.0,0.002297945914740907,0.005178178629868,0.008617811514610791,0.012342197872617977,0.015605947398792536,0.01705336520515416,0.015605947398792536,0.012342197872617977,0.008617811514610791,0.005178178629868,0.002297945914740907,0.0,0.0,0.0013254269318741917,0.0028840963055290682,0.004589806685783189,0.00623311785564047,0.007471663471045593,0.007939548709136594,0.007471663471045593,0.00623311785564047,0.004589806685783189,0.0028840963055290682,0.0013254269318741917,0.0,0.0,0.002138555718930296,0.004797435702393013,0.00794844310396042,0.011356756823998223,0.014360933420736788,0.015687642649635302,0.014360933420736788,0.011356756823998223,0.00794844310396042,0.004797435702393013,0.002138555718930296,0.0,0.0,0.0012590879511717298,0.0027286659908901728,0.00432444136625148,0.005859000466126579,0.007019810473989289,0.007455202670441404,0.007019810473989289,0.005859000466126579,0.00432444136625148,0.0027286659908901728,0.0012590879511717298,0.0
0.0,0.002297945863835093,0.00517817849867222,0.008617811263737712,0.012342197461175927,0.015605946813682041,0.017053364525983283,0.015605946813682041,0.012342197461175927,0.008617811263737712,0.00517817849867222,0.002297945863835093,0.0,0.0,0.0013254268982209666,0.002884096222653857,0.004589806537503473,0.0062331176330583235,0.007471663185059819,0.007939548397510997,0.007471663185059819,0.0062331176330583235,0.004589806537503473,0.002884096222653857,0.0013254268982209666,0.0,0.0,0.002138555670235444,0.004797435578222525,0.007948442868827944,0.011356756440679142,0.014360932876368304,0.015687642018354993,0.014360932876368304,0.011356756440679142,0.007948442868827944,0.004797435578222525,0.002138555670235444,0.0,0.0,0.001259087918803128,0.0027286659117290724,0.004324441225586121,0.005859000255862593,0.00701981020416809,0.007455202376713927,0.00701981020416809,0.005859000255862593,0.004324441225586121,0.0027286659117290724,0.001259087918803128,0.0
0.0,0.002297945930255044,0.005178178652337001,0.00861781152672945,0.012342197848599667,0.015605947315942751,0.017053365081554514,0.015605947315942751,0.012342197848599667,0.00861781152672945,0.005178178652337001,0.002297945930255044,0.0,0.0,0.0013254269299079842,0.0028840962936248866,0.004589806653548423,0.006233117794287978,0.007471663381359429,0.007939548607270672,0.007471663381359429,0.006233117794287978,0.004589806653548423,0.0028840962936248866,0.0013254269299079842,0.0,0.0,0.002138555733089069,0.004797435722757579,0.007948443114685573,0.011356756801495713,0.014360933343739203,0.015687642534938574,0.014360933343739203,0.011356756801495713,0.007948443114685573,0.004797435722757579,0.002138555733089069,0.0,0.0,0.0012590879493522373,0.002728665979789646,0.004324441336270339,0.0058590004091279594,0.00701981039056922,0.00745520257573565,0.00701981039056922,0.0058590004091279594,0.004324441336270339,0.002728665979789646,0.0012590879493522373,0.0
0.0,0.0022979458719729496,0.005178178520957623,0.008617811307943903,0.012342197534926953,0.015605946918675236,0.017053364646891202,0.015605946918675236,0.012342197534926953,0.008617811307943903,0.005178178520957623,0.0022979458719729496,0.0,0.0,0.0013254269019342922,0.002884096232731311,0.004589806556598429,0.006233117662568092,0.00747166322341155,0.007939548439409437,0.00747166322341155,0.006233117662568092,0.004589806556598429,0.002884096232731311,0.0013254269019342922,0.0,0.0,0.0021385556788924426,0.004797435601137568,0.007948442913060016,0.01135675651310174,0.014360932978444475,0.015687642135378255,0.014360932978444475,0.01135675651310174,0.007948442913060016,0.004797435601137568,0.0021385556788924426,0.0,0.0,0.0012590879227819558,0.0027286659221849897,0.004324441244937319,0.005859000285330054,0.007019810242192396,0.0074552024181349826,0.007019810242192396,0.005859000285330054,0.004324441244937319,0.0027286659221849897,0.0012590879227819558,0.0
0.0,0.0022979458453661616,0.0051781784611616595,0.008617811208877543,0.01234219739410709,0.01560594674260109,0.0170533644561166,0.01560594674260109,0.01234219739410709,0.008617811208877543,0.0051781784611616595,0.0022979458453661616,0.0,0.0,0.0013254268620810881,0.0028840961461746063,0.004589806419145985,0.006233117476305299,0.007471663000513655,0.007939548202707434,0.007471663000513655,0.006233117476305299,0.004589806419145985,0.0028840961461746063,0.0013254268620810881,0.0,0.0,0.0021385556540020247,0.00479743554543997,0.00794844282118903,0.011356756382823328,0.014360932815579562,0.015687641959003677,0.014360932815579562,0.011356756382823328,0.00794844282118903,0.00479743554543997,0.0021385556540020247,0.0,0.0,0.001259087884900664,0.0027286658402430955,0.004324441115351222,0.005859000110136429,0.0070198100326430216,0.007455202195732867,0.0070198100326430216,0.005859000110136429,0.004324441115351222,0.0027286658402430955,0.001259087884900664,0.0
0.0,0.0022904452649294554,0.005161150403828765,0.008589291964421198,0.012301265380148096,0.015554532276323575,0.01699771772530807,0.015554532276323575,0.012301265380148096,0.008589291964421198,0.005161150403828765,0.0022904452649294554,0.0,0.0,0.001321335244786035,0.0028749937435192975,0.004574968116594932,0.006212495238796641,0.007446507694951764,0.007912640267877516,0.007446507694951764,0.006212495238796641,0.004574968116594932,0.0028749937435192975,0.001321335244786035,0.0,0.0,0.002131494066855732,0.004781473853403613,0.007921831358909944,0.011318662310135601,0.014313101469208573,0.01563590599355151,0.014313101469208573,0.011318662310135601,0.007921831358909944,0.004781473853403613,0.002131494066855732,0.0,0.0,0.0012552138322282002,0.002720082770840929,0.0043105090270848705,0.005839683786247965,0.006996257597746992,0.007430023363429044,0.006996257597746992,0.005839683786247965,0.0043105090270848705,0.002720082770840929,0.0012552138322282002,0.0
0.0,0.0022974853122421576,0.005177103264185039,0.00861596494811605,0.012339512165248713,0.015602612789875637,0.017049840445289968,0.015602612789875637,0.012339512165248713,0.00861596494811605,0.005177103264185039,0.0022974853122421576,0.0,0.0,0.0013252130975994446,0.0028835775820616385,0.004588886689917436,0.006231742237683595,0.007469897947986262,0.007937625139819658,0.007469897947986262,0.006231742237683595,0.004588886689917436,0.0028835775820616385,0.0013252130975994446,0.0,0.0,0.002138106562935638,0.0047963926478425765,0.007946662696413614,0.011354177516532563,0.014357734471026246,0.015684262900679497,0.014357734471026246,0.011354177516532563,0.007946662696413614,0.0047963926478425765,0.002138106562935638,0.0,0.0,0.0012588880349884094,0.002728182493802068,0.004323586824329751,0.005857724768951609,0.007018172519115649,0.007453418797698858,0.007018172519115649,0.005857724768951609,0.004323586824329751,0.002728182493802068,0.0012588880349884094,0.0
0.0,0.002297485330962055,0.005177103318854393,0.008615965064365832,0.012339512373097751,0.01560261310515498,0.017049840822878203,0.01560261310515498,0.012339512373097751,0.008615965064365832,0.005177103318854393,0.002297485330962055,0.0,0.0,0.001325213119315551,0.0028835776369385262,0.004588886790534163,0.006231742391892121,0.007469898148969686,0.007937625359948158,0.007469898148969686,0.006231742391892121,0.004588886790534163,0.0028835776369385262,0.001325213119315551,0.0,0.0,0.002138106580636309,0.004796392698944284,0.007946662804085593,0.01135417770818703,0.014357734761908898,0.015684263249022317,0.014357734761908898,0.01135417770818703,0.007946662804085593,0.004796392698944284,0.002138106580636309,0.0,0.0,0.0012588880555693396,0.002728182545559535,0.0043235869187395444,0.005857724913233453,0.007018172707102858,0.007453419003453403,0.007018172707102858,0.005857724913233453,0.0043235869187395444,0.002728182545559535,0.0012588880555693396,0.0
0.0,0.0022974852800679377,0.005177103187690886,0.00861596481355837,0.012339511961767274,0.015602612520198525,0.01704984014387146,0.015602612520198525,0.012339511961767274,0.00861596481355837,0.005177103187690886,0.0022974852800679377,0.0,0.0,0.001325213085666215,0.0028835775540753767,0.004588886642281155,0.006231742169357911,0.007469897863053513,0.007937625048401814,0.007469897863053513,0.006231742169357911,0.004588886642281155,0.0028835775540753767,0.001325213085666215,0.0,0.0,0.0021381065319527413,0.004796392574804754,0.007946662569015632,0.011354177324973744,0.014357734217686305,0.015684262617897356,0.014357734217686305,0.011354177324973744,0.007946662569015632,0.004796392574804754,0.0021381065319527413,0.0,0.0,0.0012588880232044441,0.002728182466409829,0.004323586778099224,0.00585772470301421,0.007018172437346606,0.007453418709799815,0.007018172437346606,0.00585772470301421,0.004323586778099224,0.002728182466409829,0.0012588880232044441,0.0
0.0,0.0022974853464773556,0.005177103341329889,0.00861596507650393,0.012339512349121768,0.015602613022372687,0.017049840699352385,0.015602613022372687,0.012339512349121768,0.00861596507650393,0.005177103341329889,0.0022974853464773556,0.0,0.0,0.0013252131173466589,0.002883577625030293,0.004588886758297175,0.006231742330543792,0.007469898059296418,0.00793762525809949,0.007469898059296418,0.006231742330543792,0.004588886758297175,0.002883577625030293,0.0013252131173466589,0.0,0.0,0.0021381065947959077,0.0047963927193144015,0.007946662814828118,0.011354177685723,0.014357734684973162,0.015684263134393233,0.014357734684973162,0.011354177685723,0.007946662814828118,0.0047963927193144015,0.0021381065947959077,0.0,0.0,0.0012588880537473049,0.0027281825344551563,0.004323586888756217,0.005857724856238512,0.007018172623694571,0.007453418908763455,0.007018172623694571,0.005857724856238512,0.004323586888756217,0.0027281825344551563,0.0012588880537473049,0.0
0.0,0.002297485288202455,0.0051771032099676845,0.008615964857748407,0.012339512035493064,0.015602612625159138,0.017049840264744858,0.015602612625159138,0.012339512035493064,0.008615964857748407,0.0051771032099676845,0.002297485288202455,0.0,0.0,0.0013252130893780913,0.0028835775641489958,0.004588886661368723,0.006231742198855834,0.00746989790138928,0.007937625090282563,0.00746989790138928,0.006231742198855834,0.004588886661368723,0.0028835775641489958,0.0013252130893780913,0.0,0.0,0.0021381065406065186,0.004796392597711533,0.007946662613232288,0.011354177397372364,0.014357734319731533,0.015684262734887836,0.014357734319731533,0.011354177397372364,0.007946662613232288,0.004796392597711533,0.0021381065406065186,0.0,0.0,0.0012588880271818216,0.0027281824768619614,0.004323586797443229,0.0058577247324702484,0.007018172475355587,0.0074534187512039175,0.007018172475355587,0.0058577247324702484,0.004323586797443229,0.0027281824768619614,0.0012588880271818216,0.0
0.0,0.0022974852616140344,0.005177103150213507,0.008615964758752197,0.012339511894774113,0.015602612449212051,0.01704984007410805,0.015602612449212051,0.012339511894774113,0.008615964758752197,0.005177103150213507,0.0022974852616140344,0.0,0.0,0.0013252130495270088,0.0028835774775985154,0.004588886523929004,0.006231742012614053,0.007469897678519994,0.007937624853612341,0.007469897678519994,0.006231742012614053,0.004588886523929004,0.0028835774775985154,0.0013252130495270088,0.0,0.0,0.002138106515733382,0.0047963925420530795,0.007946662521426714,0.01135417726718781,0.014357734156984762,0.015684262558641308,0.014357734156984762,0.01135417726718781,0.007946662521426714,0.0047963925420530795,0.002138106515733382,0.0,0.0,0.0012588879893024475,0.002728182394925739,0.004323586667868752,0.005857724557295852,0.0070181722658324685,0.007453418528830977,0.0070181722658324685,0.005857724557295852,0.004323586667868752,0.002728182394925739,0.0012588879893024475,0.0
0.0,0.002297731217645047,0.005177747027865741,0.00861721672548204,0.01234159879195149,0.015605622181458615,0.017053361341374883,0.015605622181458615,0.01234159879195149,0.00861721672548204,0.005177747027865741,0.002297731217645047,0.0,0.0,0.001325440287590165,0.002884126136299319,0.004589853632468273,0.0062331791105329415,0.007471733615645455,0.007939621743251336,0.007471733615645455,0.0062331791105329415,0.004589853632468273,0.002884126136299319,0.001325440287590165,0.0,0.0,0.002138338568610459,0.004796994787150465,0.007947824340538177,0.011356105575125456,0.014360515281292691,0.01568751534512615,0.014360515281292691,0.011356105575125456,0.007947824340538177,0.004796994787150465,0.002138338568610459,0.0,0.0,0.0012591040467194404,0.0027287014479841767,0.004324496783341197,0.00585907283393976,0.007019893752118486,0.007455289574087111,0.007019893752118486,0.00585907283393976,0.004324496783341197,0.0027287014479841767,0.0012591040467194404,0.0
0.0,0.0022977312363592992,0.0051777470825233665,0.008617216841715937,0.01234159899978688,0.015605622496736558,0.0170533617189745,0.015605622496736558,0.01234159899978688,0.008617216841715937,0.0051777470825233665,0.0022977312363592992,0.0,0.0,0.001325440309306601,0.00288412619117935,0.004589853733095248,0.006233179264763781,0.007471733816664559,0.007939621963421697,0.007471733816664559,0.006233179264763781,0.004589853733095248,0.00288412619117935,0.001325440309306601,0.0,0.0,0.0021383385863060246,0.004796994838241579,0.007947824448195882,0.011356105766767838,0.014360515572174722,0.015687515693480238,0.014360515572174722,0.011356105766767838,0.007947824448195882,0.004796994838241579,0.0021383385863060246,0.0,0.0,0.0012591040673006967,0.0027287014997446207,0.004324496877760594,0.005859072978242421,0.007019893940138997,0.007455289779880693,0.007019893940138997,0.005859072978242421,0.004324496877760594,0.0027287014997446207,0.0012591040673006967,0.0
0.0,0.0022977311854679074,0.005177746951362841,0.008617216590905188,0.012341598588434496,0.01560562191172544,0.017053361039887666,0.01560562191172544,0.012341598588434496,0.008617216590905188,0.005177746951362841,0.0022977311854679074,0.0,0.0,0.0013254402756549977,0.0028841261083076813,0.004589853584821358,0.006233179042190002,0.007471733530689388,0.007939621651807626,0.007471733530689388,0.006233179042190002,0.004589853584821358,0.0028841261083076813,0.0013254402756549977,0.0,0.0,0.0021383385376246775,0.0047969947141041636,0.007947824213121919,0.011356105383533124,0.014360515027900086,0.015687515062279573,0.014360515027900086,0.011356105383533124,0.007947824213121919,0.0047969947141041636,0.0021383385376246775,0.0,0.0,0.0012591040349335635,0.0027287014205866905,0.0043244967371004125,0.0058590727679858415,0.007019893670327184,0.007455289486163419,0.007019893670327184,0.0058590727679858415,0.0043244967371004125,0.0027287014205866905,0.0012591040349335635,0.0
0.0,0.0022977312518839086,0.005177747105020182,0.00861721685388858,0.01234159897585564,0.015605622414000509,0.01705336159548977,0.015605622414000509,0.01234159897585564,0.00861721685388858,0.005177747105020182,0.0022977312518839086,0.0,0.0,0.0013254403073407646,0.0028841261792761485,0.0045898537008624216,0.0062331792034145475,0.007471733726982963,0.007939621861560919,0.007471733726982963,0.0062331792034145475,0.0045898537008624216,0.0028841261792761485,0.0013254403073407646,0.0,0.0,0.0021383386004741895,0.004796994858631259,0.00794782445896999,0.011356105744344619,0.01436051549528105,0.01568751557888834,0.01436051549528105,0.011356105744344619,0.00794782445896999,0.004796994858631259,0.0021383386004741895,0.0,0.0,0.0012591040654815538,0.002728701488644995,0.00432449684778122,0.005859072921246748,0.007019893856723054,0.0074552896851795844,0.007019893856723054,0.005859072921246748,0.00432449684778122,0.002728701488644995,0.0012591040654815538,0.0
0.0,0.0022977311936029157,0.005177746973642008,0.008617216635101947,0.012341598662174942,0.01560562201671166,0.017053361160793805,0.01560562201671166,0.012341598662174942,0.008617216635101947,0.005177746973642008,0.0022977311936029157,0.0,0.0,0.0013254402793674118,0.0028841261183832866,0.004589853603913566,0.006233179071696245,0.007471733569037036,0.007939621693701784,0.007471733569037036,0.006233179071696245,0.004589853603913566,0.0028841261183832866,0.0013254402793674118,0.0,0.0,0.0021383385462790533,0.004796994737013461,0.0079478242573453,0.01135610545594597,0.014360515129969866,0.015687515179301285,0.014360515129969866,0.01135610545594597,0.0079478242573453,0.004796994737013461,0.0021383385462790533,0.0,0.0,0.001259104038911522,0.0027287014310408628,0.004324496756449038,0.005859072797450017,0.007019893708347699,0.007455289527580506,0.007019893708347699,0.005859072797450017,0.004324496756449038,0.0027287014310408628,0.001259104038911522,0.0
0.0,0.002297731167011206,0.0051777469138793025,0.008617216536089347,0.012341598521429114,0.01560562184072678,0.017053360970113823,0.01560562184072678,0.012341598521429114,0.008617216536089347,0.0051777469138793025,0.002297731167011206,0.0,0.0,0.0013254402395094364,0.0028841260318162214,0.004589853466444734,0.006233178885411393,0.007471733346112915,0.007939621456972003,0.007471733346112915,0.006233178885411393,0.004589853466444734,0.0028841260318162214,0.0013254402395094364,0.0,0.0,0.002138338521402815,0.004796994681347021,0.007947824165524486,0.011356105325736512,0.014360514967188081,0.015687515003014775,0.014360514967188081,0.011356105325736512,0.007947824165524486,0.004796994681347021,0.002138338521402815,0.0,0.0,0.001259104001025589,0.0027287013490889392,0.004324496626847147,0.005859072622235193,0.007019893498773134,0.007455289305151726,0.007019893498773134,0.005859072622235193,0.004324496626847147,0.0027287013490889392,0.001259104001025589,0.0
0.0,0.0022977439403369295,0.005177775069243476,0.008617263187362742,0.012341666541056688,0.015605711404554938,0.017053462677107806,0.015605711404554938,0.012341666541056688,0.008617263187362742,0.005177775069243476,0.0022977439403369295,0.0,0.0,0.001325444530580754,0.0028841354652186435,0.004589869141360738,0.006233201592196399,0.007471762228245512,0.007939652900897091,0.007471762228245512,0.006233201592196399,0.004589869141360738,0.0028841354652186435,0.001325444530580754,0.0,0.0,0.0021383491827212248,0.004797018146934494,0.007947863104942004,0.011356162446116006,0.01436059092644248,0.015687601768822564,0.01436059092644248,0.011356162446116006,0.007947863104942004,0.004797018146934494,0.0021383491827212248,0.0,0.0,0.0012591075326730114,0.002728709141474093,0.00432450967511309,0.005859091722790343,0.0070199180272430784,0.007455316088858401,0.0070199180272430784,0.005859091722790343,0.00432450967511309,0.002728709141474093,0.0012591075326730114,0.0
0.0,0.002297743959050977,0.005177775123900561,0.00861726330359562,0.012341666748890487,0.015605711719830764,0.017053463054705148,0.015605711719830764,0.012341666748890487,0.00861726330359562,0.005177775123900561,0.002297743959050977,0.0,0.0,0.0013254445522970911,0.002884135520098449,0.004589869241987363,0.006233201746426828,0.007471762429264226,0.007939653121067095,0.007471762429264226,0.006233201746426828,0.004589869241987363,0.002884135520098449,0.0013254445522970911,0.0,0.0,0.0021383492004165908,0.004797018198025088,0.007947863212598737,0.011356162637756857,0.014360591217322478,0.015687602117174466,0.014360591217322478,0.011356162637756857,0.007947863212598737,0.004797018198025088,0.0021383492004165908,0.0,0.0,0.0012591075532541627,0.0027287091932343055,0.004324509769532127,0.005859091867092578,0.007019918215263171,0.0074553162946515905,0.007019918215263171,0.005859091867092578,0.004324509769532127,0.0027287091932343055,0.0012591075532541627,0.0
0.0,0.0022977439081595854,0.005177774992740167,0.008617263052785259,0.012341666337538845,0.015605711134820635,0.017053462375619267,0.015605711134820635,0.012341666337538845,0.008617263052785259,0.005177774992740167,0.0022977439081595854,0.0,0.0,0.0013254445186453873,0.002884135437226593,0.004589869093713193,0.006233201523852625,0.007471762143288447,0.00793965280945233,0.007471762143288447,0.006233201523852625,0.004589869093713193,0.002884135437226593,0.0013254445186453873,0.0,0.0,0.002138349151735266,0.0047970180738878335,0.007947862977525214,0.011356162254522944,0.014360590673048915,0.015687601485974857,0.014360590673048915,0.011356162254522944,0.007947862977525214,0.0047970180738878335,0.002138349151735266,0.0,0.0,0.0012591075208869453,0.002728709114076227,0.0043245096288717245,0.0058590916568356625,0.007019917945450864,0.007455316000933746,0.007019917945450864,0.0058590916568356625,0.0043245096288717245,0.002728709114076227,0.0012591075208869453,0.0
0.0,0.002297743974575982,0.0051777751463983335,0.00861726331576997,0.012341666724961852,0.015605711637098157,0.0170534629312242,0.015605711637098157,0.012341666724961852,0.00861726331576997,0.0051777751463983335,0.002297743974575982,0.0,0.0,0.0013254445503314161,0.002884135508195612,0.004589869209755118,0.006233201685078342,0.0074717623395834445,0.00793965301920714,0.0074717623395834445,0.006233201685078342,0.004589869209755118,0.002884135508195612,0.0013254445503314161,0.0,0.0,0.0021383492145851165,0.00479701821841564,0.0079478632233744,0.01135616261533602,0.014360591140431962,0.01568760200258605,0.014360591140431962,0.01135616261533602,0.0079478632233744,0.00479701821841564,0.0021383492145851165,0.0,0.0,0.0012591075514351742,0.0027287091821350286,0.004324509739553301,0.005859091810097614,0.0070199181318480065,0.007455316199951269,0.0070199181318480065,0.005859091810097614,0.004324509739553301,0.0027287091821350286,0.0012591075514351742,0.0
0.0,0.0022977439162946613,0.005177775015019431,0.008617263096982129,0.012341666411279399,0.015605711239807,0.017053462496525618,0.015605711239807,0.012341666411279399,0.008617263096982129,0.005177775015019431,0.0022977439162946613,0.0,0.0,0.001325444522357974,0.0028841354473025547,0.004589869112805934,0.006233201553359565,0.007471762181636911,0.007939652851347345,0.007471762181636911,0.006233201553359565,0.004589869112805934,0.0028841354473025547,0.001325444522357974,0.0,0.0,0.002138349160389701,0.004797018096797228,0.007947863021748698,0.01135616232693589,0.014360590775118824,0.015687601602996752,0.014360590775118824,0.01135616232693589,0.007947863021748698,0.004797018096797228,0.002138349160389701,0.0,0.0,0.0012591075248650687,0.002728709124530734,0.004324509648220849,0.005859091686300487,0.007019917983472139,0.007455316042351631,0.007019917983472139,0.005859091686300487,0.004324509648220849,0.002728709124530734,0.0012591075248650687,0.0
0.0,0.00229774388970283,0.0051777749552564655,0.008617262997969085,0.012341666270532905,0.015605711063821233,0.017053462305844626,0.015605711063821233,0.012341666270532905,0.008617262997969085,0.0051777749552564655,0.00229774388970283,0.0,0.0,0.0013254444824998685,0.0028841353607352033,0.004589868975336631,0.00623320136707403,0.007471761958711931,0.007939652614616632,0.007471761958711931,0.00623320136707403,0.004589868975336631,0.0028841353607352033,0.0013254444824998685,0.0,0.0,0.002138349135513364,0.004797018041130573,0.007947862929927515,0.01135616219672588,0.014360590612336284,0.015687601426709386,0.014360590612336284,0.01135616219672588,0.007947862929927515,0.004797018041130573,0.002138349135513364,0.0,0.0,0.0012591074869790315,0.0027287090425785745,0.004324509518618566,0.00585909151108509,0.007019917773896847,0.0074553158199220605,0.007019917773896847,0.00585909151108509,0.004324509518618566,0.0027287090425785745,0.0012591074869790315,0.0
0.0,0.002297758845881903,0.005177724455573067,0.008617019078392296,0.01234108417101104,0.015604742919084865,0.01705230292417805,0.015604742919084865,0.01234108417101104,0.008617019078392296,0.005177724455573067,0.002297758845881903,0.0,0.0,0.0013254374733795453,0.0028840515778778457,0.004589615435904815,0.006232697372726521,0.007471010817623,0.007938794615888915,0.007471010817623,0.006232697372726521,0.004589615435904815,0.0028840515778778457,0.0013254374733795453,0.0,0.0,0.002138350222930142,0.004796942927971712,0.007947592646537587,0.011355564394160675,0.01435962329018203,0.015686453431294833,0.01435962329018203,0.011355564394160675,0.007947592646537587,0.004796942927971712,0.002138350222930142,0.0,0.0,0.0012591028777437837,0.0027286346759171475,0.004324279492551458,0.005858630902516133,0.007019227989750259,0.007454527489837666,0.007019227989750259,0.005858630902516133,0.004324279492551458,0.0027286346759171475,0.0012591028777437837,0.0
0.0,0.0022977588645993335,0.005177724510237139,0.008617019194634024,0.0123410843788509,0.015604743234360261,0.01705230330177321,0.015604743234360261,0.0123410843788509,0.008617019194634024,0.005177724510237139,0.0022977588645993335,0.0,0.0,0.0013254374950999737,0.002884051632764985,0.004589615536538989,0.0062326975269597785,0.007471011018636654,0.007938794836049682,0.007471011018636654,0.0062326975269597785,0.004589615536538989,0.002884051632764985,0.0013254374950999737,0.0,0.0,0.0021383502406285924,0.004796942979068561,0.007947592754201998,0.011355564585806272,0.014359623581060433,0.01568645377964343,0.014359623581060433,0.011355564585806272,0.007947592754201998,0.004796942979068561,0.0021383502406285924,0.0,0.0,0.0012591028983288321,0.002728634727684338,0.004324279586977738,0.0058586310468212955,0.00701922817776597,0.00745452769562262,0.00701922817776597,0.0058586310468212955,0.004324279586977738,0.002728634727684338,0.0012591028983288321,0.0
0.0,0.002297758813702448,0.005177724379066542,0.008617018943812631,0.012341083967495043,0.015604742649358334,0.017052302622700632,0.015604742649358334,0.012341083967495043,0.008617018943812631,0.005177724379066542,0.002297758813702448,0.0,0.0,0.001325437461445098,0.0028840515498887564,0.004589615388263843,0.006232697304394359,0.0074710107326824895,0.007938794524462842,0.0074710107326824895,0.006232697304394359,0.004589615388263843,0.0028840515498887564,0.001325437461445098,0.0,0.0,0.0021383501919423186,0.004796942854922354,0.00794759251911929,0.0113555642025701,0.014359623036796663,0.015686453148458512,0.014359623036796663,0.0113555642025701,0.00794759251911929,0.004796942854922354,0.0021383501919423186,0.0,0.0,0.001259102865958579,0.002728634648522056,0.004324279446316245,0.005858630836572303,0.007019227907973526,0.007454527401930484,0.007019227907973526,0.005858630836572303,0.004324279446316245,0.002728634648522056,0.001259102865958579,0.0
0.0,0.0022977588801211778,0.0051777245327271695,0.00861701920679589,0.012341084354907522,0.01560474315161365,0.01705230317827716,0.01560474315161365,0.012341084354907522,0.00861701920679589,0.0051777245327271695,0.0022977588801211778,0.0,0.0,0.0013254374931301023,0.002884051620853566,0.004589615504295415,0.00623269746560095,0.007471010928949738,0.007938794734186173,0.007471010928949738,0.00623269746560095,0.004589615504295415,0.002884051620853566,0.0013254374931301023,0.0,0.0,0.0021383502547940407,0.00479694299945173,0.007947592764965941,0.011355564563371771,0.014359623504157093,0.015686453665041202,0.014359623504157093,0.011355564563371771,0.007947592764965941,0.00479694299945173,0.0021383502547940407,0.0,0.0,0.0012591028965058815,0.002728634716576972,0.004324279556988246,0.005858630989816536,0.0070192280943449075,0.0074545276009187825,0.0070192280943449075,0.005858630989816536,0.004324279556988246,0.002728634716576972,0.0012591028965058815,0.0
0.0,0.002297758821836882,0.005177724401343677,0.008617018988004403,0.012341084041225659,0.015604742754329026,0.01705230274358826,0.015604742754329026,0.012341084041225659,0.008617018988004403,0.005177724401343677,0.002297758821836882,0.0,0.0,0.0013254374651571477,0.0028840515599630138,0.004589615407352764,0.006232697333894427,0.0074710107710210145,0.007938794566346578,0.0074710107710210145,0.006232697333894427,0.004589615407352764,0.0028840515599630138,0.0013254374651571477,0.0,0.0,0.002138350200596207,0.004796942877829826,0.007947592563338098,0.011355564274973848,0.014359623138851998,0.015686453265462988,0.014359623138851998,0.011355564274973848,0.007947592563338098,0.004796942877829826,0.002138350200596207,0.0,0.0,0.0012591028699361932,0.0027286346589749473,0.00432427946566176,0.005858630866030649,0.007019227945985438,0.007454527443337745,0.007019227945985438,0.005858630866030649,0.00432427946566176,0.0027286346589749473,0.0012591028699361932,0.0
0.0,0.002297758795252432,0.005177724341598381,0.008617018889022764,0.01234108390052705,0.015604742578406642,0.01705230255297764,0.015604742578406642,0.01234108390052705,0.008617018889022764,0.005177724341598381,0.002297758795252432,0.0,0.0,0.0013254374252968694,0.0028840514733929953,0.0045896152698828,0.006232697147612713,0.0074710105481049175,0.007938794329627043,0.0074710105481049175,0.006232697147612713,0.0045896152698828,0.0028840514733929953,0.0013254374252968694,0.0,0.0,0.0021383501757268417,0.004796942822179771,0.00794759247154625,0.011355564144808403,0.014359622976128437,0.015686453089241048,0.014359622976128437,0.011355564144808403,0.00794759247154625,0.004796942822179771,0.0021383501757268417,0.0,0.0,0.0012591028320480258,0.002728634577020111,0.004324279336058581,0.005858630690818441,0.007019227736418006,0.007454527220918147,0.007019227736418006,0.005858630690818441,0.004324279336058581,0.002728634577020111,0.0012591028320480258,0.0
0.0,0.0022978336395992147,0.005177920293722313,0.008617399939776303,0.012341719130621744,0.015605658786875566,0.017053374539460188,0.015605658786875566,0.012341719130621744,0.008617399939776303,0.005177920293722313,0.0022978336395992147,0.0,0.0,0.0013255066138663741,0.0028842185312658595,0.0045899097462368975,0.006233134740109429,0.007471569592648215,0.007939402386705832,0.007471569592648215,0.006233134740109429,0.0045899097462368975,0.0028842185312658595,0.0013255066138663741,0.0,0.0,0.002138420786012264,0.004797126096431568,0.007947946071688762,0.011356151083431755,0.014360469570669084,0.01568744331828746,0.014360469570669084,0.011356151083431755,0.007947946071688762,0.004797126096431568,0.002138420786012264,0.0,0.0,0.0012591686145052407,0.002728792616542421,0.004324556452572156,0.005859041229763819,0.0070197519216644395,0.007455096948767457,0.0070197519216644395,0.005859041229763819,0.004324556452572156,0.002728792616542421,0.0012591686145052407,0.0
0.0,0.0022978336583149243,0.005177920348382811,0.008617400056013184,0.012341719338457423,0.015605659102150511,0.017053374917058776,0.015605659102150511,0.012341719338457423,0.008617400056013184,0.005177920348382811,0.0022978336583149243,0.0,0.0,0.0013255066355869014,0.002884218586153949,0.004589909846874185,0.006233134894349474,0.007471569793672724,0.007939402606879338,0.007471569793672724,0.006233134894349474,0.004589909846874185,0.002884218586153949,0.0013255066355869014,0.0,0.0,0.002138420803709162,0.004797126147525187,0.00794794617934882,0.011356151275073648,0.01436046986154727,0.015687443666639454,0.01436046986154727,0.011356151275073648,0.00794794617934882,0.004797126147525187,0.002138420803709162,0.0,0.0,0.0012591686350903863,0.002728792668310517,0.004324556547001358,0.00585904137407532,0.007019752109690287,0.007455097154564289,0.007019752109690287,0.00585904137407532,0.004324556547001358,0.002728792668310517,0.0012591686350903863,0.0
0.0,0.0022978336074188713,0.005177920217213132,0.008617399805190804,0.012341718927094923,0.015605658517131984,0.01705337423796187,0.015605658517131984,0.012341718927094923,0.008617399805190804,0.005177920217213132,0.0022978336074188713,0.0,0.0,0.001325506601931337,0.002884218503275131,0.0045899096985926886,0.006233134671772016,0.007471569507700603,0.00793940229527189,0.007471569507700603,0.006233134671772016,0.0045899096985926886,0.002884218503275131,0.001325506601931337,0.0,0.0,0.002138420755023563,0.00479712602337963,0.00794794594426491,0.01135615089183098,0.014360469317267695,0.01568744303543154,0.014360469317267695,0.01135615089183098,0.00794794594426491,0.00479712602337963,0.002138420755023563,0.0,0.0,0.0012591686027194522,0.0027287925891457347,0.004324556406333823,0.005859041163814964,0.007019751839880933,0.007455096860852769,0.007019751839880933,0.005859041163814964,0.004324556406333823,0.0027287925891457347,0.0012591686027194522,0.0
0.0,0.0022978336738396013,0.0051779203708793384,0.008617400068185564,0.012341719314527688,0.015605659019418008,0.01705337479357527,0.015605659019418008,0.012341719314527688,0.008617400068185564,0.0051779203708793384,0.0022978336738396013,0.0,0.0,0.0013255066336179608,0.0028842185742440647,0.004589909814631884,0.006233134832990372,0.007471569703983277,0.007939402505012147,0.007471569703983277,0.006233134832990372,0.004589909814631884,0.0028842185742440647,0.0013255066336179608,0.0,0.0,0.0021384208178772176,0.004797126167914318,0.007947946190122387,0.011356151252651592,0.014360469784656757,0.01568744355204858,0.014360469784656757,0.011356151252651592,0.007947946190122387,0.004797126167914318,0.0021384208178772176,0.0,0.0,0.0012591686332683143,0.0027287926572046005,0.00432455651701307,0.005859041317070338,0.007019752026266894,0.007455097059857056,0.007019752026266894,0.005859041317070338,0.00432455651701307,0.0027287926572046005,0.0012591686332683143,0.0
0.0,0.0022978336155534546,0.005177920239490989,0.00861739984938462,0.01234171900083,0.015605658622110465,0.01705337435885946,0.015605658622110465,0.01234171900083,0.00861739984938462,0.005177920239490989,0.0022978336155534546,0.0,0.0,0.0013255066056435498,0.0028842185133499936,0.0045899097176830255,0.006233134701274616,0.007471569546042748,0.007939402337159708,0.007471569546042748,0.006233134701274616,0.0045899097176830255,0.0028842185133499936,0.0013255066056435498,0.0,0.0,0.0021384207636776353,0.004797126046287868,0.00794794598848576,0.011356150964239056,0.014360469419330498,0.015687443152445517,0.014360469419330498,0.011356150964239056,0.00794794598848576,0.004797126046287868,0.0021384207636776353,0.0,0.0,0.0012591686066972451,0.002728792599599245,0.00432455642568074,0.005859041193275791,0.007019751877896357,0.007455096902263983,0.007019751877896357,0.005859041193275791,0.00432455642568074,0.002728792599599245,0.0012591686066972451,0.0
0.0,0.0022978335889680054,0.0051779201797430945,0.008617399750397992,0.01234171886012321,0.015605658446176583,0.0170533741682357,0.015605658446176583,0.01234171886012321,0.008617399750397992,0.0051779201797430945,0.0022978335889680054,0.0,0.0,0.0013255065657811725,0.002884218426774927,0.004589909580204195,0.006233134514979789,0.0074715693231099545,0.007939402100422042,0.0074715693231099545,0.006233134514979789,0.004589909580204195,0.002884218426774927,0.0013255065657811725,0.0,0.0,0.0021384207388073246,0.0047971259906353855,0.007947945896689273,0.011356150834066034,0.014360469256596283,0.0156874429762114,0.014360469256596283,0.011356150834066034,0.007947945896689273,0.0047971259906353855,0.0021384207388073246,0.0,0.0,0.0012591685688070793,0.0027287925176396315,0.004324556296069218,0.005859041018051268,0.00701975166831326,0.007455096679827385,0.00701975166831326,0.005859041018051268,0.004324556296069218,0.0027287925176396315,0.0012591685688070793,0.0
