ALICE 13 pT,ALICE 13,CMS 13 pT,CMS 13,CMS 7 pT,CNS 7
0.10550000000000001,4.6649861020656906e-05,0.10550000000000001,9.677311221126348e-05,0.10550000000000001,2.65917383889482e-05
0.11651101101101102,6.373434270520175e-05,0.11651101101101102,0.0001240886677924581,0.11651101101101102,3.429608196746175e-05
0.127522022022022,8.466386625508504e-05,0.127522022022022,0.00015542002397706325,0.127522022022022,4.316604917176456e-05
0.13853303303303305,0.00010983952286502735,0.13853303303303305,0.00019093528996184808,0.13853303303303305,5.3249529156226274e-05
0.14954404404404403,0.00013965383597998955,0.14954404404404403,0.00023080452317372616,0.14954404404404403,6.459384580470454e-05
0.16055505505505507,0.0001744881777920198,0.16055505505505507,0.00027520123372838916,0.16055505505505507,7.724619173579228e-05
0.17156606606606606,0.0002147107657178856,0.17156606606606606,0.0003243035599640009,0.17156606606606606,9.125398346969133e-05
0.18257707707707707,0.0002606752692609238,0.18257707707707707,0.0003782951686273927,0.18257707707707707,0.00010666515580583615
0.19358808808808808,0.0003127200282680559,0.19358808808808808,0.00043736592310518593,0.19358808808808808,0.00012352840664325458
0.2045990990990991,0.00037116785677391846,0.2045990990990991,0.0005017123575764078,0.2045990990990991,0.00014189339993659342
0.2156101101101101,0.000436326383930205,0.2156101101101101,0.000571537991242565,0.2156101101101101,0.00016181093257706545
0.22662112112112112,0.0005084888659907722,0.22662112112112112,0.0006470535136020709,0.22662112112112112,0.00018333306992395014
0.2376321321321321,0.0005879353914614966,0.2376321321321321,0.0007284768685782827,0.2376321321321321,0.00020651325408363398
0.24864314314314312,0.0006749343953184692,0.24864314314314312,0.0008160332620563773,0.24864314314314312,0.00023140638862467538
0.25965415415415416,0.0007697443972108382,0.25965415415415416,0.0009099551140798389,0.25965415415415416,0.000258068903113359
0.27066516516516514,0.0008726158820404851,0.27066516516516514,0.0010104819737132291,0.27066516516516514,0.00028655880059289115
0.28167617617617613,0.0009837932483005001,0.28167617617617613,0.0011178604115112817,0.28167617617617613,0.00031693569088032426
0.29268718718718717,0.001103516759032845,0.29268718718718717,0.00123234390174099,0.29268718718718717,0.00034926081230567596
0.3036981981981982,0.001232024441231242,0.3036981981981982,0.0013541927040444657,0.3036981981981982,0.00038359704426484554
0.3147092092092092,0.0013695538910676532,0.3147092092092092,0.0014836737521359885,0.3147092092092092,0.0004200089127047997
0.3257202202202202,0.0015163439537077919,0.3257202202202202,0.0016210605553956718,0.3257202202202202,0.0004585625904106733
0.33673123123123117,0.0016726362571266198,0.33673123123123117,0.0017666331178363553,0.33673123123123117,0.0004993258937260208
0.34774224224224226,0.0018386765888353464,0.34774224224224226,0.0019206778778429407,0.34774224224224226,0.000542368277113644
0.35875325325325325,0.0020147161125514145,0.35875325325325325,0.0020834876712760913,0.35875325325325325,0.0005877608267597441
0.36976426426426423,0.0022010124284811044,0.36976426426426423,0.0022553617199490145,0.36976426426426423,0.0006355762542404263
0.3807752752752752,0.0023978304860549325,0.3807752752752752,0.00243660564708655,0.3807752752752752,0.0006858888911085972
0.3917862862862862,0.002605443361751194,0.3917862862862862,0.0026275315211205016,0.3917862862862862,0.0007387746851208576
0.4027972972972973,0.002824132917210069,0.4027972972972973,0.002828457929030175,0.4027972972972973,0.0007943111987075426
0.4138083083083083,0.0030541903543558216,0.4138083083083083,0.003039710080373334,0.4138083083083083,0.0008525776101932379
0.42481931931931927,0.00329591668489376,0.42481931931931927,0.003261619943146537,0.42481931931931927,0.000913654718198105
0.43583033033033025,0.003549623131513706,0.43583033033033025,0.0034945264126439246,0.43583033033033025,0.000977624949590116
0.44684134134134135,0.003815631477581586,0.44684134134134135,0.003738775514536815,0.44684134134134135,0.001044572371313176
0.45785235235235233,0.0040942743811792125,0.45785235235235233,0.003994720643455176,0.45785235235235233,0.0011145827063830608
0.4688633633633633,0.004385895668189341,0.4688633633633633,0.004262722838412277,0.4688633633633633,0.0011877433543218212
0.4798743743743743,0.004690850617810909,0.4798743743743743,0.00454315109645852,0.4798743743743743,0.0012641434162879018
0.4908853853853853,0.005009506252513799,0.4908853853853853,0.004836382725980286,0.4908853853853853,0.0013438737251545967
0.5018963963963964,0.005342241643050773,0.5018963963963964,0.0051428037410583775,0.5018963963963964,0.0014270268807896778
0.5129074074074074,0.005689448237781294,0.5129074074074074,0.005462809298267621,0.5129074074074074,0.0015136972907952143
0.5239184184184185,0.0060515302242435095,0.5239184184184185,0.005796804177220882,0.5239184184184185,0.0016039812169761584
0.5349294294294293,0.006428904929646443,0.5349294294294293,0.006145203306028301,0.5349294294294293,0.0016979768278191044
0.5459404404404404,0.006822003265739697,0.5459404404404404,0.006508432332644376,0.5459404404404404,0.0017957842572781549
0.5569514514514514,0.007231270222338382,0.5569514514514514,0.006886928242795354,0.5569514514514514,0.001897505670182405
0.5679624624624624,0.00765716541260723,0.5679624624624624,0.007281140024794093,0.5679624624624624,0.002003245334597732
0.5789734734734735,0.008100163672019198,0.5789734734734735,0.007691529381044679,0.5789734734734735,0.0021131097014970173
0.5899844844844845,0.008560755711641516,0.5899844844844845,0.008118571485368856,0.5899844844844845,0.0022272074921129855
0.6009954954954955,0.009039448825032083,0.6009954954954955,0.008562755784427415,0.6009954954954955,0.0023456497933710863
0.6120065065065065,0.009536767646469886,0.6120065065065065,0.009024586840395633,0.6120065065065065,0.0024685501618211775
0.6230175175175174,0.010053254956438894,0.6230175175175174,0.00950458521063913,0.6230175175175174,0.002596024736511638
0.6340285285285284,0.010589472528119794,0.6340285285285284,0.01000328835832638,0.6340285285285284,0.002728192361272014
0.6450395395395394,0.011146002006019185,0.6450395395395394,0.010521251585620792,0.6450395395395394,0.0028651747168947196
0.6560505505505505,0.011723445804634441,0.6560505505505505,0.01105904897818824,0.6560505505505505,0.0030070964637308796
0.6670615615615615,0.012322428011026993,0.6670615615615615,0.011617274346066598,0.6670615615615615,0.003154085395237959
0.6780725725725725,0.01294359527015896,0.6780725725725725,0.01219654214128965,0.6780725725725725,0.0033062726030422
0.6890835835835836,0.01358761762553171,0.6890835835835836,0.012797488326756758,0.6890835835835836,0.0034637926540999468
0.7000945945945946,0.014255189279729616,0.7000945945945946,0.013420771163393606,0.7000945945945946,0.0036267837805650915
0.7111056056056055,0.01494702922944922,0.7111056056056055,0.014067071873220132,0.7111056056056055,0.0037953880829873017
0.7221166166166165,0.015663881716958886,0.7221166166166165,0.014737095124039491,0.7221166166166165,0.00396975174748484
0.7331276276276275,0.01640651642395112,0.7331276276276275,0.01543156926639292,0.7331276276276275,0.004150025277546815
0.7441386386386386,0.017175728313554704,0.7441386386386386,0.016151246234380794,0.7441386386386386,0.0043363637411281165
0.7551496496496496,0.017972337000727527,0.7551496496496496,0.016896900997854562,0.7551496496496496,0.004528927033700532
0.7661606606606606,0.018797185498937753,0.7661606606606606,0.017669330423005957,0.7661606606606606,0.0047278801579146365
0.7771716716716716,0.01965113815016722,0.7771716716716716,0.018469351359829064,0.7771716716716716,0.004933393520505711
0.7881826826826827,0.020535077493589647,0.7881826826826827,0.019297797726189385,0.7881826826826827,0.005145643247040208
0.7991936936936936,0.02144989976296502,0.7991936936936936,0.020155516296641984,0.7991936936936936,0.0053648115150401
0.8102047047047046,0.022396508620384628,0.8102047047047046,0.02104336082643066,0.8102047047047046,0.005591086905941166
0.8212157157157156,0.023375806630169742,0.8212157157157156,0.02196218404319151,0.8212157157157156,0.005824664776220074
0.8322267267267266,0.02438868384633172,0.8322267267267266,0.022912826915931023,0.8322267267267266,0.006065747647867378
0.8432377377377377,0.02543600272385172,0.8432377377377377,0.023896104457014275,0.8432377377377377,0.006314545618167644
0.8542487487487487,0.026518578361101105,0.8542487487487487,0.02491278712155177,0.8542487487487487,0.0065712767884649
0.8652597597597597,0.02763715283029628,0.8652597597597597,0.025963576632449772,0.8652597597597597,0.006836167711221864
0.8762707707707706,0.028792362047306796,0.8762707707707706,0.02704907477126719,0.8762707707707706,0.00710945385420215
0.8872817817817817,0.029984693265163502,0.8872817817817817,0.02816974332900731,0.8872817817817817,0.007391380079988548
0.8982927927927927,0.031214430844936993,0.8982927927927927,0.02932585300488496,0.8982927927927927,0.007682201138258219
0.9093038038038037,0.03248158746943676,0.9093038038038037,0.030517418580748933,0.9093038038038037,0.007982182167230952
0.9203148148148147,0.03378581744136823,0.9203148148148147,0.031744117204893535,0.9203148148148147,0.008291599199418019
0.9313258258258257,0.03512630819812813,0.9313258258258257,0.03300518613853569,0.9313258258258257,0.008610739665173471
0.9423368368368368,0.036501645776394656,0.9423368368368368,0.034299295941828754,0.9423368368368368,0.008939902885478837
0.9533478478478478,0.037909649840468754,0.9533478478478478,0.03562439496360059,0.9533478478478478,0.009279400542780383
0.9643588588588587,0.03934717432787867,0.9643588588588587,0.036977521412980004,0.9643588588588587,0.009629557115381032
0.9753698698698698,0.0408098711971546,0.9753698698698698,0.038354580639967904,0.9753698698698698,0.009990710256707622
0.9863808808808808,0.04229191781520532,0.9863808808808808,0.03975008812904414,0.9863808808808808,0.010363211095477064
0.9973918918918918,0.04378571403644392,0.9973918918918918,0.04115688390795212,0.9973918918918918,0.010747424426097971
1.008402902902903,0.04528156399071103,1.008402902902903,0.04256583252427657,1.008402902902903,0.011143728750188084
1.019413913913914,0.04676737091129861,1.019413913913914,0.043965535293027797,1.019413913913914,0.01155251611939406
1.0304249249249249,0.04822839127301462,1.0304249249249249,0.04534209842853873,1.0304249249249249,0.011974191716197385
1.0414359359359358,0.049647115771421585,1.0414359359359358,0.04667902071651571,1.0414359359359358,0.012409173092300987
1.0524469469469468,0.051003365044878145,1.0524469469469468,0.047957283585502726,1.0524469469469468,0.01285788896261101
1.063457957957958,0.052274699133435375,1.063457957957958,0.04915573689497331,1.063457957957958,0.01332077742555916
1.074468968968969,0.053437228915270155,1.074468968968969,0.050251863622755015,1.074468968968969,0.013798283446083246
1.08547997997998,0.054466871530428826,1.08547997997998,0.051222963057585155,1.08547997997998,0.014290855394209054
1.0964909909909908,0.05534100309750649,1.0964909909909908,0.05204770848902219,1.0964909909909908,0.014798940377575953
1.1075020020020019,0.05604034132978159,1.1075020020020019,0.05270792161445113,1.1075020020020019,0.015322978037792328
1.118513013013013,0.05655077311364221,1.118513013013013,0.053190295086175274,1.118513013013013,0.01586339239501372
1.129524024024024,0.056864780793323626,1.129524024024024,0.05348773682554809,1.129524024024024,0.016420581218980462
1.140535035035035,0.05698216136391279,1.140535035035035,0.05360004787259458,1.140535035035035,0.01699490227412509
1.151546046046046,0.05690988055891288,1.151546046046046,0.053533784846309856,1.151546046046046,0.017586655627461104
1.162557057057057,0.05666111046874498,1.162557057057057,0.05330135287893419,1.162557057057057,0.018196061017950477
1.173568068068068,0.056253684197600136,1.173568068068068,0.052919549138423144,1.173568068068068,0.018823229064396412
1.1845790790790791,0.05570829678814856,1.1845790790790791,0.05240786726606324,1.1845790790790791,0.01946812483975988
1.19559009009009,0.055046769079483235,1.19559009009009,0.05178686119761272,1.19559009009009,0.020130522076280064
1.206601101101101,0.054290600035791045,1.206601101101101,0.051076780928836066,1.206601101101101,0.020809946016179033
1.217612112112112,0.053459914899597234,1.217612112112112,0.05029658138422094,1.217612112112112,0.02150560274062178
1.228623123123123,0.05257281468937301,1.228623123123123,0.0494633095640205,1.228623123123123,0.02221629278804799
1.2396341341341341,0.05164506790428443,1.2396341341341341,0.04859181420830541,1.2396341341341341,0.02294030716354472
1.250645145145145,0.05069005812419778,1.250645145145145,0.04769469661176121,1.250645145145145,0.023675304676510037
1.2616561561561561,0.04971890094199129,1.2616561561561561,0.046782420994489975,1.2616561561561561,0.024418171258842835
1.272667167167167,0.04874065781284714,1.272667167167167,0.045863516175139764,1.272667167167167,0.025164864949893388
1.283678178178178,0.04776259324593348,1.283678178178178,0.044944818054875574,1.283678178178178,0.025910255090458228
1.2946891891891892,0.046790439569780844,1.2946891891891892,0.04403171920546516,1.2946891891891892,0.026647971374982527
1.3057002002002,0.0458286477896168,1.3057002002002,0.043128405321269166,1.3057002002002,0.027370287825531216
1.3167112112112112,0.044880613350207335,1.3167112112112112,0.04223806799820573,1.3167112112112112,0.02806807764268897
1.3277222222222222,0.04394887242540094,1.3277222222222222,0.04136308971833586,1.3277222222222222,0.028730884847453342
1.3387332332332331,0.043035268498025844,1.3387332332332331,0.04050520082208433,1.3387332332332331,0.02934716306753688
1.3497442442442442,0.04214109127280701,1.3497442442442442,0.039665610397142385,1.3497442442442442,0.029904724131350216
1.360755255255255,0.041267191030393356,1.360755255255255,0.0388451140163914,1.360755255255255,0.030391412557090432
1.3717662662662662,0.040414071856802944,1.3717662662662662,0.03804418156389879,1.3717662662662662,0.03079597389134823
1.3827772772772773,0.03958196709160813,1.3827772772772773,0.037263028301675175,1.3827772772772773,0.031109022114191823
1.3937882882882882,0.03877090003692508,1.3937882882882882,0.0365016720454658,1.3937882882882882,0.031323953592127765
1.4047992992992993,0.03798073258317636,1.4047992992992993,0.03575997895358615,1.4047992992992993,0.03143762987339278
1.4158103103103103,0.03721120400832123,1.4158103103103103,0.03503770005621952,1.4158103103103103,0.031450680434894185
1.4268213213213212,0.03646196183276855,1.4268213213213212,0.03433450029944522,1.4268213213213212,0.031367358485357245
1.4378323323323323,0.03573258627930055,1.4378323323323323,0.0336499815643752,1.4378323323323323,0.031194989992413134
1.4488433433433432,0.03502260960156157,1.4488433433433432,0.03298370085233156,1.4488433433433432,0.0309431463295602
1.4598543543543543,0.034331531304754644,1.4598543543543543,0.032335184600811855,1.4598543543543543,0.03062271233026557
1.4708653653653654,0.03365883008382642,1.4708653653653654,0.031703939907986284,1.4708653653653654,0.030245008029505093
1.4818763763763763,0.033003973142372085,1.4818763763763763,0.031089463290710648,1.4818763763763763,0.029821071773183123
1.4928873873873874,0.03236642342397295,1.4928873873873874,0.030491247477066268,1.4928873873873874,0.029361151448985476
1.5038983983983982,0.031745645181581746,1.5038983983983982,0.029908786634432735,1.5038983983983982,0.028874400361954516
1.5149094094094093,0.03114110822538571,1.5149094094094093,0.029341580353811403,1.5149094094094093,0.028368743834773155
1.5259204204204204,0.03055229112117743,1.5259204204204204,0.02878913664665239,1.5259204204204204,0.027850871007652236
1.5369314314314313,0.029978683556648667,1.5369314314314313,0.028250974158968573,1.5369314314314313,0.027326307700342535
1.5479424424424424,0.0294197880492899,1.5479424424424424,0.027726623766309022,1.5479424424424424,0.026799534194984997
1.5589534534534533,0.02887512113463389,1.5589534534534533,0.027215629680236234,1.5589534534534533,0.026274121659863287
1.5699644644644644,0.02834421414572692,1.5699644644644644,0.026717550170707142,1.5699644644644644,0.025752869967610902
1.5809754754754755,0.02782661367236114,1.5809754754754755,0.026231957987700116,1.5809754754754755,0.025237936770739995
1.5919864864864863,0.027321881770794604,1.5919864864864863,0.02575844054865574,1.5919864864864863,0.024730952743695193
1.6029974974974974,0.026829595980443686,1.6029974974974974,0.025296599944882793,1.6029974974974974,0.024233121190187095
1.6140085085085083,0.026349349192571373,1.6140085085085083,0.024846052809286912,1.6140085085085083,0.02374530218331842
1.6250195195195194,0.025880749406901316,1.6250195195195194,0.0244064300792143,1.6250195195195194,0.023268082463380396
1.6360305305305305,0.025423419404741868,1.6360305305305305,0.023977376681286237,1.6360305305305305,0.022801832788965908
1.6470415415415414,0.024976996361313793,1.6470415415415414,0.023558551159554235,1.6470415415415414,0.02234675455528448
1.6580525525525525,0.024541131415311702,1.6580525525525525,0.023149625263914682,1.6580525525525525,0.021902917416593806
1.6690635635635636,0.024115489209892205,1.6690635635635636,0.022750283512111252,1.6690635635635636,0.021470289477160467
1.6800745745745744,0.023699747416295908,1.6800745745745744,0.02236022273584242,1.6800745745745744,0.021048761407278942
1.6910855855855855,0.023293596248857774,1.6910855855855855,0.021979151619184727,1.6910855855855855,0.020638165631224534
1.7020965965965964,0.022896737978192937,1.7020965965965964,0.02160679023569151,1.7020965965965964,0.020238291539996168
1.7131076076076075,0.022508886447823465,1.7131076076076075,0.02124286958909556,1.7131076076076075,0.019848897510863068
1.7241186186186186,0.02212976659820635,1.7241186186186186,0.020887131161317955,1.7241186186186186,0.019469720369824264
1.7351296296296295,0.021759114001164752,1.7351296296296295,0.020539326470583777,1.7351296296296295,0.01910048281122212
1.7461406406406406,0.021396674406907137,1.7461406406406406,0.020199216641678654,1.7461406406406406,0.018740899188324705
1.7571516516516517,0.021042203305172005,1.7571516516516517,0.019866571989771455,1.7571516516516517,0.01839068000682251
1.7681626626626625,0.02069546550155839,1.7681626626626625,0.01954117161878146,1.7681626626626625,0.01804953538695822
1.7791736736736736,0.020356234709680215,1.7791736736736736,0.01922280303487158,1.7791736736736736,0.017717177706645132
1.7901846846846845,0.020024293159478186,1.7901846846846845,0.01891126177536464,1.7901846846846845,0.017393323595141334
1.8011956956956956,0.019699431221787394,1.8011956956956956,0.018606351053158533,1.8011956956956956,0.01707769541260329
1.8122067067067067,0.01938144704904736,1.8122067067067067,0.01830788141651915,1.8122067067067067,0.016770022323452538
1.8232177177177176,0.019070146231923213,1.8232177177177176,0.018015670424018936,1.8232177177177176,0.016470041049660464
1.8342287287287287,0.018765341471486195,1.8342287287287287,0.017729542334277523,1.8342287287287287,0.016177496372606494
1.8452397397397395,0.018466852266511756,1.8452397397397395,0.0174493278100763,1.8452397397397395,0.015892141438240706
1.8562507507507506,0.018174504615420792,1.8562507507507506,0.017174863636389547,1.8562507507507506,0.01561373790919493
1.8672617617617617,0.017888130732330133,1.8672617617617617,0.016905992451819403,1.8672617617617617,0.01534205599860034
1.8782727727727726,0.017607568776662322,1.8782727727727726,0.016642562492907235,1.8782727727727726,0.015076874413291405
1.8892837837837837,0.017332662595759094,1.8892837837837837,0.016384427350790168,1.8892837837837837,0.014817980228420326
1.9002947947947946,0.01706326147991948,1.9002947947947946,0.01613144573964919,1.9002947947947946,0.014565168710960905
1.9113058058058057,0.01679921992931166,1.9113058058058057,0.015883481276423233,1.9113058058058057,0.01431824310598002
1.9223168168168168,0.01654039743219679,1.9223168168168168,0.015640402271253188,1.9223168168168168,0.014077014396638585
1.9333278278278276,0.01628665825392207,1.9333278278278276,0.015402081528138796,1.9333278278278276,0.013841301046568992
1.9443388388388387,0.016037871236162994,1.9443388388388387,0.015168396155313086,1.9443388388388387,0.013610928731423435
1.9553498498498496,0.015793909605893393,1.9553498498498496,0.014939227384837845,1.9553498498498496,0.013385730064884216
1.9663608608608607,0.015554650793603962,1.9663608608608607,0.014714460400964238,1.9663608608608607,0.013165544323256237
1.9773718718718718,0.015319976260291718,1.9773718718718718,0.014493984176804201,1.9773718718718718,0.012950217171794405
1.988382882882883,0.015089771332771736,1.988382882882883,0.014277691318885998,1.988382882882883,0.012739600395165855
1.9993938938938938,0.014863925046880501,1.9993938938938938,0.01406547791918478,1.9993938938938938,0.012533551633837948
2.010404904904905,0.014642329998161174,2.010404904904905,0.013857243414238534,2.010404904904905,0.012331934127700585
2.0214159159159157,0.014424882199640355,2.0214159159159157,0.01365289045097877,2.0214159159159157,0.01213461646784781
2.032426926926927,0.014211480946326101,2.032426926926927,0.013452324758924179,2.032426926926927,0.011941472357140357
2.043437937937938,0.014002028686075559,2.043437937937938,0.01325545502840333,2.043437937937938,0.011752380379931883
2.0544489489489486,0.013796430896499026,2.0544489489489486,0.013062192794490213,2.0544489489489486,0.01156722378115456
2.06545995995996,0.013594595967584742,2.06545995995996,0.012872452326352871,2.06545995995996,0.011385890254813923
2.0764709709709708,0.013396435089745834,2.0764709709709708,0.01268615052173178,2.0764709709709708,0.011208271741831068
2.087481981981982,0.01320186214700676,2.087481981981982,0.012503206806279865,2.087481981981982,0.011034264237084881
2.098492992992993,0.013010793615062018,2.098492992992993,0.012323543037510579,2.098492992992993,0.010863767605443149
2.1095040040040036,0.012823148463954832,2.1095040040040036,0.012147083413114648,2.1095040040040036,0.010696685406524933
2.120515015015015,0.012638848065136776,2.120515015015015,0.011973754383419154,2.120515015015015,0.010532924727903386
2.131526026026026,0.01245781610268332,2.131526026026026,0.01180348456777507,2.131526026026026,0.010372396026436251
2.1425370370370374,0.01227997848845204,2.1425370370370374,0.011636204674671458,2.1425370370370374,0.010215012977397618
2.153548048048048,0.012105263280982463,2.153548048048048,0.011471847425385666,2.153548048048048,0.010060692331077693
2.1645590590590587,0.011933600607947556,2.1645590590590587,0.011310347480989448,2.1645590590590587,0.009909353776515832
2.17557007007007,0.011764922591977412,2.17557007007007,0.01115164137254084,2.17557007007007,0.0097609198120343
2.186581081081081,0.011599163279685614,2.186581081081081,0.010995667434301394,2.186581081081081,0.009615315622246073
2.1975920920920924,0.011436258573738213,2.1975920920920924,0.010842365739826937,2.1975920920920924,0.009472468961217513
2.208603103103103,0.011276146167813996,2.208603103103103,0.01069167804078865,2.208603103103103,0.009332310041476484
2.2196141141141137,0.011118765484313247,2.2196141141141137,0.01054354770838902,2.2196141141141137,0.009194771428567158
2.2306251251251252,0.0109640576146798,2.2306251251251252,0.010397919677244998,2.2306251251251252,0.009059787940864018
2.241636136136136,0.01081196526220883,2.241636136136136,0.010254740391617084,2.241636136136136,0.008927296554369992
2.2526471471471474,0.01066243268721964,2.2526471471471474,0.010113957753870514,2.2526471471471474,0.008797236312235418
2.263658158158158,0.0105154056544794,2.263658158158158,0.009975521075060252,2.263658158158158,0.008669548238747112
2.274669169169169,0.010370831382769816,2.274669169169169,0.009839381027537748,2.274669169169169,0.00854417525754892
2.2856801801801803,0.010228658496494781,2.2856801801801803,0.009705489599482808,2.2856801801801803,0.00842106211386692
2.296691191191191,0.010088836979232164,2.296691191191191,0.009573800051269156,2.296691191191191,0.00830015530052432
2.3077022022022025,0.009951318129138156,2.3077022022022025,0.009444266873576834,2.3077022022022025,0.008181402987541945
2.318713213213213,0.009816054516120193,2.318713213213213,0.00931684574717208,2.318713213213213,0.008064754955133731
2.329724224224224,0.009682999940688103,2.329724224224224,0.00919149350426933,2.329724224224224,0.007950162529907875
2.3407352352352353,0.009552109394419965,2.3407352352352353,0.009068168091415035,2.3407352352352353,0.007837578524112817
2.351746246246246,0.009423339021954817,2.351746246246246,0.008946828533810455,2.351746246246246,0.007726957177753591
2.3627572572572575,0.009296646084450667,2.3627572572572575,0.008827434901015086,2.3627572572572575,0.007618254103431439
2.373768268268268,0.009171988924441427,2.373768268268268,0.008709948273968055,2.373768268268268,0.007511426233761329
2.3847792792792792,0.009049326932022558,2.3847792792792792,0.008594330713261012,2.3847792792792792,0.0074064317712243906
2.3957902902902903,0.008928620512319019,2.3957902902902903,0.00848054522861882,2.3957902902902903,0.007303230140336696
2.406801301301301,0.008809831054165898,2.406801301301301,0.008368555749522109,2.406801301301301,0.007201781942001875
2.4178123123123125,0.008692920899956083,2.4178123123123125,0.008258327096928583,2.4178123123123125,0.007102048909938982
2.428823323323323,0.008577853316601186,2.428823323323323,0.008149824956042433,2.428823323323323,0.007003993869075091
2.4398343343343343,0.00846459246755804,2.4398343343343343,0.00804301585008654,2.4398343343343343,0.006907580695800669
2.4508453453453454,0.008353103385874515,2.4508453453453454,0.007937867115034056,2.4508453453453454,0.006812774279991304
2.461856356356356,0.008243351948211158,2.461856356356356,0.007834346875258096,2.461856356356356,0.006719540488704774
2.4728673673673676,0.008135304849796975,2.4728673673673676,0.007732424020060352,2.4728673673673676,0.006627846131467706
2.483878378378378,0.008028929580279993,2.483878378378378,0.007632068181041246,2.483878378378378,0.006537658927070838
2.4948893893893893,0.00792419440043482,2.4948893893893893,0.0075332497102762255,2.4948893893893893,0.006448947471796449
2.5059004004004004,0.007821068319691642,2.5059004004004004,0.00743593965926444,2.5059004004004004,0.006361681209005975
2.516911411411411,0.007719521074452397,2.516911411411411,0.00734010975861752,2.516911411411411,0.006275830400019602
2.5279224224224226,0.007619523107161834,2.5279224224224226,0.007245732398458067,2.5279224224224226,0.006191366096223694
2.5389334334334333,0.0075210455461021675,2.5389334334334333,0.007152780609498242,2.5389334334334333,0.006108260112345077
2.549944444444445,0.007424060185884062,2.549944444444445,0.007061228044772764,2.549944444444445,0.006026485000836614
2.5609554554554554,0.00732853946859947,2.5609554554554554,0.006971048961993818,2.5609554554554554,0.005946014027314681
2.571966466466466,0.007234456465620229,2.571966466466466,0.006882218206512702,2.571966466466466,0.005866821147006115
2.5829774774774776,0.00714178486000622,2.5829774774774776,0.006794711194854048,2.5829774774774776,0.005788880982147438
2.5939884884884883,0.007050498929504888,2.5939884884884883,0.0067085038988054894,2.5939884884884883,0.005712168800295743
2.6049994994995,0.006960573530118692,2.6049994994995,0.006623572830040696,2.6049994994995,0.005636660493507731
2.6160105105105105,0.006871984080212677,2.6160105105105105,0.00653989502524953,2.6160105105105105,0.0055623325583414145
2.627021521521521,0.006784706545150968,2.627021521521521,0.006457448031764788,2.627021521521521,0.005489162076649831
2.6380325325325327,0.006698717422431877,2.6380325325325327,0.006376209893657053,2.6380325325325327,0.005417126697121945
2.6490435435435433,0.006613993727308168,2.6490435435435433,0.006296159138284785,2.6490435435435433,0.0053462046175406985
2.660054554554555,0.006530512978873755,2.660054554554555,0.0062172747632822465,2.660054554554555,0.005276374567725197
2.6710655655655655,0.0064482531865938855,2.6710655655655655,0.006139536223963477,2.6710655655655655,0.005207615793121508
2.682076576576576,0.006367192837271324,2.682076576576576,0.0060629234211353545,2.682076576576576,0.005139908039020119
2.6930875875875877,0.006287310882422945,2.6930875875875877,0.005987416689295619,2.6930875875875877,0.005073231535364445
2.7040985985985984,0.006208586726056696,2.7040985985985984,0.0059129967852064305,2.7040985985985984,0.005007566982128186
2.71510960960961,0.006131000212833998,2.71510960960961,0.005839644876829404,2.71510960960961,0.004942895535236183
2.7261206206206205,0.006054531616598492,2.7261206206206205,0.005767342532604058,2.7261206206206205,0.004879198793000835
2.737131631631631,0.00597916162926621,2.737131631631631,0.005696071711065282,2.737131631631631,0.00481645878305844
2.7481426426426427,0.005904871350055609,2.7481426426426427,0.005625814750779211,2.7481426426426427,0.004754657949776795
2.7591536536536534,0.005831642275049821,2.7591536536536534,0.005556554360590653,2.7591536536536534,0.004693779142117639
2.770164664664665,0.005759456287079315,2.770164664664665,0.005488273610170695,2.770164664664665,0.004633805601934343
2.7811756756756756,0.005688295645908727,2.7811756756756756,0.005420955920849319,2.7811756756756756,0.004574720952682615
2.7921866866866862,0.0056181429787251205,2.7921866866866862,0.005354585056730554,2.7921866866866862,0.004516509188533186
2.8031976976976978,0.005548981270909053,2.8031976976976978,0.005289145116072424,2.8031976976976978,0.004459154663863145
2.8142087087087084,0.005480793857082971,2.8142087087087084,0.00522462052292676,2.8142087087087084,0.0044026420831137815
2.82521971971972,0.0054135644124269815,2.82521971971972,0.0051609960190294075,2.82521971971972,0.004346956490999521
2.8362307307307306,0.005347276944249916,2.8362307307307306,0.0050982566559295,2.8362307307307306,0.0042920832630512044
2.8472417417417413,0.005281915783809798,2.8472417417417413,0.005036387787352251,2.8472417417417413,0.00423800809648248
2.858252752752753,0.005217465578375182,2.858252752752753,0.004975375061787287,2.858252752752753,0.004184717001366177
2.8692637637637635,0.005153911283516088,2.8692637637637635,0.004915204415291912,2.8692637637637635,0.004132196292105738
2.880274774774775,0.00509123815561949,2.880274774774775,0.004855862064504509,2.880274774774775,0.004080432579192082
2.8912857857857857,0.005029431744621922,2.8912857857857857,0.004797334499861206,2.8912857857857857,0.004029412761234703
2.9022967967967963,0.004968477886947791,2.9022967967967963,0.004739608479004991,2.9022967967967963,0.0039791240172528585
2.913307807807808,0.004908362698653605,2.913307807807808,0.004682671020387539,2.913307807807808,0.003929553799222306
2.9243188188188185,0.00484907256876421,2.9243188188188185,0.004626509397050646,2.9243188188188185,0.003880689824861969
2.93532982982983,0.004790594152798619,2.93532982982983,0.004571111130585047,2.93532982982983,0.003832520070654447
2.9463408408408407,0.004732914366479192,2.9463408408408407,0.004516463985260734,2.9463408408408407,0.0037850327650912853
2.9573518518518513,0.004676020379614298,2.9573518518518513,0.004462555962319488,2.9573518518518513,0.003738216382131379
2.968362862862863,0.0046198996101554125,2.968362862862863,0.004409375294430611,2.968362862862863,0.0036920596348697
2.9793738738738735,0.004564539718416439,2.9793738738738735,0.004356910440298267,2.9793738738738735,0.003646551469403109
2.990384884884885,0.004509928601453652,2.990384884884885,0.004305150079419059,2.990384884884885,0.0036016810588888806
3.0013958958958957,0.004456054387601171,3.0013958958958957,0.004254083106985002,3.0013958958958957,0.0035574377977886634
3.0124069069069064,0.004402905431153318,3.0124069069069064,0.004203698628923729,3.0124069069069064,0.003513811296288201
3.023417917917918,0.004350470307195434,3.023417917917918,0.004153985957077583,3.023417917917918,0.00347079137489127
3.0344289289289286,0.004298737806572271,3.0344289289289286,0.004104934604511161,3.0344289289289286,0.0034283680591765293
3.04543993993994,0.00424769693099307,3.04543993993994,0.004056534280946682,3.04543993993994,0.0033865315747141434
3.0564509509509508,0.0041973368882689405,3.0564509509509508,0.00400877488832291,3.0564509509509508,0.0033452723421362645
3.067461961961962,0.004147647087676072,3.067461961961962,0.003961646516471691,3.067461961961962,0.003304580972354078
3.078472972972973,0.004098617135443331,3.078472972972973,0.003915139438910658,3.078472972972973,0.0032644482619180464
3.0894839839839836,0.004050236830360326,3.0894839839839836,0.0038692441087485106,3.0894839839839836,0.0032248651885162924
3.100494994994995,0.004002496159499761,3.100494994994995,0.0038239511546969843,3.100494994994995,0.0031858229066042236
3.111506006006006,0.003955385294053813,3.111506006006006,0.003779251377189394,3.111506006006006,0.0031473127431634346
3.122517017017017,0.00390889458527788,3.122517017017017,0.0037351357445993623,3.122517017017017,0.0031093261935828177
3.133528028028028,0.003863014560540797,3.133528028028028,0.0036915953895590116,3.133528028028028,0.0030718549176595154
3.1445390390390386,0.0038177359194782657,3.1445390390390386,0.003648621605373539,3.1445390390390386,0.003034890735715616
3.15555005005005,0.0037730495302440922,3.15555005005005,0.0036062058425270715,3.15555005005005,0.0029984256248247413
3.166561061061061,0.003728946425859347,3.166561061061061,0.003564339705279972,3.166561061061061,0.002962451715147244
3.1775720720720724,0.0036854178006534935,3.1775720720720724,0.0035230149483519596,3.1775720720720724,0.0029269612863679403
3.188583083083083,0.003642455006797039,3.188583083083083,0.003482223473690664,3.188583083083083,0.00289194676423469
3.1995940940940937,0.0036000495509229294,3.1995940940940937,0.0034419573273230314,3.1995940940940937,0.002857400717194465
3.210605105105105,0.0035581930908319187,3.210605105105105,0.0034022086962850764,3.210605105105105,0.0028233158531219015
3.221616116116116,0.003516877432282325,3.221616116116116,0.003362969905630373,3.221616116116116,0.002789685016139577
3.2326271271271274,0.003476094525858856,3.2326271271271274,0.0033242334155123357,3.2326271271271274,0.002756501183524747
3.243638138138138,0.0034358364639203356,3.243638138138138,0.003285991818340111,3.243638138138138,0.002723757462701381
3.2546491491491487,0.0033960954776240367,3.2546491491491487,0.0032482378360059487,3.2546491491491487,0.002691447088314713
3.2656601601601603,0.003356863934022313,3.2656601601601603,0.003210964317179999,3.2656601601601603,0.002659563419383997
3.276671171171171,0.0033181343332321983,3.276671171171171,0.003174164234673198,3.276671171171171,0.002628099936533131
3.2876821821821824,0.0032798993056732248,3.2876821821821824,0.0031378306828637502,3.2876821821821824,0.0025970502392945087
3.298693193193193,0.0032421516093734696,3.298693193193193,0.003101956875187272,3.298693193193193,0.0025664080434853534
3.3097042042042037,0.0032048841273419177,3.3097042042042037,0.003066536141688782,3.3097042042042037,0.0025361671786542587
3.3207152152152153,0.003168089865003425,3.3207152152152153,0.0030315619266330484,3.3207152152152153,0.0025063215855942334
3.331726226226226,0.003131761947696221,3.331726226226226,0.0029970277861732578,3.331726226226226,0.002476865313921553
3.3427372372372375,0.003095893618230169,3.3427372372372375,0.002962927386076365,3.3427372372372375,0.0024477925197183255
3.353748248248248,0.003060478234502474,3.353748248248248,0.002929254499501953,3.353748248248248,0.002419097463235517
3.364759259259259,0.0030255092671709976,3.364759259259259,0.002896003004834819,3.364759259259259,0.0023907745066559754
3.3757702702702703,0.002990980297383548,3.3757702702702703,0.0028631668835697776,3.3757702702702703,0.0023628181119155745
3.386781281281281,0.002956885014559779,3.386781281281281,0.0028307402182454504,3.386781281281281,0.0023352228385792725
3.3977922922922925,0.0029232172142267115,3.3977922922922925,0.002798717190428065,3.3977922922922925,0.00230798334177234
3.408803303303303,0.0028899707959039486,3.408803303303303,0.00276709207874158,3.408803303303303,0.002281094370163189
3.419814314314314,0.0028571397610391105,3.419814314314314,0.002735859256944561,3.419814314314314,0.00225455076399768
3.4308253253253254,0.002824718210991978,3.4308253253253254,0.0027050131920525423,3.4308253253253254,0.002228347453183324
3.441836336336336,0.0027927003450644544,3.441836336336336,0.0026745484425029936,3.441836336336336,0.002202479455420569
3.4528473473473476,0.0027610804585772573,3.4528473473473476,0.0026444596563639003,3.4528473473473476,0.0021769418743815497
3.463858358358358,0.0027298529409899267,3.463858358358358,0.0026147415695826535,3.463858358358358,0.0021517298979331504
3.474869369369369,0.0026990122740646284,3.474869369369369,0.0025853890042757677,3.474869369369369,0.0021268387964043897
3.4858803803803804,0.0026685530300725887,3.4858803803803804,0.0025563968670583403,3.4858803803803804,0.0021022639208968354
3.496891391391391,0.0026384698700403783,3.496891391391391,0.002527760147410592,3.496891391391391,0.0020780007016355023
3.5079024024024026,0.002608757542037187,3.5079024024024026,0.0024994739160826267,3.5079024024024026,0.0020540446463607784
3.5189134134134132,0.002579410879499832,3.5189134134134132,0.0024715333235343266,3.5189134134134132,0.0020303913387585168
3.529924424424424,0.0025504247995961574,3.529924424424424,0.002443933598411004,3.529924424424424,0.0020070364369284546
3.5409354354354354,0.002521794301625743,3.5409354354354354,0.0024166700460538267,3.5409354354354354,0.001983975671889852
3.551946446446446,0.002493514465455476,3.551946446446446,0.0023897380470426855,3.551946446446446,0.0019612048461220867
3.5629574574574576,0.0024655804499910438,3.5629574574574576,0.0023631330557725605,3.5629574574574576,0.00193871983214083
3.5739684684684683,0.002437987491681402,3.5739684684684683,0.0023368505990605344,3.5739684684684683,0.0019165165711071278
3.5849794794794794,0.002410730903057475,3.5849794794794794,0.0023108862747847504,3.5849794794794794,0.0018945910714702168
3.5959904904904905,0.002383806071302181,3.5959904904904905,0.0022852357505524943,3.5959904904904905,0.0018729394076414743
3.607001501501501,0.0023572084568529448,3.607001501501501,0.002259894762398557,3.607001501501501,0.001851557718700216
3.6180125125125127,0.0023309335920343606,3.6180125125125127,0.002234859113511676,3.6180125125125127,0.0018304422071292706
3.6290235235235233,0.0023049770797203303,3.6290235235235233,0.0022101246729883733,3.6290235235235233,0.0018095891375795765
3.6400345345345344,0.0022793345920262688,3.6400345345345344,0.0021856873746148643,3.6400345345345344,0.0017889948356640789
3.6510455455455455,0.002254001869028813,3.6510455455455455,0.0021615432156744997,3.6510455455455455,0.0017686556867786852
3.662056556556556,0.0022289747175141547,3.662056556556556,0.002137688255781908,3.662056556556556,0.0017485681349509892
3.6730675675675677,0.0022042490097528905,3.6730675675675677,0.002114118615741825,3.6730675675675677,0.001728728681714923
3.6840785785785783,0.002179820682300801,3.6840785785785783,0.002090830476432016,3.6840785785785783,0.0017091338850106783
3.6950895895895894,0.0021556857348261913,3.6950895895895894,0.00206782007771097,3.6950895895895894,0.0016897803581102475
3.7061006006006005,0.002131840228961389,3.7061006006006005,0.0020450837173480664,3.7061006006006005,0.0016706647685665252
3.717111611611611,0.0021082802871795737,3.717111611611611,0.0020226177499773203,3.717111611611611,0.0016517838371867216
3.7281226226226227,0.0020850020916949514,3.7281226226226227,0.002000418586072872,3.7281226226226227,0.0016331343370283985
3.7391336336336334,0.002062001883385797,3.7391336336336334,0.001978482690945741,3.7391336336336334,0.0016147130924175975
3.7501446446446445,0.0020392759607409995,3.7501446446446445,0.0019568065837624626,3.7501446446446445,0.0015965169779894083
3.7611556556556556,0.0020168206788279074,3.7611556556556556,0.0019353868365835653,3.7611556556556556,0.0015785429177491365
3.7721666666666662,0.0019946324482825947,3.7721666666666662,0.0019142200734228961,3.7721666666666662,0.0015607878841548011
3.7831776776776778,0.0019727077343207684,3.7831776776776778,0.001893302969326176,3.7831776776776778,0.0015432488972194475
3.7941886886886884,0.0019510430557688457,3.7941886886886884,0.0018726322494683092,3.7941886886886884,0.001525923023632793
3.8051996996996995,0.001929634984115911,3.8051996996996995,0.001852204688270135,3.8051996996996995,0.0015088073759026354
3.8162107107107106,0.001908480142584457,3.8162107107107106,0.0018320171085326538,3.8162107107107106,0.0014918991115142751
3.8272217217217213,0.0018875752052211255,3.8272217217217213,0.0018120663805898808,3.8272217217217213,0.0014751954321087861
3.838232732732733,0.0018669168960052445,3.838232732732733,0.0017923494214782398,3.838232732732733,0.0014586935826783277
3.8492437437437435,0.0018465019879763615,3.8492437437437435,0.001772863194123661,3.8492437437437435,0.0014423908507793237
3.8602547547547545,0.001826327302378748,3.8602547547547545,0.0017536047065444384,3.8602547547547545,0.0014262845657618175
3.8712657657657656,0.0018063897078241132,3.8712657657657656,0.0017345710110710628,3.8712657657657656,0.0014103720980158873
3.8822767767767763,0.0017866861194705261,3.8822767767767763,0.0017157592035811138,3.8822767767767763,0.0013946508582334837
3.893287787787788,0.0017672134982186691,3.893287787787788,0.0016971664227503035,3.893287787787788,0.0013791182966864522
3.9042987987987985,0.0017479688499238914,3.9042987987987985,0.0016787898493182023,3.9042987987987985,0.0013637719025194727
3.9153098098098096,0.001728949224623729,3.9153098098098096,0.0016606267053683615,3.9153098098098096,0.0013486092030575787
3.9263208208208207,0.001710151715781582,3.9263208208208207,0.0016426742536234757,3.9263208208208207,0.00133362776312872
3.9373318318318313,0.0016915734595447836,3.9373318318318313,0.0016249297967539202,3.9373318318318313,0.0013188251843998927
3.948342842842843,0.0016732116340181069,3.948342842842843,0.0016073906767006807,3.948342842842843,0.0013041991047276086
3.9593538538538535,0.0016550634585513042,3.9593538538538535,0.001590054274011322,3.9593538538538535,0.001289747197521527
3.9703648648648646,0.0016371261930404285,3.9703648648648646,0.0015729180071887676,3.9703648648648646,0.0012754671711209726
3.9813758758758757,0.0016193971372435508,3.9813758758758757,0.0015559793320535037,3.9813758758758757,0.001261356768184769
3.9923868868868864,0.0016018736301092725,3.9923868868868864,0.001539235741117656,3.9923868868868864,0.0012474137650930741
4.003397897897898,0.0015845530491190934,4.003397897897898,0.001522684762971997,4.003397897897898,0.001233635971361975
4.014408908908909,0.001567432809641908,4.014408908908909,0.0015063239616841895,4.014408908908909,0.001220021229069443
4.025419919919919,0.0015505103643016984,4.025419919919919,0.001490150936209357,4.025419919919919,0.0012065674122934168
4.036430930930931,0.0015337832023567916,4.036430930930931,0.0014741633198113778,4.036430930930931,0.0011932724265607084
4.047441941941941,0.0015172488490917749,4.047441941941941,0.0014583587794959724,4.047441941941941,0.0011801342083074908
4.058452952952953,0.0015009048652207947,4.058452952952953,0.0014427350154543714,4.058452952952953,0.0011671507243503662
4.069463963963964,0.0014847488463024118,4.069463963963964,0.0014272897605177599,4.069463963963964,0.001154319971368071
4.080474974974974,0.0014687784221657754,4.080474974974974,0.0014120207796222218,4.080474974974974,0.0011416399753935952
4.091485985985986,0.0014529912563470732,4.091485985985986,0.0013969258692832513,4.091485985985986,0.00112910879131585
4.102496996996996,0.0014373850455384717,4.102496996996996,0.0013820028570819228,4.102496996996996,0.0011167245023925758
4.113508008008007,0.0014219575190451798,4.113508008008007,0.0013672496011585616,4.113508008008007,0.0011044852197710355
4.124519019019019,0.0014067064382545663,4.124519019019019,0.0013526639897176642,4.124519019019019,0.0010923890820195106
4.135530030030029,0.0013916295961147055,4.135530030030029,0.0013382439405415828,4.135530030030029,0.001080434254667519
4.14654104104104,0.0013767248166221852,4.14654104104104,0.0013239874005128245,4.14654104104104,0.0010686189297545983
4.1575520520520515,0.0013619899543212226,4.1575520520520515,0.0013098923451468937,4.1575520520520515,0.0010569413253891744
4.168563063063062,0.001347422893809917,4.168563063063062,0.0012959567781317264,4.168563063063062,0.0010453996853142726
4.179574074074074,0.0013330215492574045,4.179574074074074,0.0012821787308773154,4.179574074074074,0.001033992278482929
4.190585085085084,0.0013187838639294198,4.190585085085084,0.0012685562620731415,4.190585085085084,0.0010227173986413626
4.201596096096095,0.0013047078097221695,4.201596096096095,0.0012550874572533097,4.201596096096095,0.0010115733639197628
4.2126071071071065,0.0012907913867063882,4.2126071071071065,0.0012417704283712331,4.2126071071071065,0.0010005585164321452
4.223618118118117,0.0012770326226777349,4.223618118118117,0.0012286033133801207,4.223618118118117,0.0009896712218822354
4.234629129129129,0.0012634295727170185,4.234629129129129,0.0012155842758226907,4.234629129129129,0.0009789098691780785
4.245640140140139,0.0012499803187579772,4.245640140140139,0.0012027115044278673,4.245640140140139,0.0009682728700535614
4.25665115115115,0.00123668296916247,4.25665115115115,0.0011899832127143782,4.25665115115115,0.0009577586586967258
4.2676621621621615,0.0012235356583049242,4.2676621621621615,0.00117739763860301,4.2676621621621615,0.0009473656913862571
4.278673173173172,0.0012105365461623498,4.278673173173172,0.001164953044033964,4.278673173173172,0.0009370924461332681
4.289684184184184,0.0011976838179132946,4.289684184184184,0.001152647714592602,4.289684184184184,0.0009269374223309743
4.300695195195194,0.0011849756835435445,4.300695195195194,0.001140479959141437,4.300695195195194,0.0009168991404105252
4.311706206206205,0.001172410377458485,4.311706206206205,0.0011284481094583142,4.311706206206205,0.0009069761415028983
4.322717217217217,0.0011599861581038636,4.322717217217217,0.0011165505198824448,4.322717217217217,0.0008971669871081804
4.333728228228227,0.0011477013075914502,4.333728228228227,0.001104785566964959,4.333728228228227,0.0008874702587695218
4.344739239239239,0.0011355541313328404,4.344739239239239,0.001093151649127058,4.344739239239239,0.0008778845577542138
4.355750250250249,0.0011235429576793097,4.355750250250249,0.0010816471863237915,4.355750250250249,0.0008684085047402721
4.36676126126126,0.0011116661375676306,4.36676126126126,0.001070270619713374,4.36676126126126,0.0008590407395084483
4.377772272272272,0.001099922044173542,4.377772272272272,0.0010590204113336604,4.377772272272272,0.0008497799206409185
4.388783283283283,0.0010883090725695439,4.388783283283283,0.001047895043782596,4.388783283283283,0.0008406247252240975
4.399794294294294,0.0010768256393901062,4.399794294294294,0.0010368930199055964,4.399794294294294,0.0008315738485579068
4.4108053053053045,0.0010654701825022952,4.4108053053053045,0.001026012862487966,4.4108053053053045,0.0008226260038699711
4.421816316316315,0.0010542411606817884,4.421816316316315,0.0010152531139523174,4.421816316316315,0.0008137799220346748
4.432827327327327,0.00104313705329583,4.432827327327327,0.0010046123360624955,4.432827327327327,0.0008050343512982752
4.443838338338338,0.0010321563599900389,4.443838338338338,0.0009940891096310116,4.443838338338338,0.0007963880570076565
4.454849349349349,0.001021297600381939,4.454849349349349,0.0009836820342328063,4.454849349349349,0.0007878398213449435
4.4658603603603595,0.0010105593137593213,4.4658603603603595,0.0009733897279234672,4.4658603603603595,0.0007793884430664665
4.476871371371371,0.0009999400587839089,4.476871371371371,0.0009632108269624017,4.476871371371371,0.0007710327372464707
4.487882382382382,0.0009894384132001558,4.487882382382382,0.0009531439855407818,4.487882382382382,0.0007627715350253742
4.498893393393393,0.0009790529735490723,4.498893393393393,0.000943187875514166,4.498893393393393,0.0007546036833625115
4.509904404404404,0.000968782354886966,4.509904404404404,0.0009333411861397079,4.509904404404404,0.0007465280447932508
4.5209154154154145,0.0009586251905090181,4.5209154154154145,0.0009236026238178452,4.5209154154154145,0.0007385434971904037
4.531926426426426,0.0009485801316775873,4.531926426426426,0.0009139709118384199,4.531926426426426,0.0007306489335298388
4.542937437437437,0.0009386458473551562,4.542937437437437,0.0009044447901310889,4.542937437437437,0.0007228432616602159
4.553948448448448,0.0009288210239418238,4.553948448448448,0.0008950230150199907,4.553948448448448,0.0007151254040767486
4.564959459459459,0.000919104365017264,4.564959459459459,0.0008857043589825563,4.564959459459459,0.0007074942976989319
4.57597047047047,0.0009094945910870472,4.57597047047047,0.0008764876104123934,4.57597047047047,0.0006999488936521314
4.586981481481481,0.0008999904393332621,4.586981481481481,0.0008673715733861595,4.586981481481481,0.000692488157052979
4.597992492492492,0.0008905906633693305,4.597992492492492,0.0008583550674343572,4.597992492492492,0.0006851110667984821
4.609003503503503,0.0008812940329989555,4.609003503503503,0.0008494369273159639,4.609003503503503,0.0006778166153587842
4.620014514514514,0.0008720993339791157,4.620014514514514,0.0008406160027968346,4.620014514514514,0.0006706038085734991
4.631025525525525,0.0008630053677870129,4.631025525525525,0.0008318911584317881,4.631025525525525,0.000663471665451539
4.642036536536536,0.0008540109513909271,4.642036536536536,0.0008232612733503309,4.642036536536536,0.0006564192179743959
4.653047547547547,0.000845114917024878,4.653047547547547,0.000814725241045919,4.653047547547547,0.0006494455109027636
4.664058558558558,0.0008363161119670319,4.664058558558558,0.0008062819691687204,4.664058558558558,0.0006425496015864822
4.675069569569569,0.0008276133983217868,4.675069569569569,0.0007979303793217944,4.675069569569569,0.0006357305597777071
4.68608058058058,0.0008190056528054508,4.68608058058058,0.000789669406860619,4.68608058058058,0.0006289874674472472
4.697091591591591,0.0008104917665354679,4.697091591591591,0.0007814980006959232,4.697091591591591,0.0006223194186040234
4.708102602602602,0.000802070644823099,4.708102602602602,0.000773415123099738,4.708102602602602,0.0006157255191175663
4.719113613613613,0.0007937412069695135,4.719113613613613,0.0007654197495146293,4.719113613613613,0.0006092048865435117
4.730124624624624,0.000785502386065223,4.730124624624624,0.0007575108683660285,4.730124624624624,0.0006027566499520257
4.741135635635635,0.0007773531287927815,4.741135635635635,0.0007496874808776247,4.741135635635635,0.0005963799497591054
4.752146646646646,0.0007692923952327113,4.752146646646646,0.0007419486008897526,4.752146646646646,0.0005900739375607068
4.763157657657657,0.0007613191586725779,4.763157657657657,0.0007342932546807126,4.763157657657657,0.0005838377759696271
4.774168668668668,0.0007534324054191623,4.774168668668668,0.0007267204807909824,4.774168668668668,0.0005776706384551151
4.785179679679679,0.0007456311346136824,4.785179679679679,0.0007192293298502636,4.785179679679679,0.0005715717091851363
4.79619069069069,0.0007379143580499812,4.79619069069069,0.0007118188644072953,4.79619069069069,0.0005655401828712447
4.807201701701701,0.0007302810999956585,4.807201701701701,0.0007044881587624158,4.807201701701701,0.0005595752646160341
4.818212712712712,0.0007227303970160673,4.818212712712712,0.0006972362988027844,4.818212712712712,0.0005536761697630802
4.829223723723723,0.0007152612978011378,4.829223723723723,0.0006900623818402413,4.829223723723723,0.000547842123749366
4.840234734734734,0.0007078728629949735,4.840234734734734,0.0006829655164517546,4.840234734734734,0.0005420723619601244
4.851245745745745,0.0007005641650281538,4.851245745745745,0.000675944822322388,4.851245745745745,0.0005363661295860447
4.862256756756756,0.000693334287952727,4.862256756756756,0.0006689994300907724,4.862256756756756,0.0005307226814828248
4.873267767767767,0.0006861823272798065,4.873267767767767,0.0006621284811970082,4.873267767767767,0.0005251412820329949
4.8842787787787785,0.0006791073898197519,4.8842787787787785,0.0006553311277329747,4.8842787787787785,0.000519621205009996
4.895289789789789,0.0006721085935248762,4.895289789789789,0.0006486065322949958,4.895289789789789,0.0005141617334444595
4.9063008008008,0.0006651850673346306,4.9063008008008,0.0006419538678388116,4.9063008008008,0.0005087621594926388
4.917311811811811,0.0006583359510232311,4.917311811811811,0.000635372317536833,4.917311811811811,0.000503421784306977
4.928322822822822,0.0006515603950496792,4.928322822822822,0.0006288610746376222,4.928322822822822,0.0004981399179087431
4.9393338338338335,0.0006448575604101282,4.9393338338338335,0.0006224193423275603,4.9393338338338335,0.0004929158790627243
4.950344844844844,0.0006382266184925663,4.950344844844844,0.0006160463335946816,4.950344844844844,0.0004877489951539175
4.961355855855855,0.0006316667509337591,4.961355855855855,0.0006097412710946063,4.961355855855855,0.0004826386020661925
4.972366866866866,0.0006251771494784274,4.972366866866866,0.0006035033870185626,4.972366866866866,0.00047758404406289306
4.983377877877877,0.000618757015840607,4.983377877877877,0.0005973319229634407,4.983377877877877,0.0004725846736693316
4.9943888888888885,0.0006124055615671608,4.9943888888888885,0.0005912261298038577,4.9943888888888885,0.0004676398515571533
5.005399899899899,0.0006061220079034031,5.005399899899899,0.0005851852675661884,5.005399899899899,0.0004627489464305261
5.01641091091091,0.0005999055856607924,5.01641091091091,0.0005792086053045292,5.01641091091091,0.0004579113349141347
5.027421921921921,0.0005937555350866748,5.027421921921921,0.0005732954209785671,5.027421921921921,0.00045312640144293384
5.038432932932932,0.0005876711057360102,5.038432932932932,0.0005674450013333124,5.038432932932932,0.00044839353815364063
5.049443943943944,0.0005816515563450868,5.049443943943944,0.0005616566417806685,5.049443943943944,0.00044371214477792535
5.060454954954954,0.0005756961547071526,5.060454954954954,0.0005559296462828032,5.060454954954954,0.00043908162853727623
5.071465965965965,0.0005698041775499517,5.071465965965965,0.0005502633272372935,5.071465965965965,0.00043450140403950824
5.082476976976976,0.0005639749104151313,5.082476976976976,0.000544657005364011,5.082476976976976,0.0004299708931768824
5.093487987987987,0.0005582076475394727,5.093487987987987,0.0005391100095937189,5.093487987987987,0.00042548952502581176
5.104498998998999,0.0005525016917379376,5.104498998998999,0.0005336216769583487,5.104498998998999,0.0004210567357481228
5.115510010010009,0.0005468563542884714,5.115510010010009,0.0005281913524829324,5.115510010010009,0.0004166719684938469
5.12652102102102,0.0005412709548185573,5.12652102102102,0.0005228183890791574,5.12652102102102,0.0004123346733055113
5.1375320320320315,0.0005357448211934802,5.1375320320320315,0.0005175021474405195,5.1375320320320315,0.00040804430702391333
5.148543043043042,0.0005302772894062685,5.148543043043042,0.0005122419959390442,5.148543043043042,0.00040380033319533304
5.159554054054054,0.0005248677034692916,5.159554054054054,0.0005070373105235523,5.159554054054054,0.0003996022219801822
5.170565065065064,0.0005195154153074796,5.170565065065064,0.000501887474619439,5.170565065065064,0.0003954494500630433
5.181576076076075,0.0005142197846531449,5.181576076076075,0.0004967918790299471,5.181576076076075,0.0003913415005640916
5.1925870870870865,0.000508980178942371,5.1925870870870865,0.0004917499218389075,5.1925870870870865,0.00038727786295186464
5.203598098098097,0.0005037959732129429,5.203598098098097,0.00048676100831491337,5.203598098098097,0.00038325803295735894
5.214609109109109,0.0004986665500037987,5.214609109109109,0.00048182455081691937,5.214609109109109,0.00037928151248943737
5.225620120120119,0.0004935912992559708,5.225620120120119,0.00047693996870123013,5.225620120120119,0.0003753478095515107
5.23663113113113,0.0004885696182149941,5.23663113113113,0.00047210668822985496,5.23663113113113,0.0003714564381594892
5.2476421421421415,0.0004836009113347612,5.2476421421421415,0.0004673241424802191,5.2476421421421415,0.00036760691826096654
5.258653153153152,0.0004786845901827839,5.258653153153152,0.00046259177125618873,5.258653153153152,0.00036379877565562374
5.269664164164164,0.00047382007334686473,5.269664164164164,0.00045790902100040416,5.269664164164164,0.00036003154191683077
5.280675175175174,0.00046900678634312777,5.280675175175174,0.00045327534470789325,5.280675175175174,0.00035630475431442353
5.291686186186185,0.00046424416152540194,5.291686186186185,0.00044869020184094236,5.291686186186185,0.00035261795573863824
5.302697197197197,0.00045953163799593224,5.302697197197197,0.000444153058245208,5.302697197197197,0.0003489706946251844
5.313708208208207,0.00045486866151739195,5.313708208208207,0.00043966338606704614,5.313708208208207,0.0003453625248814302
5.324719219219219,0.00045025468442618064,5.324719219219219,0.00043522066367203936,5.324719219219219,0.00034179300581369475
5.335730230230229,0.0004456891655469788,5.335730230230229,0.00043082437556470174,5.335730230230229,0.00033826170205561283
5.34674124124124,0.0004411715701085491,5.34674124124124,0.0004264740123093454,5.34674124124124,0.0003347681834975684
5.357752252252252,0.00043670136966075606,5.357752252252252,0.00042216907045208754,5.357752252252252,0.00033131202521716815
5.368763263263262,0.000432278041992781,5.368763263263262,0.00041790905244397446,5.368763263263262,0.0003278928074107447
5.379774274274274,0.00042790107105252753,5.379774274274274,0.0004136934665652152,5.379774274274274,0.00032451011532586753
5.3907852852852844,0.0004235699468671792,5.3907852852852844,0.00040952182685049707,5.3907852852852844,0.0003211635391948482
5.401796296296295,0.0004192841654649056,5.401796296296295,0.0004053936530153704,5.401796296296295,0.0003178526741692232
5.412807307307307,0.0004150432287976921,5.412807307307307,0.0004013084703836841,5.412807307307307,0.00031457712025519466
5.423818318318317,0.00041084664466527166,5.423818318318317,0.0003972658098160542,5.423818318318317,0.000311336482250016
5.434829329329329,0.000406693926640149,5.434829329329329,0.0003932652076393512,5.434829329329329,0.0003081303696793096
5.4458403403403395,0.0004025845939936942,5.4458403403403395,0.000389306205577186,5.4458403403403395,0.0003049583967352932
5.45685135135135,0.00039851817162328757,5.45685135135135,0.0003853883506813829,5.45685135135135,0.00030182018221590784
5.467862362362362,0.00039449418998050453,5.467862362362362,0.00038151119526442026,5.467862362362362,0.0002987153494648301
5.478873373373372,0.0003905121850003155,5.478873373373372,0.0003776742968328252,5.478873373373372,0.00029564352631235107
5.489884384384384,0.00038657169803129406,5.489884384384384,0.00037387721802150753,5.489884384384384,0.00029260434501711364
5.5008953953953945,0.0003826722757667791,5.5008953953953945,0.00037011952652898455,5.5008953953953945,0.00028959744220866416
5.511906406406406,0.00037881347017719387,5.511906406406406,0.00036640079505369775,5.511906406406406,0.00028662245883097516
5.522917417417417,0.0003749948384428591,5.522917417417417,0.000362720601230773,5.522917417417417,0.00028367904008642995
5.533928428428427,0.00037121594288836405,5.533928428428427,0.0003590785275702602,5.533928428428427,0.00028076683538107454
5.544939439439439,0.00036747635091740293,5.544939439439439,0.00035547416139579136,5.544939439439439,0.0002778854982703107
5.5559504504504496,0.0003637756349486736,5.5559504504504496,0.0003519070947842395,5.5559504504504496,0.0002750346864054782
5.566961461461461,0.0003601133723528244,5.566961461461461,0.0003483769245063617,5.566961461461461,0.00027221406148131126
5.577972472472472,0.0003564891453898419,5.577972472472472,0.0003448832519678413,5.577972472472472,0.00026942328918381386
5.588983483483482,0.0003529025411478921,5.588983483483482,0.00034142568315170905,5.588983483483482,0.00026666203913931557
5.599994494494494,0.00034935315148258277,5.599994494494494,0.00033800382856114176,5.599994494494494,0.0002639299848639236
5.611005505505505,0.00034584057295720895,5.611005505505505,0.0003346173031631918,5.611005505505505,0.000261226803713798
5.622016516516516,0.000342364406783974,5.622016516516516,0.00033126572633342615,5.622016516516516,0.0002585521768362399
5.633027527527527,0.0003389242587656006,5.633027527527527,0.0003279487218009238,5.633027527527527,0.00025590578912115304
5.644038538538537,0.0003355197392383077,5.644038538538537,0.0003246659175945673,5.644038538538537,0.0002532873291536085
5.655049549549549,0.0003321504630151601,5.655049549549549,0.00032141694598966745,5.655049549549549,0.00025069648916676613
5.66606056056056,0.0003288160493303349,5.66606056056056,0.00031820144345545535,5.66606056056056,0.0002481329649955597
5.677071571571571,0.0003255161217842894,5.677071571571571,0.00031501905060341863,5.677071571571571,0.00024559645603113413
5.688082582582582,0.0003222503082892826,5.688082582582582,0.00031186941213595974,5.688082582582582,0.00024308666517561996
5.6990935935935925,0.000319018241016174,5.6990935935935925,0.00030875217679626353,5.6990935935935925,0.00024060329879793706
5.710104604604604,0.0003158195563415542,5.710104604604604,0.0003056669973184655,5.710104604604604,0.00023814606668992128
5.721115615615615,0.0003126538947957305,5.721115615615615,0.0003026135303786255,5.721115615615615,0.0002357146820231578
5.732126626626626,0.00030952090101154833,5.732126626626626,0.00029959143654648466,5.732126626626626,0.00023330886130651257
5.743137637637637,0.0003064202236735304,5.743137637637637,0.00029660038023751405,5.743137637637637,0.00023092832434396765
5.7541486486486475,0.0003033515154682111,5.7541486486486475,0.0002936400296660921,5.7541486486486475,0.00022857279419341936
5.765159659659659,0.00030031443303477117,5.765159659659659,0.0002907100567989566,5.765159659659659,0.00022624199712576522
5.77617067067067,0.0002973086369164626,5.77617067067067,0.0002878101373093985,5.77617067067067,0.00022393566258464853
5.787181681681681,0.000294333791512814,5.787181681681681,0.00028493995053219284,5.787181681681681,0.0002216535231468507
5.798192692692692,0.00029138956503212214,5.798192692692692,0.00028209917941878296,5.798192692692692,0.0002193953144829569
5.8092037037037025,0.0002884756294450595,5.8092037037037025,0.0002792875104935311,5.8092037037037025,0.00021716077531892268
5.820214714714714,0.00028559166043855326,5.820214714714714,0.0002765046338102061,5.820214714714714,0.00021494964739789994
5.831225725725725,0.0002827373373703996,5.831225725725725,0.000273750242909168,5.831225725725725,0.0002127616754426747
5.842236736736736,0.00027991234322460423,5.842236736736736,0.00027102403477523773,5.842236736736736,0.00021059660711870575
5.853247747747747,0.00027711636456697827,5.853247747747747,0.00026832570979579086,5.853247747747747,0.00020845419299741049
5.864258758758758,0.0002743490915017828,5.864258758758758,0.00026565497171985355,5.864258758758758,0.00020633418652029248
5.875269769769769,0.000271610217628614,5.875269769769769,0.0002630115276174104,5.875269769769769,0.00020423634396330416
5.88628078078078,0.0002688994399999745,5.88628078078078,0.0002603950878393619,5.88628078078078,0.00020216042440177748
5.897291791791791,0.0002662164590795218,5.897291791791791,0.00025780536597811674,5.897291791791791,0.0002001061896759123
5.908302802802802,0.0002635609787005435,5.908302802802802,0.0002552420788283896,5.908302802802802,0.00019807340435648953
5.919313813813813,0.00026093270602541615,5.919313813813813,0.0002527049463489352,5.919313813813813,0.0001960618357113711
5.930324824824824,0.00025833135150528304,5.930324824824824,0.0002501936916244747,5.930324824824824,0.00019407125367221123
5.941335835835835,0.00025575662884038856,5.941335835835835,0.00024770804082824353,5.941335835835835,0.00019210143080171247
5.952346846846846,0.0002532082549409184,5.952346846846846,0.0002452477231850156,5.952346846846846,0.00019015214226130833
5.963357857857857,0.0002506859498883581,5.963357857857857,0.00024281247093460882,5.963357857857857,0.00018822316577927857
5.974368868868868,0.00024818943689735706,5.974368868868868,0.0002404020192958701,5.974368868868868,0.00018631428161929375
5.985379879879879,0.00024571844227809893,5.985379879879879,0.0002380161064311309,5.985379879879879,0.00018442527254938307
5.99639089089089,0.00024327269539916208,5.99639089089089,0.0002356544734111264,5.99639089089089,0.00018255592381131308
6.007401901901901,0.0002408519286508705,6.007401901901901,0.00023331686418037284,6.007401901901901,0.00018070602309038197
6.018412912912912,0.00023845587740910392,6.018412912912912,0.00023100302552297493,6.018412912912912,0.00017887536048559667
6.029423923923924,0.00023608427999969705,6.029423923923924,0.00022871270702899275,6.029423923923924,0.00017706372848033875
6.040434934934934,0.00023373687766301704,6.040434934934934,0.00022644566106096305,6.040434934934934,0.00017527092191320143
6.051445945945945,0.0002314134145193844,6.051445945945945,0.00022420164272122633,6.051445945945945,0.00017349673794950297
6.062456956956956,0.00022911363753465818,6.062456956956956,0.00022198040981940117,6.062456956956956,0.00017174097605296326
6.073467967967967,0.00022683729648636586,6.073467967967967,0.00021978172284036797,6.073467967967967,0.00017000343795782653
6.084478978978979,0.00022458414393036242,6.084478978978979,0.00021760534491275813,6.084478978978979,0.00016828392764142185
6.095489989989989,0.00022235393516764856,6.095489989989989,0.00021545104177757908,6.095489989989989,0.00016658225129688125
6.106501001001,0.00022014642821198275,6.106501001001,0.0002133185817576003,6.106501001001,0.0001648982173064891
6.1175120120120114,0.0002179613837576406,6.1175120120120114,0.0002112077357268675,6.1175120120120114,0.00016323163621518043
6.128523023023022,0.0002157985651476798,6.128523023023022,0.00020911827708069297,6.128523023023022,0.00016158232070445446
6.139534034034034,0.00021365773834270248,6.139534034034034,0.00020704998170611912,6.139534034034034,0.00015995008556669635
6.150545045045044,0.0002115386718897584,6.150545045045044,0.00020500262795250393,6.150545045045044,0.00015833474767964088
6.161556056056055,0.00020944113689199518,6.161556056056055,0.0002029759966028194,6.161556056056055,0.00015673612598142897
6.1725670670670665,0.0002073649069784385,6.1725670670670665,0.00020096987084506496,6.1725670670670665,0.00015515404144579828
6.183578078078077,0.00020530975827424622,6.183578078078077,0.00019898403624412844,6.183578078078077,0.00015358831705766037
6.194589089089089,0.00020327546937142697,6.194589089089089,0.00019701828071408542,6.194589089089089,0.00015203877778905984
6.205600100100099,0.00020126182129968402,6.205600100100099,0.00019507239449061023,6.205600100100099,0.00015050525057526092
6.21661111111111,0.00019926859749796224,6.21661111111111,0.0001931461701040554,6.21661111111111,0.00014898756429139042
6.2276221221221215,0.0001972955837861107,6.2276221221221215,0.00019123940235263542,6.2276221221221215,0.00014748554972920125
6.238633133133132,0.00019534256833698835,6.238633133133132,0.0001893518882760279,6.238633133133132,0.0001459990395741978
6.249644144144144,0.00019340934164900376,6.249644144144144,0.00018748342712938433,6.249644144144144,0.00014452786838311697
6.260655155155154,0.0001914956965187671,6.260655155155154,0.00018563382035744115,6.260655155155154,0.00014307187256152416
6.271666166166165,0.00018960142801440356,6.271666166166165,0.00018380287156926072,6.271666166166165,0.00014163089034193208
6.2826771771771766,0.00018772633344896856,6.2826771771771766,0.0001819903865130622,6.2826771771771766,0.0001402047617620281
6.293688188188187,0.0001858702123542797,6.293688188188187,0.00018019617305144566,6.293688188188187,0.0001387933286432394
6.304699199199199,0.00018403286645515279,6.304699199199199,0.0001784200411369988,6.304699199199199,0.00013739643456963055
6.315710210210209,0.00018221409964373883,6.315710210210209,0.0001766618027879926,6.315710210210209,0.00013601392486690408
6.32672122122122,0.00018041371795448247,6.32672122122122,0.00017492127206466992,6.32672122122122,0.0001346456465818932
6.337732232232232,0.00017863152953917342,6.337732232232232,0.0001731982650456146,6.337732232232232,0.00013329144846215184
6.348743243243242,0.00017686734464238504,6.348743243243242,0.000171492599804487,6.348743243243242,0.00013195118093586004
6.359754254254254,0.00017512097557729255,6.359754254254254,0.00016980409638712098,6.359754254254254,0.00013062469609204
6.370765265265264,0.00017339223670158154,6.370765265265264,0.00016813257678869573,6.370765265265264,0.00012931184766086572
6.381776276276275,0.00017168094439394053,6.381776276276275,0.00016647786493146963,6.381776276276275,0.00012801249099443442
6.392787287287287,0.00016998691703063755,6.392787287287287,0.0001648397866425834,6.392787287287287,0.00012672648304762617
6.403798298298297,0.00016830997496245732,6.403798298298297,0.00016321816963220785,6.403798298298297,0.00012545368235925697
6.414809309309309,0.00016664994049199583,6.414809309309309,0.00016161284347202806,6.414809309309309,0.00012419394903352503
6.4258203203203195,0.00016500663785103483,6.4258203203203195,0.00016002363957379667,6.4258203203203195,0.00012294714472153813
6.43683133133133,0.0001633798931784655,6.43683133133133,0.00015845039116841458,6.43683133133133,0.0001217131326032779
6.447842342342342,0.00016176953449828746,6.447842342342342,0.00015689293328507281,6.447842342342342,0.00012049177736964113
6.458853353353352,0.00016017539169794614,6.458853353353352,0.0001553511027307197,6.458853353353352,0.00011928294520475844
6.469864364364364,0.00015859729650700456,6.469864364364364,0.00015382473806983943,6.469864364364364,0.00011808650376858424
6.4808753753753745,0.00015703508247588452,6.4808753753753745,0.00015231367960429602,6.4808753753753745,0.00011690232217956147
6.491886386386385,0.00015548858495512908,6.491886386386385,0.00015081776935367032,6.491886386386385,0.00011573027099769708
6.502897397397397,0.0001539576410747276,6.502897397397397,0.00014933685103565584,6.502897397397397,0.00011457022220770629
6.513908408408407,0.00015244208972376108,6.513908408408407,0.0001478707700467528,6.513908408408407,0.00011342204920241638
6.524919419419419,0.0001509417715303596,6.524919419419419,0.0001464193734432615,6.524919419419419,0.00011228562676642525
6.5359304304304295,0.00014945652884170896,6.5359304304304295,0.00014498250992231633,6.5359304304304295,0.00011116083105981736
6.54694144144144,0.00014798620570462208,6.54694144144144,0.0001435600298034587,6.54694144144144,0.00011004753960232028
6.557952452452452,0.00014653064784598397,6.557952452452452,0.00014215178501008274,6.557952452452452,0.00010894563125738856
6.568963463463462,0.00014508970265373792,6.568963463463462,0.00014075762905139906,6.568963463463462,0.00010785498621671057
6.579974474474474,0.00014366321915798498,6.579974474474474,0.00013937741700450077,6.579974474474474,0.00010677548598481769
6.590985485485485,0.00014225104801219665,6.590985485485485,0.00013801100549653398,6.590985485485485,0.00010570701336380046
6.601996496496495,0.00014085304147494964,6.601996496496495,0.00013665825268736924,6.601996496496495,0.00010464945243842985
6.613007507507507,0.0001394690533915368,6.613007507507507,0.00013531901825214462,6.613007507507507,0.00010360268856120622
6.624018518518517,0.00013809893917608767,6.624018518518517,0.00013399316336429955,6.624018518518517,0.00010256660833780697
6.635029529529529,0.00013674255579379426,6.635029529529529,0.0001326805506787023,6.635029529529529,0.0001015410996126294
6.64604054054054,0.00013539976174324058,6.64604054054054,0.00013138104431487395,6.64604054054054,0.00010052605145442988
6.65705155155155,0.00013407041703922368,6.65705155155155,0.0001300945098406839,6.65705155155155,9.952135414234696e-05
6.668062562562562,0.00013275438319545563,6.668062562562562,0.0001288208142559215,6.668062562562562,9.852689915185178e-05
6.6790735735735725,0.00013145152320774532,6.6790735735735725,0.00012755982597633116,6.6790735735735725,9.754257914107464e-05
6.690084584584584,0.00013016170153727608,6.690084584584584,0.0001263114148177317,6.690084584584584,9.656828793721891e-05
6.701095595595595,0.00012888478409398067,6.701095595595595,0.0001250754519802268,6.701095595595595,9.560392052306387e-05
6.712106606606605,0.00012762063822037984,6.712106606606605,0.00012385181003285903,6.712106606606605,9.464937302382986e-05
6.723117617617617,0.00012636913267530164,6.723117617617617,0.000122640362898144,6.723117617617617,9.370454269397066e-05
6.7341286286286275,0.00012513013761805878,6.7341286286286275,0.00012144098583704126,6.7341286286286275,9.276932790432211e-05
6.745139639639639,0.00012390352459271025,6.745139639639639,0.0001202535554340046,6.745139639639639,9.184362812932927e-05
6.75615065065065,0.00012268916651241333,6.75615065065065,0.00011907794958211399,6.75615065065065,9.092734393435766e-05
6.76716166166166,0.00012148693764421417,6.76716166166166,0.00011791404746862763,6.76716166166166,9.002037696334397e-05
6.778172672672672,0.00012029671359372257,6.778172672672672,0.00011676172956041696,6.778172672672672,8.912262992637731e-05
6.7891836836836825,0.00011911837129021676,6.7891836836836825,0.00011562087758981544,6.7891836836836825,8.823400658761474e-05
6.800194694694694,0.00011795178897182839,6.800194694694694,0.00011449137454053838,6.800194694694694,8.735441175327035e-05
6.811205705705705,0.00011679684617081,6.811205705705705,0.00011337310463367897,6.811205705705705,8.648375125968107e-05
6.822216716716715,0.00011565342369921529,6.822216716716715,0.0001122659533141022,6.822216716716715,8.562193196169339e-05
6.833227727727727,0.00011452140363446846,6.833227727727727,0.00011116980723672285,6.833227727727727,8.47688617209813e-05
6.844238738738738,0.00011340066930534847,6.844238738738738,0.00011008455425318513,6.844238738738738,8.392444939468658e-05
6.855249749749749,0.00011229110527799198,6.855249749749749,0.00010901008339855419,6.855249749749749,8.308860482408666e-05
6.86626076076076,0.00011119259734210815,6.86626076076076,0.00010794628487820996,6.86626076076076,8.226123882343404e-05
6.87727177177177,0.0001101050324974042,6.87727177177177,0.0001068930500549399,6.87727177177177,8.144226316896394e-05
6.888282782782782,0.00010902829894003576,6.888282782782782,0.00010585027143605383,6.888282782782782,8.063159058793524e-05
6.899293793793793,0.00010796228604939735,6.899293793793793,0.00010481784266082295,6.899293793793793,7.982913474793596e-05
6.910304804804804,0.00010690688437493774,6.910304804804804,0.00010379565848793844,6.910304804804804,7.903481024621974e-05
6.921315815815815,0.00010586198562317223,6.921315815815815,0.00010278361478316015,6.921315815815815,7.824853259920211e-05
6.932326826826825,0.00010482748264489483,6.932326826826825,0.00010178160850715209,6.932326826826825,7.747021823211637e-05
6.943337837837837,0.00010380326942241168,6.943337837837837,0.00010078953770333685,6.943337837837837,7.669978446869845e-05
6.954348848848848,0.00010278924105709523,6.954348848848848,9.980730148605684e-05,6.954348848848848,7.593714952112153e-05
6.965359859859859,0.00010178529375696018,6.965359859859859,9.883480002875132e-05,6.965359859859859,7.518223247995754e-05
6.97637087087087,0.00010079132482442469,6.97637087087087,9.787193455231349e-05,6.97637087087087,7.443495330429035e-05
6.9873818818818805,9.980723264425948e-05,6.9873818818818805,9.691860731362228e-05,6.9873818818818805,7.369523281197765e-05
6.998392892892892,9.883291667155543e-05,6.998392892892892,9.59747215940906e-05,6.998392892892892,7.296299266993858e-05
7.009403903903903,9.786827741999394e-05,7.009403903903903,9.504018168850369e-05,7.009403903903903,7.223815538467805e-05
7.020414914914914,9.69132164501356e-05,7.020414914914914,9.411489289387124e-05,7.020414914914914,7.152064429283426e-05
7.031425925925925,9.59676363578846e-05,7.031425925925925,9.319876149844764e-05,7.031425925925925,7.081038355186882e-05
7.0424369369369355,9.503144076312861e-05,7.0424369369369355,9.22916947709179e-05,7.0424369369369355,7.010729813089653e-05
7.053447947947947,9.410453429838667e-05,7.053447947947947,9.139360094958943e-05,7.053447947947947,6.941131380153298e-05
7.064458958958959,9.318682259779098e-05,7.064458958958959,9.050438923190318e-05,7.064458958958959,6.872235712899876e-05
7.075469969969969,9.227821228596664e-05,7.075469969969969,8.962396976384444e-05,7.075469969969969,6.804035546315994e-05
7.08648098098098,9.137861096723257e-05,7.08648098098098,8.875225362966026e-05,7.08648098098098,6.736523692981544e-05
7.0974919919919905,9.048792721485119e-05,7.0974919919919905,8.788915284162199e-05,7.0974919919919905,6.669693042203088e-05
7.108503003003002,8.960607056033063e-05,7.108503003003002,8.70345803298364e-05,7.108503003003002,6.603536559152221e-05
7.119514014014014,8.873295148303454e-05,7.119514014014014,8.618844993235126e-05,7.119514014014014,6.538047284027543e-05
7.130525025025024,8.786848139969431e-05,7.130525025025024,8.53506763851636e-05,7.130525025025024,6.473218331210534e-05
7.141536036036035,8.701257265422436e-05,7.141536036036035,8.452117531251965e-05,7.141536036036035,6.40904288844468e-05
7.1525470470470465,8.6165138507582e-05,7.1525470470470465,8.369986321725463e-05,7.1525470470470465,6.345514216018939e-05
7.163558058058057,8.532609312767654e-05,7.163558058058057,8.28866574711782e-05,7.163558058058057,6.282625645955765e-05
7.174569069069069,8.449535157956911e-05,7.174569069069069,8.208147630573811e-05,7.174569069069069,6.22037058122149e-05
7.185580080080079,8.367282981557821e-05,7.185580080080079,8.128423880259086e-05,7.185580080080079,6.158742494930725e-05
7.19659109109109,8.285844466567109e-05,7.19659109109109,8.049486488444675e-05,7.19659109109109,6.097734929572827e-05
7.2076021021021015,8.205211382789857e-05,7.2076021021021015,7.971327530595405e-05,7.2076021021021015,6.037341496242266e-05
7.218613113113112,8.12537558588722e-05,7.218613113113112,7.893939164462202e-05,7.218613113113112,5.977555873873294e-05
7.229624124124124,8.046329016451903e-05,7.229624124124124,7.817313629201084e-05,7.229624124124124,5.918371808495705e-05
7.240635135135134,7.968063699074369e-05,7.240635135135134,7.741443244482884e-05,7.240635135135134,5.859783112484821e-05
7.251646146146145,7.890571741436258e-05,7.251646146146145,7.666320409629165e-05,7.251646146146145,5.801783663832253e-05
7.2626571571571565,7.813845333407623e-05,7.2626571571571565,7.591937602751546e-05,7.2626571571571565,5.7443674054204406e-05
7.273668168168167,7.737876746148252e-05,7.273668168168167,7.518287379894829e-05,7.273668168168167,5.68752834430098e-05
7.284679179179179,7.662658331235115e-05,7.284679179179179,7.44536237420517e-05,7.284679179179179,5.631260550993013e-05
7.295690190190189,7.588182519780972e-05,7.295690190190189,7.373155295089494e-05,7.295690190190189,5.575558158775942e-05
7.3067012012012,7.5144418215787e-05,7.3067012012012,7.301658927399605e-05,7.3067012012012,5.520415363001912e-05
7.317712212212212,7.441428824249127e-05,7.317712212212212,7.23086613061949e-05,7.317712212212212,5.465826420411637e-05
7.328723223223222,7.369136192392653e-05,7.328723223223222,7.160769838056113e-05,7.328723223223222,5.4117856484538074e-05
7.339734234234234,7.297556666765587e-05,7.339734234234234,7.09136305605389e-05,7.339734234234234,5.3582874246234924e-05
7.350745245245244,7.226683063448006e-05,7.350745245245244,7.022638863200814e-05,7.350745245245244,5.305326185795005e-05
7.361756256256255,7.15650827303591e-05,7.361756256256255,6.954590409557878e-05,7.361756256256255,5.252896427573465e-05
7.372767267267267,7.087025259836607e-05,7.372767267267267,6.88721091589151e-05,7.372767267267267,5.20099270364947e-05
7.383778278278277,7.018227061067672e-05,7.383778278278277,6.82049367290915e-05,7.383778278278277,5.149609625157104e-05
7.394789289289289,6.950106786079222e-05,7.394789289289289,6.754432040517379e-05,7.394789289289289,5.0987418600498345e-05
7.4058003003002995,6.882657615568049e-05,7.4058003003002995,6.689019447071813e-05,7.4058003003002995,5.0483841324711366e-05
7.41681131131131,6.815872800814752e-05,7.41681131131131,6.624249388649338e-05,7.41681131131131,4.998531222142775e-05
7.427822322322322,6.749745662923931e-05,7.427822322322322,6.560115428322835e-05,7.427822322322322,4.949177963755964e-05
7.438833333333332,6.684269592067518e-05,7.438833333333332,6.496611195439015e-05,7.438833333333332,4.900319246365587e-05
7.449844344344344,6.619438046750342e-05,7.449844344344344,6.4337303849175e-05,7.449844344344344,4.851950012801379e-05
7.4608553553553545,6.555244553067775e-05,7.4608553553553545,6.371466756542074e-05,7.4608553553553545,4.804065259074023e-05
7.471866366366365,6.491682703985185e-05,7.471866366366365,6.309814134272951e-05,7.471866366366365,4.756660033797903e-05
7.482877377377377,6.428746158620192e-05,7.482877377377377,6.248766405561548e-05,7.482877377377377,4.7097294376165554e-05
7.493888388388387,6.36642864152787e-05,7.493888388388387,6.188317520667917e-05,7.493888388388387,4.663268622630954e-05
7.504899399399399,6.304723942006938e-05,7.504899399399399,6.128461491998466e-05,7.504899399399399,4.6172727918438394e-05
7.5159104104104095,6.243625913398361e-05,7.5159104104104095,6.0691923934360476e-05,7.5159104104104095,4.571737198599114e-05
7.52692142142142,6.183128472404664e-05,7.52692142142142,6.0105043596900065e-05,7.52692142142142,4.526657146037044e-05
7.537932432432432,6.123225598411761e-05,7.537932432432432,5.9523915856485776e-05,7.537932432432432,4.482027986551951e-05
7.548943443443442,6.063911332813483e-05,7.548943443443442,5.894848325733624e-05,7.548943443443442,4.437845121252466e-05
7.559954454454454,6.005179778356089e-05,7.559954454454454,5.837868893274717e-05,7.559954454454454,4.3941039994370654e-05
7.570965465465465,5.9470250984749244e-05,7.570965465465465,5.78144765987533e-05,7.570965465465465,4.350800118064419e-05
7.581976476476475,5.889441516653603e-05,7.581976476476475,5.725579054800868e-05,7.581976476476475,4.307929021240864e-05
7.592987487487487,5.832423315778273e-05,7.592987487487487,5.670257564361642e-05,7.592987487487487,4.265486299704836e-05
7.603998498498497,5.775964837504064e-05,7.603998498498497,5.615477731307611e-05,7.603998498498497,4.2234675903208066e-05
7.615009509509509,5.720060481633172e-05,7.615009509509509,5.561234154234231e-05,7.615009509509509,4.18186857558232e-05
7.62602052052052,5.664704705488336e-05,7.62602052052052,5.507521486983668e-05,7.62602052052052,4.140684983112198e-05
7.63703153153153,5.6098920233071646e-05,7.63703153153153,5.454334438066164e-05,7.63703153153153,4.0999125851785934e-05
7.648042542542542,5.555617005631745e-05,7.648042542542542,5.401667770076632e-05,7.648042542542542,4.0595471982081e-05
7.659053553553552,5.501874278709738e-05,7.659053553553552,5.3495162991222544e-05,7.659053553553552,4.0195846823078433e-05
7.670064564564564,5.448658523906506e-05,7.670064564564564,5.2978748942607116e-05,7.670064564564564,3.980020940796167e-05
7.681075575575575,5.3959644771127605e-05,7.681075575575575,5.246738476933839e-05,7.681075575575575,3.940851919730558e-05
7.692086586586585,5.3437869281720116e-05,7.692086586586585,5.1961020204204737e-05,7.692086586586585,3.902073607450591e-05
7.703097597597597,5.2921207203034316e-05,7.703097597597597,5.145960549284644e-05,7.703097597597597,3.8636820341180294e-05
7.7141086086086075,5.240960749535611e-05,7.7141086086086075,5.096309138834193e-05,7.7141086086086075,3.825673271265407e-05
7.725119619619619,5.190301964150749e-05,7.725119619619619,5.04714291458949e-05,7.725119619619619,3.7880434313527176e-05
7.73613063063063,5.1401393641244605e-05,7.73613063063063,4.998457051747669e-05,7.73613063063063,3.750788667321438e-05
7.74714164164164,5.090468000584468e-05,7.74714164164164,4.950246774665131e-05,7.74714164164164,3.7139051721627894e-05
7.758152652652652,5.041282975264789e-05,7.758152652652652,4.902507356335522e-05,7.758152652652652,3.677389178483244e-05
7.7691636636636625,4.99257943997024e-05,7.7691636636636625,4.8552341178776114e-05,7.7691636636636625,3.641236958077996e-05
7.780174674674674,4.944352596050843e-05,7.780174674674674,4.8084224280326836e-05,7.780174674674674,3.6054448215121835e-05
7.791185685685685,4.8965976938719635e-05,7.791185685685685,4.7620677026576696e-05,7.791185685685685,3.570009117699454e-05
7.802196696696695,4.8493100323028013e-05,7.802196696696695,4.7161654042359474e-05,7.802196696696695,3.5349262334943505e-05
7.813207707707707,4.80248495819816e-05,7.813207707707707,4.670711041381492e-05,7.813207707707707,3.5001925932802714e-05
7.8242187187187175,4.756117865895814e-05,7.8242187187187175,4.625700168358182e-05,7.8242187187187175,3.4658046585693154e-05
7.835229729729729,4.7102041967155144e-05,7.835229729729729,4.581128384600384e-05,7.835229729729729,3.431758927603662e-05
7.84624074074074,4.664739438459673e-05,7.84624074074074,4.536991334235249e-05,7.84624074074074,3.3980519349587156e-05
7.85725175175175,4.619719124929124e-05,7.85725175175175,4.493284705619413e-05,7.85725175175175,3.3646802511576245e-05
7.868262762762762,4.575138835432834e-05,7.868262762762762,4.450004230869786e-05,7.868262762762762,3.3316404822818236e-05
7.879273773773773,4.530994194312454e-05,7.879273773773773,4.407145685408598e-05,7.879273773773773,3.298929269592853e-05
7.890284784784784,4.48728087046827e-05,7.890284784784784,4.36470488750978e-05,7.890284784784784,3.266543289155585e-05
7.901295795795795,4.443994576886833e-05,7.901295795795795,4.322677697846748e-05,7.901295795795795,3.234479251463087e-05
7.912306806806805,4.401131070182792e-05,7.912306806806805,4.281060019053997e-05,7.912306806806805,3.202733901072271e-05
7.923317817817817,4.358686150134963e-05,7.923317817817817,4.2398477952829695e-05,7.923317817817817,3.171304016235729e-05
7.934328828828828,4.3166556592364645e-05,7.934328828828828,4.199037011771417e-05,7.934328828828828,3.1401864085442134e-05
7.945339839839839,4.275035482246173e-05,7.945339839839839,4.1586236944140596e-05,7.945339839839839,3.109377922570482e-05
7.95635085085085,4.233821545741661e-05,7.95635085085085,4.118603909334485e-05,7.95635085085085,3.078875435514607e-05
7.9673618618618605,4.193009817685677e-05,7.9673618618618605,4.078973762470194e-05,7.9673618618618605,3.0486758568595348e-05
7.978372872872872,4.152596306987071e-05,7.978372872872872,4.039729399152096e-05,7.978372872872872,3.0187761280229713e-05
7.989383883883883,4.112577063075051e-05,7.989383883883883,4.000867003696889e-05,7.989383883883883,2.9891732220193646e-05
8.000394894894894,4.0729481754746646e-05,8.000394894894894,3.9623827990005596e-05,8.000394894894894,2.959864143123139e-05
8.011405905905905,4.0337057733840044e-05,8.011405905905905,3.9242730461334006e-05,8.011405905905905,2.930845926533543e-05
8.022416916916917,3.994846025261604e-05,8.022416916916917,3.8865340439449344e-05,8.022416916916917,2.902115638047294e-05
8.033427927927928,3.9563651384166834e-05,8.033427927927928,3.8491621286714405e-05,8.033427927927928,2.8736703737336265e-05
8.044438938938939,3.918259358599951e-05,8.044438938938939,3.8121536735439774e-05,8.044438938938939,2.8455072596101407e-05
8.05544994994995,3.880524969601908e-05,8.05544994994995,3.775505088403592e-05,8.05544994994995,2.8176234513244052e-05
8.06646096096096,3.843158292858537e-05,8.06646096096096,3.73921281932365e-05,8.06646096096096,2.7900161338413218e-05
8.07747197197197,3.806155687055065e-05,8.07747197197197,3.7032733482301684e-05,8.07747197197197,2.7626825211293903e-05
8.088482982982983,3.7695135477402575e-05,8.088482982982983,3.6676831925323266e-05,8.088482982982983,2.735619855854996e-05
8.099493993993994,3.733228306938682e-05,8.099493993993994,3.632438904750946e-05,8.099493993993994,2.7088254090755417e-05
8.110505005005004,3.6972964327704e-05,8.110505005005004,3.5975370721540414e-05,8.110505005005004,2.6822964799383046e-05
8.121516016016015,3.661714429077664e-05,8.121516016016015,3.5629743163991873e-05,8.121516016016015,2.656030395384711e-05
8.132527027027027,3.626478835049717e-05,8.132527027027027,3.528747293173913e-05,8.132527027027027,2.6300245098535694e-05
8.143538038038038,3.5915862248576186e-05,8.143538038038038,3.494852691845742e-05,8.143538038038038,2.6042762049918576e-05
8.154549049049049,3.557033207287088e-05,8.154549049049049,3.4612872351103e-05,8.154549049049049,2.5787828893644334e-05
8.16556006006006,3.522816425378351e-05,8.16556006006006,3.428047678646111e-05,8.16556006006006,2.5535419981691265e-05
8.17657107107107,3.488932556072696e-05,8.17657107107107,3.395130810775843e-05,8.17657107107107,2.5285509929569916e-05
8.18758208208208,3.4553783098571373e-05,8.18758208208208,3.3625334521256464e-05,8.18758208208208,2.503807361351496e-05
8.198593093093093,3.422150430418599e-05,8.198593093093093,3.3302524552936854e-05,8.198593093093093,2.4793086167749298e-05
8.209604104104104,3.389245694296186e-05,8.209604104104104,3.298284704516729e-05,8.209604104104104,2.4550522981737056e-05
8.220615115115114,3.356660910540109e-05,8.220615115115114,3.266627115343145e-05,8.220615115115114,2.431035969748796e-05
8.231626126126125,3.324392920376939e-05,8.231626126126125,3.235276634311988e-05,8.231626126126125,2.4072572206910322e-05
8.242637137137137,3.2924385968730486e-05,8.242637137137137,3.2042302386302313e-05,8.242637137137137,2.3837136649153746e-05
8.253648148148148,3.2607948446070685e-05,8.253648148148148,3.173484935858733e-05,8.253648148148148,2.3604029408020218e-05
8.264659159159159,3.229458599340512e-05,8.264659159159159,3.143037763596331e-05,8.264659159159159,2.337322710936459e-05
8.27567017017017,3.198426827694729e-05,8.27567017017017,3.112885789170011e-05,8.27567017017017,2.3144706618543477e-05
8.28668118118118,3.167696526833784e-05,8.28668118118118,3.083026109330831e-05,8.28668118118118,2.2918445037910214e-05
8.29769219219219,3.1372647241456507e-05,8.29769219219219,3.0534558499480844e-05,8.29769219219219,2.2694419704300018e-05
8.308703203203203,3.107128476932455e-05,8.308703203203203,3.0241721657122227e-05,8.308703203203203,2.2472608186583355e-05
8.319714214214214,3.0772848720959014e-05,8.319714214214214,2.995172239833047e-05,8.319714214214214,2.2252988283187396e-05
8.330725225225224,3.0477310258362323e-05,8.330725225225224,2.9664532837509743e-05,8.330725225225224,2.2035538019717534e-05
8.341736236236235,3.018464083346831e-05,8.341736236236235,2.9380125368440157e-05,8.341736236236235,2.1820235646550326e-05
8.352747247247247,2.9894812185146295e-05,8.352747247247247,2.9098472661403504e-05,8.352747247247247,2.160705963647091e-05
8.363758258258258,2.9607796336261496e-05,8.363758258258258,2.8819547660363182e-05,8.363758258258258,2.139598868235362e-05
8.374769269269269,2.9323565590694475e-05,8.374769269269269,2.854332358010357e-05,8.374769269269269,2.118700169481558e-05
8.38578028028028,2.904209253048868e-05,8.38578028028028,2.8269773903493498e-05,8.38578028028028,2.0980077799965152e-05
8.39679129129129,2.876335001295673e-05,8.39679129129129,2.799887237870905e-05,8.39679129129129,2.0775196337123368e-05
8.4078023023023,2.848731116784148e-05,8.4078023023023,2.773059301650927e-05,8.4078023023023,2.0572336856587155e-05
8.418813313313313,2.821394939453072e-05,8.418813313313313,2.7464910087563064e-05,8.418813313313313,2.0371479117433497e-05
8.429824324324324,2.7943238359232417e-05,8.429824324324324,2.7201798119737413e-05,8.429824324324324,2.0172603085297884e-05
8.440835335335334,2.7675151992271784e-05,8.440835335335334,2.6941231895503876e-05,8.440835335335334,1.9975688930242818e-05
8.451846346346345,2.74096644853488e-05,8.451846346346345,2.668318644930554e-05,8.451846346346345,1.978071702460008e-05
8.462857357357358,2.714675028884793e-05,8.462857357357358,2.6427637064974595e-05,8.462857357357358,1.9587667940853097e-05
8.473868368368368,2.6886384109198387e-05,8.473868368368368,2.6174559273198347e-05,8.473868368368368,1.9396522449557787e-05
8.484879379379379,2.6628540906196586e-05,8.484879379379379,2.592392884894832e-05,8.484879379379379,1.9207261517238685e-05
8.49589039039039,2.6373195890444775e-05,8.49589039039039,2.5675721809021347e-05,8.49589039039039,1.9019866304370855e-05
8.5069014014014,2.6120324520751533e-05,8.5069014014014,2.5429914409543524e-05,8.5069014014014,1.883431816333656e-05
8.51791241241241,2.5869902501581686e-05,8.51791241241241,2.518648314352163e-05,8.51791241241241,1.8650598636419762e-05
8.528923423423423,2.5621905780554278e-05,8.528923423423423,2.494540473844061e-05,8.528923423423423,1.8468689453837358e-05
8.539934434434434,2.5376310545904566e-05,8.539934434434434,2.4706656153825945e-05,8.539934434434434,1.8288572531746478e-05
8.550945445445445,2.5133093224055975e-05,8.550945445445445,2.4470214578912318e-05,8.550945445445445,1.8110229970333457e-05
8.561956456456455,2.4892230477155947e-05,8.561956456456455,2.4236057430276676e-05,8.561956456456455,1.793364405187852e-05
8.572967467467468,2.4653699200658536e-05,8.572967467467468,2.4004162349516442e-05,8.572967467467468,1.7758797238856283e-05
8.583978478478478,2.4417476520952566e-05,8.583978478478478,2.3774507200971516e-05,8.583978478478478,1.7585672172071193e-05
8.594989489489489,2.4183539792955257e-05,8.594989489489489,2.3547070069412468e-05,8.594989489489489,1.7414251668769988e-05
8.6060005005005,2.3951866597810637e-05,8.6060005005005,2.332182925782982e-05,8.6060005005005,1.7244518720831604e-05
8.61701151151151,2.3722434740553257e-05,8.61701151151151,2.3098763285189497e-05,8.61701151151151,1.707645649293402e-05
8.62802252252252,2.349522224781613e-05,8.62802252252252,2.2877850884230843e-05,8.62802252252252,1.6910048320754972e-05
8.639033533533533,2.3270207365581994e-05,8.639033533533533,2.2659070999306363e-05,8.639033533533533,1.6745277709205736e-05
8.650044544544544,2.3047368556901738e-05,8.650044544544544,2.2442402784188902e-05,8.650044544544544,1.6582128330642914e-05
8.661055555555555,2.2826684499712114e-05,8.661055555555555,2.2227825599975282e-05,8.661055555555555,1.6420584023153892e-05
8.672066566566567,2.2608134084620276e-05,8.672066566566567,2.2015319012957305e-05,8.672066566566567,1.626062878882009e-05
8.683077577577578,2.2391696412730668e-05,8.683077577577578,2.1804862792533168e-05,8.683077577577578,1.610224679201234e-05
8.694088588588588,2.2177350793512546e-05,8.694088588588588,2.1596436909158627e-05,8.694088588588588,1.59454223577177e-05
8.705099599599599,2.1965076742636243e-05,8.705099599599599,2.1390021532266845e-05,8.705099599599599,1.5790139969845037e-05
8.71611061061061,2.1754853979904026e-05,8.71611061061061,2.118559702828018e-05,8.71611061061061,1.5636384269600905e-05
8.72712162162162,2.1546662427148833e-05,8.72712162162162,2.0983143958590334e-05,8.72712162162162,1.548414005384363e-05
8.738132632632631,2.1340482206173566e-05,8.738132632632631,2.078264307757746e-05,8.738132632632631,1.533339227346857e-05
8.749143643643643,2.1136293636728758e-05,8.749143643643643,2.058407533066644e-05,8.749143643643643,1.5184126031822462e-05
8.760154654654654,2.0934077234460296e-05,8.760154654654654,2.038742185235358e-05,8.760154654654654,1.5036326583098008e-05
8.771165665665665,2.0733813708947146e-05,8.771165665665665,2.0192663964320427e-05,8.771165665665665,1.488997933079481e-05
8.782176676676677,2.053548396170851e-05,8.782176676676677,1.999978317351776e-05,8.782176676676677,1.474506982615986e-05
8.793187687687688,2.033906908424906e-05,8.793187687687688,1.9808761170286026e-05,8.793187687687688,1.4601583766657157e-05
8.804198698698698,2.014455035614108e-05,8.804198698698698,1.9619579826511602e-05,8.804198698698698,1.445950699446537e-05
8.815209709709709,1.9951909243077557e-05,8.815209709709709,1.943222119375414e-05,8.815209709709709,1.4318825494956128e-05
8.82622072072072,1.976112739501112e-05,8.82622072072072,1.9246667501457562e-05,8.82622072072072,1.4179525395235643e-05
8.83723173173173,1.9572186644260433e-05,8.83723173173173,1.9062901155128646e-05,8.83723173173173,1.4041592962664494e-05
8.848242742742743,1.9385069003671776e-05,8.848242742742743,1.888090473456927e-05,8.848242742742743,1.390501460341848e-05
8.859253753753753,1.9199756664768193e-05,8.859253753753753,1.8700660992096104e-05,8.859253753753753,1.3769776861042092e-05
8.870264764764764,1.901623199593409e-05,8.870264764764764,1.85221528507946e-05,8.870264764764764,1.3635866415028952e-05
8.881275775775775,1.8834477540634064e-05,8.881275775775775,1.834536340280589e-05,8.881275775775775,1.350327007942828e-05
8.892286786786787,1.865447601561953e-05,8.892286786786787,1.8170275907601623e-05,8.892286786786787,1.3371974801444025e-05
8.903297797797798,1.8476210309184785e-05,8.903297797797798,1.7996873790306527e-05,8.903297797797798,1.3241967660070944e-05
8.914308808808808,1.829966347941092e-05,8.914308808808808,1.7825140640008868e-05,8.914308808808808,1.3113235864723306e-05
8.92531981981982,1.8124818752443466e-05,8.92531981981982,1.7655060208103507e-05,8.92531981981982,1.2985766753889412e-05
8.93633083083083,1.7951659520802633e-05,8.93633083083083,1.7486616406666346e-05,8.93633083083083,1.2859547793810557e-05
8.94734184184184,1.778016934168168e-05,8.94734184184184,1.7319793306816988e-05,8.94734184184184,1.273456657715312e-05
8.958352852852853,1.7610331935292315e-05,8.958352852852853,1.7154575137126816e-05,8.958352852852853,1.2610810821715665e-05
8.969363863863864,1.7442131183198412e-05,8.969363863863864,1.699094628201552e-05,8.969363863863864,1.2488268369128889e-05
8.980374874874874,1.727555112668175e-05,8.980374874874874,1.6828891280178542e-05,8.980374874874874,1.2366927183580082e-05
8.991385885885885,1.7110575965138715e-05,8.991385885885885,1.6668394823044234e-05,8.991385885885885,1.2246775350560827e-05
9.002396896896897,1.6947190054465637e-05,9.002396896896897,1.6509441753219807e-05,9.002396896896897,1.2127801075608043e-05
9.013407907907908,1.6785377905488653e-05,9.013407907907908,1.6352017062980517e-05,9.013407907907908,1.2009992683078163e-05
9.024418918918919,1.6625124182382518e-05,9.024418918918919,1.6196105892747464e-05,9.024418918918919,1.189333861491462e-05
9.03542992992993,1.6466413701119888e-05,9.03542992992993,1.6041693529595146e-05,9.03542992992993,1.1777827429438453e-05
9.04644094094094,1.6309231427949645e-05,9.04644094094094,1.5888765405786868e-05,9.04644094094094,1.1663447800160967e-05
9.05745195195195,1.6153562477864716e-05,9.05745195195195,1.573730709729977e-05,9.05745195195195,1.1550188514590034e-05
9.068462962962963,1.599939211311197e-05,9.068462962962963,1.5587304322390457e-05,9.068462962962963,1.1438038473067798e-05
9.079473973973974,1.584670574169155e-05,9.079473973973974,1.5438742940150223e-05,9.079473973973974,1.1326986687602004e-05
9.090484984984984,1.569548891588512e-05,9.090484984984984,1.5291608949088162e-05,9.090484984984984,1.121702228071916e-05
9.101495995995995,1.554572733081187e-05,9.101495995995995,1.5145888485741012e-05,9.101495995995995,1.1108134484338765e-05
9.112507007007007,1.5397406822974066e-05,9.112507007007007,1.5001567823272618e-05,9.112507007007007,1.1000312638641238e-05
9.123518018018018,1.5250513368842965e-05,9.123518018018018,1.4858633370112592e-05,9.123518018018018,1.089354619096585e-05
9.134529029029029,1.5105033083434384e-05,9.134529029029029,1.4717071668584436e-05,9.134529029029029,1.0787824694702379e-05
9.14554004004004,1.4960952218911752e-05,9.14554004004004,1.4576869393560433e-05,9.14554004004004,1.0683137808203521e-05
9.15655105105105,1.4818257163215479e-05,9.15655105105105,1.443801335114186e-05,9.15655105105105,1.057947529371736e-05
9.16756206206206,1.4676934438682505e-05,9.16756206206206,1.4300490477329299e-05,9.16756206206206,1.0476827016313646e-05
9.178573073073073,1.4536970700703938e-05,9.178573073073073,1.4164287836730096e-05,9.178573073073073,1.0375182942838688e-05
9.189584084084084,1.4398352736372876e-05,9.189584084084084,1.4029392621255827e-05,9.189584084084084,1.0274533140864124e-05
9.200595095095094,1.4261067463158447e-05,9.200595095095094,1.389579214884511e-05,9.200595095095094,1.0174867777655455e-05
9.211606106106105,1.4125101927604667e-05,9.211606106106105,1.3763473862210565e-05,9.211606106106105,1.0076177119159537e-05
9.222617117117117,1.399044330401989e-05,9.222617117117117,1.3632425327576138e-05,9.222617117117117,9.9784515289862e-06
9.233628128128128,1.3857078893202616e-05,9.233628128128128,1.3502634233449905e-05,9.233628128128128,9.881681467416985e-06
9.244639139139139,1.372499612115777e-05,9.244639139139139,1.3374088389387126e-05,9.244639139139139,9.785857490407988e-06
9.25565015015015,1.359418253783778e-05,9.25565015015015,1.3246775724777546e-05,9.25565015015015,9.69097024861156e-06
9.26666116116116,1.346462581590745e-05,9.26666116116116,1.3120684287655483e-05,9.26666116116116,9.59701048641585e-06
9.27767217217217,1.333631374949968e-05,9.27767217217217,1.2995802243500804e-05,9.27767217217217,9.503969040978803e-06
9.288683183183183,1.3209234253005765e-05,9.288683183183183,1.2872117874073537e-05,9.288683183183183,9.411836841287901e-06
9.299694194194194,1.3083375359856458e-05,9.299694194194194,1.2749619576239187e-05,9.299694194194194,9.320604907214233e-06
9.310705205205204,1.2958725221326809e-05,9.310705205205204,1.2628295860817116e-05,9.310705205205204,9.230264348584407e-06
9.321716216216215,1.2835272105363488e-05,9.321716216216215,1.2508135351450448e-05,9.321716216216215,9.140806364269479e-06
9.332727227227227,1.2713004395403185e-05,9.332727227227227,1.2389126783467455e-05,9.332727227227227,9.052222241268575e-06
9.343738238238238,1.2591910589224126e-05,9.343738238238238,1.2271259002774646e-05,9.343738238238238,8.964503353816796e-06
9.354749249249249,1.247197929778864e-05,9.354749249249249,1.2154520964741252e-05,9.354749249249249,8.877641162487858e-06
9.36576026026026,1.2353199244108271e-05,9.36576026026026,1.2038901733105336e-05,9.36576026026026,8.791627213313628e-06
9.37677127127127,1.2235559262130215e-05,9.37677127127127,1.192439047890056e-05,9.37677127127127,8.706453136919715e-06
9.38778228228228,1.2119048295615415e-05,9.38778228228228,1.1810976479374729e-05,9.38778228228228,8.622110647656046e-06
9.398793293293293,1.2003655397047834e-05,9.398793293293293,1.1698649116938432e-05,9.398793293293293,8.538591542750525e-06
9.409804304304304,1.188936972653545e-05,9.409804304304304,1.1587397878105489e-05,9.409804304304304,8.455887701457571e-06
9.420815315315314,1.1776180550732375e-05,9.420815315315314,1.1477212352453888e-05,9.420815315315314,8.37399108422273e-06
9.431826326326325,1.1664077241781529e-05,9.431826326326325,1.1368082231606473e-05,9.431826326326325,8.292893731862556e-06
9.442837337337338,1.1553049276249072e-05,9.442837337337338,1.1259997308203579e-05,9.442837337337338,8.212587764739557e-06
9.453848348348348,1.1443086234088692e-05,9.453848348348348,1.1152947474904463e-05,9.453848348348348,8.133065381959263e-06
9.464859359359359,1.133417779759767e-05,9.464859359359359,1.1046922723380758e-05,9.464859359359359,8.054318860562189e-06
9.47587037037037,1.1226313750393393e-05,9.47587037037037,1.094191314332941e-05,9.47587037037037,7.976340554731143e-06
9.48688138138138,1.1119483976409059e-05,9.48688138138138,1.0837908921504516e-05,9.48688138138138,7.899122895013066e-06
9.49789239239239,1.101367845888165e-05,9.49789239239239,1.073490034074119e-05,9.49789239239239,7.822658387536043e-06
9.508903403403403,1.09088872793683e-05,9.508903403403403,1.0632877779007126e-05,9.508903403403403,7.746939613247412e-06
9.519914414414414,1.0805100616754741e-05,9.519914414414414,1.0531831708446263e-05,9.519914414414414,7.671959227146911e-06
9.530925425425425,1.0702308746283128e-05,9.530925425425425,1.0431752694441093e-05,9.530925425425425,7.5977099575344445e-06
9.541936436436435,1.0600502038598251e-05,9.541936436436435,1.0332631394692923e-05,9.541936436436435,7.524184605271605e-06
9.552947447447448,1.0499670958786146e-05,9.552947447447448,1.023445855829448e-05,9.552947447447448,7.451376043038639e-06
9.563958458458458,1.0399806065439893e-05,9.563958458458458,1.013722502482881e-05,9.563958458458458,7.379277214611297e-06
9.574969469469469,1.0300898009717707e-05,9.574969469469469,1.0040921723460738e-05,9.574969469469469,7.307881134133142e-06
9.58598048048048,1.020293753441942e-05,9.58598048048048,9.94553967204597e-06,9.58598048048048,7.237180885401542e-06
9.59699149149149,1.0105915473080605e-05,9.59699149149149,9.851069976257178e-06,9.59699149149149,7.167169621166841e-06
9.6080025025025,1.0009822749059208e-05,9.6080025025025,9.757503828702955e-06,9.6080025025025,7.09784056242711e-06
9.619013513513513,9.914650374648183e-06,9.619013513513513,9.664832508071626e-06,9.619013513513513,7.0291869977418405e-06
9.630024524524524,9.820389450180656e-06,9.630024524524524,9.573047378267892e-06,9.630024524524524,6.9612022825411795e-06
9.641035535535535,9.727031163152656e-06,9.641035535535535,9.482139887566462e-06,9.641035535535535,6.893879838448295e-06
9.652046546546545,9.634566787362513e-06,9.652046546546545,9.392101567781598e-06,9.652046546546545,6.827213152614146e-06
9.663057557557558,9.542987682043187e-06,9.663057557557558,9.302924033429932e-06,9.663057557557558,6.761195777048043e-06
9.674068568568568,9.452285291019186e-06,9.674068568568568,9.214598980916985e-06,9.674068568568568,6.695821327966258e-06
9.685079579579579,9.362451141856519e-06,9.685079579579579,9.127118187716674e-06,9.685079579579579,6.631083485136272e-06
9.69609059059059,9.27347684502918e-06,9.69609059059059,9.0404735115671e-06,9.69609059059059,6.566975991233571e-06
9.7071016016016,9.185354093101502e-06,9.7071016016016,8.954656889681421e-06,9.7071016016016,6.503492651210184e-06
9.718112612612611,9.098074659903858e-06,9.718112612612611,8.869660337952261e-06,9.718112612612611,6.440627331659171e-06
9.729123623623623,9.011630399731632e-06,9.729123623623623,8.785475950178666e-06,9.729123623623623,6.378373960196291e-06
9.740134634634634,8.92601324653752e-06,9.740134634634634,8.702095897286418e-06,9.740134634634634,6.316726524837516e-06
9.751145645645645,8.841215213139614e-06,9.751145645645645,8.619512426563684e-06,9.751145645645645,6.255679073388344e-06
9.762156656656655,8.757228390444523e-06,9.762156656656655,8.537717860911209e-06,9.762156656656655,6.195225712844425e-06
9.773167667667668,8.674044946664168e-06,9.773167667667668,8.456704598086118e-06,9.773167667667668,6.135360608788186e-06
9.784178678678678,8.591657126554595e-06,9.784178678678678,8.376465109967287e-06,9.784178678678678,6.076077984801833e-06
9.795189689689689,8.510057250648598e-06,9.795189689689689,8.29699194181432e-06,9.795189689689689,6.017372121876335e-06
9.8062007007007,8.429237714503115e-06,9.8062007007007,8.21827771154114e-06,9.8062007007007,5.959237357831684e-06
9.81721171171171,8.349190987961153e-06,9.81721171171171,8.140315109003332e-06,9.81721171171171,5.901668086747814e-06
9.828222722722721,8.269909614407405e-06,9.828222722722721,8.063096895279437e-06,9.828222722722721,5.844658758391767e-06
9.839233733733733,8.19138621004509e-06,9.839233733733733,7.986615901972771e-06,9.839233733733733,5.788203877660335e-06
9.850244744744744,8.113613463166576e-06,9.850244744744744,7.910865030507072e-06,9.850244744744744,5.732298004018955e-06
9.861255755755755,8.03658413343833e-06,9.861255755755755,7.835837251436059e-06,9.861255755755755,5.67693575095123e-06
9.872266766766765,7.960291051198111e-06,9.872266766766765,7.76152560376483e-06,9.872266766766765,5.622111785417693e-06
9.883277777777778,7.884727116754152e-06,9.883277777777778,7.68792319427306e-06,9.883277777777778,5.567820827316462e-06
9.894288788788788,7.809885299684899e-06,9.894288788788788,7.61502319683869e-06,9.894288788788788,5.514057648944904e-06
9.9052997997998,7.73575863815882e-06,9.9052997997998,7.5428188517811235e-06,9.9052997997998,5.460817074475963e-06
9.91631081081081,7.662340238248381e-06,9.91631081081081,7.4713034651985286e-06,9.91631081081081,5.408093979430864e-06
9.92732182182182,7.5896232732634105e-06,9.92732182182182,7.400470408324141e-06,9.92732182182182,5.3558832901661455e-06
9.938332832832833,7.517600983085047e-06,9.938332832832833,7.3303131168828375e-06,9.938332832832833,5.304179983361462e-06
9.949343843843844,7.446266673500222e-06,9.949343843843844,7.260825090448343e-06,9.949343843843844,5.25297908550842e-06
9.960354854854854,7.375613715555175e-06,9.960354854854854,7.191999891818741e-06,9.960354854854854,5.202275672413251e-06
9.971365865865865,7.305635544903416e-06,9.971365865865865,7.123831146386642e-06,9.971365865865865,5.152064868696129e-06
9.982376876876875,7.2363256611722165e-06,9.982376876876875,7.056312541527184e-06,9.982376876876875,5.102341847304e-06
9.993387887887888,7.167677627329438e-06,9.993387887887888,6.989437825986412e-06,9.993387887887888,5.053101829024207e-06
10.004398898898899,7.099685069051032e-06,10.004398898898899,6.923200809270165e-06,10.004398898898899,5.004340081999032e-06
10.01540990990991,7.032341674106603e-06,10.01540990990991,6.857595361050448e-06,10.01540990990991,4.9560519212534046e-06
10.02642092092092,6.965641191739559e-06,10.02642092092092,6.792615410566623e-06,10.02642092092092,4.908232708219396e-06
10.03743193193193,6.899577432064994e-06,10.03743193193193,6.7282549460435725e-06,10.03743193193193,4.860877850273573e-06
10.048442942942943,6.834144265467878e-06,10.048442942942943,6.664508014110292e-06,10.048442942942943,4.813982800275072e-06
10.059453953953954,6.769335622001786e-06,10.059453953953954,6.60136871921885e-06,10.059453953953954,4.767543056104508e-06
10.070464964964964,6.70514549080484e-06,10.070464964964964,6.538831223080015e-06,10.070464964964964,4.7215541602154864e-06
10.081475975975975,6.64156791951054e-06,10.081475975975975,6.476889744093901e-06,10.081475975975975,4.676011699182905e-06
10.092486986986986,6.578597013675364e-06,10.092486986986986,6.415538556796907e-06,10.092486986986986,4.630911303263602e-06
10.103497997997998,6.516226936206717e-06,10.103497997997998,6.354771991308782e-06,10.103497997997998,4.5862486459576084e-06
10.114509009009009,6.454451906791337e-06,10.114509009009009,6.294584432780258e-06,10.114509009009009,4.5420194435702e-06
10.12552002002002,6.393266201340071e-06,10.12552002002002,6.23497032085646e-06,10.12552002002002,4.4982194547858924e-06
10.13653103103103,6.3326641514277995e-06,10.13653103103103,6.175924149135523e-06,10.13653103103103,4.454844480239459e-06
10.14754204204204,6.272640143749307e-06,10.14754204204204,6.117440464642721e-06,10.14754204204204,4.411890362098555e-06
10.158553053053053,6.213188619575404e-06,10.158553053053053,6.0595138673047825e-06,10.158553053053053,4.3693529836470225e-06
10.169564064064064,6.154304074210558e-06,10.169564064064064,6.0021390094255485e-06,10.169564064064064,4.3272282688695525e-06
10.180575075075074,6.095981056460079e-06,10.180575075075074,5.945310595171017e-06,10.180575075075074,4.285512182043576e-06
10.191586086086085,6.038214168107564e-06,10.191586086086085,5.889023380064116e-06,10.191586086086085,4.244200727338707e-06
10.202597097097096,5.980998063387648e-06,10.202597097097096,5.833272170475092e-06,10.202597097097096,4.203289948413358e-06
10.213608108108108,5.9243274484739545e-06,10.213608108108108,5.7780518231264375e-06,10.213608108108108,4.162775928022338e-06
10.224619119119119,5.868197080962358e-06,10.224619119119119,5.723357244593285e-06,10.224619119119119,4.122654787621654e-06
10.23563013013013,5.812601769364478e-06,10.23563013013013,5.669183390813765e-06,10.23563013013013,4.0829226869808055e-06
10.24664114114114,5.7575363726108104e-06,10.24664114114114,5.6155252666085676e-06,10.24664114114114,4.0435758238022865e-06
10.25765215215215,5.702995799549452e-06,10.25765215215215,5.562377925196302e-06,10.25765215215215,4.004610433338355e-06
10.268663163163163,5.648975008459238e-06,10.268663163163163,5.5097364677227395e-06,10.268663163163163,3.966022788018293e-06
10.279674174174174,5.59546900655843e-06,10.279674174174174,5.4575960427857e-06,10.279674174174174,3.927809197072935e-06
10.290685185185184,5.542472849523117e-06,10.290685185185184,5.405951845969341e-06,10.290685185185184,3.889966006166345e-06
10.301696196196195,5.489981641014768e-06,10.301696196196195,5.354799119387372e-06,10.301696196196195,3.8524895970343584e-06
10.312707207207206,5.4379905322036236e-06,10.312707207207206,5.304133151222096e-06,10.312707207207206,3.815376387120467e-06
10.323718218218218,5.386494721305752e-06,10.323718218218218,5.253949275276683e-06,10.323718218218218,3.7786228292217382e-06
10.334729229229229,5.335489453115869e-06,10.334729229229229,5.204242870523402e-06,10.334729229229229,3.742225411132036e-06
10.34574024024024,5.28497001854936e-06,10.34574024024024,5.155009360660654e-06,10.34574024024024,3.7061806552921315e-06
10.35675125125125,5.234931754193118e-06,10.35675125125125,5.106244213678553e-06,10.35675125125125,3.6704851184462664e-06
10.36776226226226,5.185370041852278e-06,10.36776226226226,5.057942941420516e-06,10.36776226226226,3.635135391296222e-06
10.378773273273273,5.136280308109985e-06,10.378773273273273,5.010101099157491e-06,10.378773273273273,3.6001280981648806e-06
10.389784284284284,5.087658023883182e-06,10.389784284284284,4.9627142851582215e-06,10.389784284284284,3.565459896657246e-06
10.400795295295294,5.0394987039870795e-06,10.400795295295294,4.9157781402679575e-06,10.400795295295294,3.5311274773280258e-06
10.411806306306305,4.991797906708004e-06,10.411806306306305,4.8692883474953155e-06,10.411806306306305,3.4971275633552813e-06
10.422817317317316,4.944551233372396e-06,10.422817317317316,4.8232406315952324e-06,10.422817317317316,3.463456910211746e-06
10.433828328328328,4.897754327928141e-06,10.433828328328328,4.777630758664074e-06,10.433828328328328,3.430112305345162e-06
10.444839339339339,4.851402876522124e-06,10.444839339339339,4.732454535730811e-06,10.444839339339339,3.3970905678561964e-06
10.45585035035035,4.805492607086057e-06,10.45585035035035,4.687707810356365e-06,10.45585035035035,3.364388548182527e-06
10.46686136136136,4.760019288930235e-06,10.46686136136136,4.64338647024062e-06,10.46686136136136,3.3320031277887974e-06
10.47787237237237,4.714978732333657e-06,10.47787237237237,4.599486442825759e-06,10.47787237237237,3.2999312188542716e-06
10.488883383383383,4.6703667881458544e-06,10.488883383383383,4.5560036949111e-06,10.488883383383383,3.2681697639690853e-06
10.499894394394394,4.6261793473851285e-06,10.499894394394394,4.512934232264249e-06,10.499894394394394,3.236715735828177e-06
10.510905405405405,4.5824123408446255e-06,10.510905405405405,4.470274099239974e-06,10.510905405405405,3.2055661369311e-06
10.521916416416415,4.5390617387060225e-06,10.521916416416415,4.428019378406418e-06,10.521916416416415,3.1747179992873903e-06
10.532927427427428,4.496123550149619e-06,10.532927427427428,4.386166190167724e-06,10.532927427427428,3.144168384119755e-06
10.543938438438438,4.453593822975759e-06,10.543938438438438,4.344710692397701e-06,10.543938438438438,3.1139143815754207e-06
10.554949449449449,4.411468643222572e-06,10.554949449449449,4.303649080069916e-06,10.554949449449449,3.0839531104352707e-06
10.56596046046046,4.369744134791416e-06,10.56596046046046,4.2629775848951305e-06,10.56596046046046,3.0542817178285784e-06
10.57697147147147,4.328416459079388e-06,10.57697147147147,4.222692474965709e-06,10.57697147147147,3.0248973789530066e-06
10.58798248248248,4.287481814608505e-06,10.58798248248248,4.182790054396683e-06,10.58798248248248,2.995797296792542e-06
10.598993493493493,4.246936436665557e-06,10.598993493493493,4.143266662977204e-06,10.598993493493493,2.9669787018431665e-06
10.610004504504504,4.2067765969386255e-06,10.610004504504504,4.104118675818666e-06,10.610004504504504,2.938438851836439e-06
10.621015515515515,4.1669986031606874e-06,10.621015515515515,4.065342503009786e-06,10.621015515515515,2.910175031468383e-06
10.632026526526525,4.127598798760169e-06,10.632026526526525,4.026934589278338e-06,10.632026526526525,2.882184552133385e-06
10.643037537537538,4.088573562508185e-06,10.643037537537538,3.988891413649653e-06,10.643037537537538,2.854464751656113e-06
10.654048548548548,4.049919308175961e-06,10.654048548548548,3.9512094891150495e-06,10.654048548548548,2.827012994030798e-06
10.665059559559559,4.011632484189088e-06,10.665059559559559,3.913885362297059e-06,10.665059559559559,2.7998266691585323e-06
10.67607057057057,3.9737095732885245e-06,10.67607057057057,3.876915613121284e-06,10.67607057057057,2.772903192589563e-06
10.68708158158158,3.936147092198189e-06,10.68708158158158,3.840296854494578e-06,10.68708158158158,2.7462400052704236e-06
10.698092592592591,3.898941591289362e-06,10.698092592592591,3.8040257319801338e-06,10.698092592592591,2.7198345732890993e-06
10.709103603603603,3.862089654254876e-06,10.709103603603603,3.768098923482048e-06,10.709103603603603,2.6936843876272533e-06
10.720114614614614,3.825587897780143e-06,10.720114614614614,3.7325131389267966e-06,10.720114614614614,2.6677869639105125e-06
10.731125625625625,3.789432971220741e-06,10.731125625625625,3.697265119951033e-06,10.731125625625625,2.6421398421635396e-06
10.742136636636635,3.7536215562861326e-06,10.742136636636635,3.662351639595394e-06,10.742136636636635,2.61674058656968e-06
10.753147647647648,3.718150366720477e-06,10.753147647647648,3.627769501995381e-06,10.753147647647648,2.5915867852287295e-06
10.764158658658658,3.683016147992634e-06,10.764158658658658,3.5935155420812265e-06,10.764158658658658,2.566676049921444e-06
10.775169669669669,3.648215676983244e-06,10.775169669669669,3.559586625274828e-06,10.775169669669669,2.5420060158721575e-06
10.78618068068068,3.6137457616779687e-06,10.78618068068068,3.525979647192684e-06,10.78618068068068,2.517574341515988e-06
10.79719169169169,3.5796032408666345e-06,10.79719169169169,3.4926915333545935e-06,10.79719169169169,2.493378708270352e-06
10.808202702702701,3.5457849838395446e-06,10.808202702702701,3.459719238889487e-06,10.808202702702701,2.469416820304735e-06
10.819213713713713,3.5122878900925944e-06,10.819213713713713,3.4270597482498856e-06,10.819213713713713,2.4456864043168225e-06
10.830224724724724,3.4791088890295274e-06,10.830224724724724,3.39471007492349e-06,10.830224724724724,2.422185209306856e-06
10.841235735735735,3.4462449396701214e-06,10.841235735735735,3.362667261150565e-06,10.841235735735735,2.398911006356343e-06
10.852246746746745,3.413693030363951e-06,10.852246746746745,3.3309283776467017e-06,10.852246746746745,2.375861588410858e-06
10.863257757757758,3.381450178501448e-06,10.863257757757758,3.299490523322961e-06,10.863257757757758,2.3530347700611934e-06
10.874268768768768,3.349513430233354e-06,10.874268768768768,3.2683508250141215e-06,10.874268768768768,2.3304283873305287e-06
10.88527977977978,3.3178798601874478e-06,10.88527977977978,3.23750643720427e-06,10.88527977977978,2.3080402974599534e-06
10.89629079079079,3.286546571190875e-06,10.89629079079079,3.206954541757828e-06,10.89629079079079,2.285868378698065e-06
10.9073018018018,3.2555106939973188e-06,10.9073018018018,3.1766923476552925e-06,10.9073018018018,2.263910530094161e-06
10.918312812812813,3.224769387014708e-06,10.918312812812813,3.1467170907294375e-06,10.918312812812813,2.2421646712919877e-06
10.929323823823824,3.1943198360330093e-06,10.929323823823824,3.117026033401584e-06,10.929323823823824,2.2206287423237778e-06
10.940334834834834,3.1641592539599903e-06,10.940334834834834,3.0876164644256513e-06,10.940334834834834,2.199300703409983e-06
10.951345845845845,3.1342848805543644e-06,10.951345845845845,3.0584856986295734e-06,10.951345845845845,2.1781785347574397e-06
10.962356856856855,3.104693982166739e-06,10.962356856856855,3.0296310766643663e-06,10.962356856856855,2.157260236363108e-06
10.973367867867868,3.075383851480539e-06,10.973367867867868,3.00104996475308e-06,10.973367867867868,2.136543827818006e-06
10.984378878878879,3.0463518072529752e-06,10.984378878878879,2.9727397544398332e-06,10.984378878878879,2.116027348111375e-06
10.99538988988989,3.017595194063628e-06,10.99538988988989,2.944697862346196e-06,10.99538988988989,2.0957088554402976e-06
11.0064009009009,2.989111382060533e-06,11.0064009009009,2.916921729925177e-06,11.0064009009009,2.0755864270178043e-06
11.01741191191191,2.9608977667136833e-06,11.01741191191191,2.8894088232223446e-06,11.01741191191191,2.055658158886272e-06
11.028422922922923,2.9329517685684888e-06,11.028422922922923,2.8621566326369583e-06,11.028422922922923,2.0359221657310196e-06
11.039433933933934,2.905270832999328e-06,11.039433933933934,2.835162672683096e-06,11.039433933933934,2.0163765806941143e-06
11.050444944944944,2.8778524299702637e-06,11.050444944944944,2.808424481757832e-06,11.050444944944944,1.997019555193361e-06
11.061455955955955,2.850694053793469e-06,11.061455955955955,2.7819396219070724e-06,11.061455955955955,1.977849258739848e-06
11.072466966966966,2.823793222894623e-06,11.072466966966966,2.7557056785982375e-06,11.072466966966966,1.9588638787605408e-06
11.083477977977978,2.797147479578349e-06,11.083477977977978,2.7297202604929043e-06,11.083477977977978,1.9400616204210406e-06
11.094488988988989,2.770754389793644e-06,11.094488988988989,2.7039809992194807e-06,11.094488988988989,1.9214407064485438e-06
11.1055,2.744611542906219e-06,11.1055,2.678485549152553e-06,11.1055,1.9029993769597418e-06
