ALICE 13 pT,ALICE 13,CMS 13 pT,CMS 13,CMS 7 pT,CNS 7
0.10550000000000001,4.6336826972917674e-05,0.10550000000000001,9.21200126005094e-05,0.10550000000000001,3.032842617498732e-05
0.11651101101101102,6.295836513924426e-05,0.11651101101101102,0.00011709197533093466,0.11651101101101102,3.891423394334449e-05
0.127522022022022,8.315995627296258e-05,0.127522022022022,0.00014540086403661955,0.127522022022022,4.873082854589398e-05
0.13853303303303305,0.00010726128779668426,0.13853303303303305,0.000177120412291894,0.13853303303303305,5.9814365225638625e-05
0.14954404404404403,0.00013556183255666377,0.14954404404404403,0.00021232293467584934,0.14954404404404403,7.219955339195856e-05
0.16055505505505507,0.00016833831381707202,0.16055505505505507,0.0002510806456214169,0.16055505505505507,8.592013180772193e-05
0.17156606606606606,0.0002058428932678975,0.17156606606606606,0.00029346662916649585,0.17156606606606606,0.00010100925136872737
0.18257707707707707,0.0002483020932761899,0.18257707707707707,0.000339555511116496,0.18257707707707707,0.00011749978487326617
0.19358808808808808,0.00029591643059491673,0.19358808808808808,0.00038942387847872234,0.19358808808808808,0.00013542457592547353
0.2045990990990991,0.0003488607089208119,0.2045990990990991,0.00044315048727388336,0.2045990990990991,0.00015481663549195518
0.2156101101101101,0.0004072848936791261,0.2156101101101101,0.0005008162967364217,0.2156101101101101,0.00017570929274863156
0.22662112112112112,0.0004713154751708037,0.22662112112112112,0.0005625043646465583,0.22662112112112112,0.00019813630582741918
0.2376321321321321,0.0005410572160471027,0.2376321321321321,0.000628299634882892,0.2376321321321321,0.00022213193746249173
0.24864314314314312,0.0006165951756837065,0.24864314314314312,0.0006982886443171266,0.24864314314314312,0.0002477310001189751
0.25965415415415416,0.0006979969066416357,0.25965415415415416,0.0007725591720753678,0.25965415415415416,0.00027496887484678616
0.27066516516516514,0.0007853147259299837,0.27066516516516514,0.0008511998501649328,0.27066516516516514,0.0003038815077812001
0.28167617617617613,0.0008785879749575653,0.28167617617617613,0.0009342997506851533,0.28167617617617613,0.00033450538788425696
0.29268718718718717,0.0009778451955785579,0.29268718718718717,0.0010219479614304852,0.29268718718718717,0.00036687750918055974
0.3036981981981982,0.001083106164286121,0.3036981981981982,0.0011142331587269674,0.3036981981981982,0.0004010353203901032
0.3147092092092092,0.0011943837413392337,0.3147092092092092,0.0012112431838466817,0.3147092092092092,0.00043701666450746265
0.3257202202202202,0.0013116855055848998,0.3257202202202202,0.0013130646273090442,0.3257202202202202,0.0004748597105295614
0.33673123123123117,0.001435015158355564,0.33673123123123117,0.0014197824237700534,0.33673123123123117,0.0005146028792024785
0.34774224224224226,0.0015643736906940132,0.34774224224224226,0.0015314794589700318,0.34774224224224226,0.0005562847643476847
0.35875325325325325,0.0016997603171000396,0.35875325325325325,0.001648236189302944,0.35875325325325325,0.0005999440510454884
0.36976426426426423,0.0018411731859768994,0.36976426426426423,0.0017701302739278743,0.36976426426426423,0.000645619431700922
0.3807752752752752,0.001988609882079,0.3807752752752752,0.001897236218913397,0.3807752752752752,0.0006933495207962436
0.3917862862862862,0.0021420677397054194,0.3917862862862862,0.0020296250326402076,0.3917862862862862,0.0007431727689445017
0.4027972972972973,0.002301543987376936,0.4027972972972973,0.002167363891546063,0.4027972972972973,0.0007951273766986515
0.4138083083083083,0.0024670357455296487,0.4138083083083083,0.00231051581524532,0.4138083083083083,0.0008492512084384064
0.42481931931931927,0.002638539898606522,0.42481931931931927,0.0024591393500667637,0.42481931931931927,0.0009055817065497323
0.43583033033033025,0.002816052862065062,0.43583033033033025,0.0026132882601051935,0.43583033033033025,0.0009641558060262761
0.44684134134134135,0.0029995702634555803,0.44684134134134135,0.002773011224960276,0.44684134134134135,0.0010250098495560114
0.45785235235235233,0.0031890865550360022,0.45785235235235233,0.0029383515434244735,0.45785235235235233,0.0010881795031055224
0.4688633633633633,0.003384594573528071,0.4688633633633633,0.0031093468424773134,0.4688633633633633,0.0011536996719779548
0.4798743743743743,0.0035860850606942657,0.4798743743743743,0.003286028791032138,0.4798743743743743,0.001221604417294108
0.4908853853853853,0.003793546156519798,0.4908853853853853,0.0034684228179680757,0.4908853853853853,0.001291926872829394
0.5018963963963964,0.004006962874973769,0.5018963963963964,0.0036565478340534023,0.5018963963963964,0.001364699162128663
0.5129074074074074,0.004226316570645583,0.5129074074074074,0.003850415957431609,0.5129074074074074,0.0014399523158161419
0.5239184184184185,0.004451584403026977,0.5239184184184185,0.004050032242393748,0.5239184184184185,0.0015177161890167325
0.5349294294294293,0.004682738803849085,0.5349294294294293,0.004255394411200576,0.5349294294294293,0.0015980193788066948
0.5459404404404404,0.004919746951689469,0.5459404404404404,0.004466492588746696,0.5459404404404404,0.00168088914161593
0.5569514514514514,0.005162570257029838,0.5569514514514514,0.004683309039875894,0.5569514514514514,0.0017663513105095684
0.5679624624624624,0.005411163860057121,0.5679624624624624,0.004905817909159607,0.5679624624624624,0.0018544302122820598
0.5789734734734735,0.0056654761427540595,0.5789734734734735,0.005133984962946998,0.5789734734734735,0.0019451485843044892
0.5899844844844845,0.005925448256192482,0.5899844844844845,0.005367767333474691,0.5899844844844845,0.002038527491071542
0.6009954954954955,0.006191013663420803,0.6009954954954955,0.005607113264798546,0.6009954954954955,0.0021345862404018915
0.6120065065065065,0.006462097697897981,0.6120065065065065,0.0058519618602673115,0.6120065065065065,0.0022333422992506734
0.6230175175175174,0.0067386171370695126,0.6230175175175174,0.0061022428312111805,0.6230175175175174,0.0023348112090998043
0.6340285285285284,0.007020479790377829,0.6340285285285284,0.006357876246454262,0.6340285285285284,0.00243900650089586
0.6450395395395394,0.007307584100749125,0.6450395395395394,0.006618772282187824,0.6450395395395394,0.0025459396095101477
0.6560505505505505,0.007599818758385503,0.6560505505505505,0.006884830971657454,0.6560505505505505,0.0026556197876999787
0.6670615615615615,0.007897062325500553,0.6670615615615615,0.007155941954015888,0.6670615615615615,0.0027680540195520907
0.6780725725725725,0.008199182870472324,0.6780725725725725,0.007431984221587012,0.6780725725725725,0.002883246933393386
0.6890835835835836,0.008506037609724695,0.6890835835835836,0.007712825864656159,0.6890835835835836,0.0030012007141545644
0.7000945945945946,0.008817472555497998,0.7000945945945946,0.007998323812765645,0.7000945945945946,0.003121915015174833
0.7111056056056055,0.009133322167508088,0.7111056056056055,0.008288323571332166,0.7111056056056055,0.003245386869434628
0.7221166166166165,0.009453409006335603,0.7221166166166165,0.008582658952234446,0.7221166166166165,0.0033716106002050885
0.7331276276276275,0.009777543386209026,0.7331276276276275,0.008881151796823512,0.7331276276276275,0.003500577731100396
0.7441386386386386,0.010105523024660267,0.7441386386386386,0.009183611689600675,0.7441386386386386,0.0036322768955181356
0.7551496496496496,0.010437132686328617,0.7551496496496496,0.009489835660580441,0.7551496496496496,0.003766693745449896
0.7661606606606606,0.01077214381797208,0.7661606606606606,0.00979960787411309,0.7661606606606606,0.003903810859640717
0.7771716716716716,0.01111031417151476,0.7771716716716716,0.010112699301685315,0.7771716716716716,0.004043607651071345
0.7881826826826827,0.011451387411722042,0.7881826826826827,0.010428867375954937,0.7881826826826827,0.004186060273731639
0.7991936936936936,0.011795092704854546,0.7991936936936936,0.01074785562301124,0.7991936936936936,0.0043311415286453585
0.8102047047047046,0.01214114428443664,0.8102047047047046,0.011069393269612208,0.8102047047047046,0.004478820769100077
0.8212157157157156,0.012489240990083538,0.8212157157157156,0.011393194821934169,0.8212157157157156,0.004629063805023055
0.8322267267267266,0.012839065775225788,0.8322267267267266,0.011718959612236688,0.8322267267267266,0.004781832806434061
0.8432377377377377,0.013190285179577248,0.8432377377377377,0.012046371309820432,0.8432377377377377,0.004937086205890736
0.8542487487487487,0.01354254876239939,0.8542487487487487,0.012375097392820885,0.8542487487487487,0.005094778599826121
0.8652597597597597,0.013895488493120318,0.8652597597597597,0.012704788577828993,0.8652597597597597,0.0052548606486584335
0.8762707707707706,0.014248718096820878,0.8762707707707706,0.013035078205202832,0.8762707707707706,0.005417278975531144
0.8872817817817817,0.014601832353714603,0.8872817817817817,0.013365581579431093,0.8872817817817817,0.005581976063515944
0.8982927927927927,0.014954406354308539,0.8982927927927927,0.013695895266299928,0.8982927927927927,0.005748890151080543
0.9093038038038037,0.015305994715860525,0.9093038038038037,0.014025596352295139,0.9093038038038037,0.005917955125591959
0.9203148148148147,0.015656130771562575,0.9203148148148147,0.014354241677133481,0.9203148148148147,0.006089100414583974
0.9313258258258257,0.016004325752352937,0.9313258258258257,0.014681367058283752,0.9313258258258257,0.006262250874476537
0.9423368368368368,0.016350067993305982,0.9423368368368368,0.015006486537678769,0.9423368368368368,0.0064373266763818
0.9533478478478478,0.01669282221340468,0.9533478478478478,0.015329091696692287,0.9533478478478478,0.006614243188578542
0.9643588588588587,0.017032028940545133,0.9643588588588587,0.015648651107168426,0.9643588588588587,0.006792910855168482
0.9753698698698698,0.017367104184436884,0.9753698698698698,0.015964610015329568,0.9753698698698698,0.006973235070359702
0.9863808808808808,0.01769743949997439,0.9863808808808808,0.01627639039301259,0.9863808808808808,0.00715511604773911
0.9973918918918918,0.018022402633328955,0.9973918918918918,0.016583391537514675,0.9973918918918918,0.007338448683808232
1.008402902902903,0.018341339001286566,1.008402902902903,0.016884991456286254,1.008402902902903,0.007523122414957315
1.019413913913914,0.018653574316705786,1.019413913913914,0.017180549331517084,1.019413913913914,0.007709021066940651
1.0304249249249249,0.018958418729218107,1.0304249249249249,0.01746940941274413,1.0304249249249249,0.007896022695804002
1.0414359359359358,0.01925517288198212,1.0414359359359358,0.017750906715566277,1.0414359359359358,0.008083999419081944
1.0524469469469468,0.019543136264188753,1.0524469469469468,0.01802437488476359,1.0524469469469468,0.008272817235954005
1.063457957957958,0.01982161812837902,1.063457957957958,0.018289156475972936,1.063457957957958,0.008462335834911652
1.074468968968969,0.020089951004539218,1.074468968968969,0.018544615686739038,1.074468968968969,0.008652408387349757
1.08547997997998,0.02034750645990007,1.08547997997998,0.018790153206856015,1.08547997997998,0.00884288132538195
1.0964909909909908,0.02059371224815404,1.0964909909909908,0.01902522238181318,1.0964909909909908,0.009033594102069298
1.1075020020020019,0.020828069455437064,1.1075020020020019,0.019249345377611846,1.1075020020020019,0.009224378932198395
1.118513013013013,0.021050167841639635,1.118513013013013,0.019462127649818563,1.118513013013013,0.009415060511763693
1.129524024024024,0.021259697478101816,1.129524024024024,0.01966326892757996,1.129524024024024,0.009605455714421151
1.140535035035035,0.021456455120411923,1.140535035035035,0.019852569241237385,1.140535035035035,0.009795373263481469
1.151546046046046,0.02164034450568997,1.151546046046046,0.020029929229282144,1.151546046046046,0.00998461337854959
1.162557057057057,0.021811370735633884,1.162557057057057,0.020195344876002483,1.162557057057057,0.010172967396818526
1.173568068068068,0.02196962981090214,1.173568068068068,0.02034889768312615,1.173568068068068,0.010360217370466648
1.1845790790790791,0.022115294965927967,1.1845790790790791,0.02049074182849384,1.1845790790790791,0.010546135643767145
1.19559009009009,0.022248601606865724,1.19559009009009,0.02062109000947661,1.19559009009009,0.010730484416743354
1.206601101101101,0.022369832433514557,1.206601101101101,0.020740199459797208,1.206601101101101,0.010913015306850725
1.217612112112112,0.022479303884749863,1.217612112112112,0.02084835921263856,1.217612112112112,0.011093468926759355
1.228623123123123,0.02257735455516801,1.228623123123123,0.020945879219612128,1.228623123123123,0.011271574505505044
1.2396341341341341,0.02266433580843414,1.2396341341341341,0.021033081537478748,1.2396341341341341,0.011447049592775906
1.250645145145145,0.022740604514378183,1.250645145145145,0.021110293513476895,1.250645145145145,0.011619599902738292
1.2616561561561561,0.022806517664134034,1.2616561561561561,0.02117784273750349,1.2616561561561561,0.011788919375231695
1.272667167167167,0.022862428544655387,1.272667167167167,0.021236053460788242,1.272667167167167,0.011954690558563954
1.283678178178178,0.022908684147544697,1.283678178178178,0.021285244174786368,1.283678178178178,0.012116585448789057
1.2946891891891892,0.022945623517774228,1.2946891891891892,0.02132572607296883,1.2946891891891892,0.012274266952439083
1.3057002002002,0.022973576794557898,1.3057002002002,0.0213578021622262,1.3057002002002,0.012427391167436404
1.3167112112112112,0.02299286474617985,1.3167112112112112,0.021381766837318447,1.3167112112112112,0.012575610690025626
1.3277222222222222,0.023003798645988643,1.3277222222222222,0.02139790577459785,1.3277222222222222,0.012718579138573277
1.3387332332332331,0.02300668037523828,1.3387332332332331,0.021406496037483992,1.3387332332332331,0.012855957018626393
1.3497442442442442,0.023001802669302993,1.3497442442442442,0.021407806315229018,1.3497442442442442,0.012987418919058111
1.360755255255255,0.02298944944767657,1.360755255255255,0.021402097239005012,1.360755255255255,0.013112661818694433
1.3717662662662662,0.02296989618622235,1.3717662662662662,0.021389621736345336,1.3717662662662662,0.013231414013348049
1.3827772772772773,0.022943410303406336,1.3827772772772773,0.02137062539745834,1.3827772772772773,0.013343443897464256
1.3937882882882882,0.022910251541913687,1.3937882882882882,0.02134534683602761,1.3937882882882882,0.013448567639381617
1.4047992992992993,0.022870672333959625,1.4047992992992993,0.021314018033611555,1.4047992992992993,0.013546654769178101
1.4158103103103103,0.02282491814341336,1.4158103103103103,0.021276864661272606,1.4158103103103103,0.013637630909658392
1.4268213213213212,0.022773227781257514,1.4268213213213212,0.02123410637526347,1.4268213213213212,0.013721477300012278
1.4378323323323323,0.02271583369313855,1.4378323323323323,0.021185957085690196,1.4378323323323323,0.01379822727680281
1.4488433433433432,0.022652962219279954,1.4488433433433432,0.02113262519849348,1.4488433433433432,0.013867960334712192
1.4598543543543543,0.022584833828000937,1.4598543543543543,0.02107431383199474,1.4598543543543543,0.013930794664637406
1.4708653653653654,0.022511663324617938,1.4708653653653654,0.021011221009751432,1.4708653653653654,0.0139868791143232
1.4818763763763763,0.022433660037851112,1.4818763763763763,0.020943539831783122,1.4818763763763763,0.014036385375820953
1.4928873873873874,0.02235102798596974,1.4928873873873874,0.020871458626331406,1.4928873873873874,0.014079500960743155
1.5038983983983982,0.022263966024901997,1.5038983983983982,0.02079516108430149,1.5038983983983982,0.014116423265755924
1.5149094094094093,0.022172667980504046,1.5149094094094093,0.020714826378501687,1.5149094094094093,0.014147354815758701
1.5259204204204204,0.022077322767014823,1.5259204204204204,0.02063062926963309,1.5259204204204204,0.01417249962459071
1.5369314314314313,0.02197811449361619,1.5369314314314313,0.02054274020087791,1.5369314314314313,0.01419206053100347
1.5479424424424424,0.021875222560841984,1.5479424424424424,0.020451325382765353,1.5479424424424424,0.014206237335997865
1.5589534534534533,0.021768821748399475,1.5589534534534533,0.02035654686982161,1.5589534534534533,0.014215225568713387
1.5699644644644644,0.02165908229584102,1.5699644644644644,0.020258562630388444,1.5699644644644644,0.014219215726846009
1.5809754754754755,0.021546169977330706,1.5809754754754755,0.020157526610811452,1.5809754754754755,0.01421839286339113
1.5919864864864863,0.021430246171618605,1.5919864864864863,0.020053588795071575,1.5919864864864863,0.01421293641803004
1.6029974974974974,0.02131146792821252,1.6029974974974974,0.01994689526081534,1.6029974974974974,0.014203020215373788
1.6140085085085083,0.021189988030574897,1.6140085085085083,0.019837588232585072,1.6140085085085083,0.014188812572224095
1.6250195195195194,0.02106595505709158,1.6250195195195194,0.019725806132971625,1.6250195195195194,0.014170476471932909
1.6360305305305305,0.020939513440439927,1.6360305305305305,0.019611683632298232,1.6360305305305305,0.014148169776161845
1.6470415415415414,0.020810803525872952,1.6470415415415414,0.01949535169733812,1.6470415415415414,0.014122045453498717
1.6580525525525525,0.020679961628889465,1.6580525525525525,0.019376937639522668,1.6580525525525525,0.014092251811145703
1.6690635635635636,0.020547120092636928,1.6690635635635636,0.019256565162979706,1.6690635635635636,0.014058932720719727
1.6800745745745744,0.020412407345363592,1.6800745745745744,0.01913435441271131,1.6800745745745744,0.014022227832680437
1.6910855855855855,0.020275947958161407,1.6910855855855855,0.019010422023149058,1.6910855855855855,0.013982272776301274
1.7020965965965964,0.020137862703173616,1.7020965965965964,0.018884881167258866,1.7020965965965964,0.0139391993437424
1.7131076076076075,0.019998268612430783,1.7131076076076075,0.018757841606358308,1.7131076076076075,0.013893135657918464
1.7241186186186186,0.01985727903739396,1.7241186186186186,0.018629409740726244,1.7241186186186186,0.013844206324544743
1.7351296296296295,0.01971500370928376,1.7351296296296295,0.018499688661085686,1.7351296296296295,0.013792532569219834
1.7461406406406406,0.019571548800229766,1.7461406406406406,0.018368778200996326,1.7461406406406406,0.01373823236065172
1.7571516516516517,0.01942701698523721,1.7571516516516517,0.018236774990158362,1.7571516516516517,0.013681420521255871
1.7681626626626625,0.01928150750497026,1.7681626626626625,0.01810377250862988,1.7681626626626625,0.013622208826412418
1.7791736736736736,0.019135116229311345,1.7791736736736736,0.017969861141922165,1.7791736736736736,0.013560706093637805
1.7901846846846845,0.018987935721648017,1.7901846846846845,0.017835128236928812,1.7901846846846845,0.013497018262878495
1.8011956956956956,0.01884005530383394,1.8011956956956956,0.0176996581586397,1.8011956956956956,0.013431248469064105
1.8122067067067067,0.018691561121739683,1.8122067067067067,0.01756353234756078,1.8122067067067067,0.013363497107955643
1.8232177177177176,0.018542536211324456,1.8232177177177176,0.017426829377774813,1.8232177177177176,0.013293861896248253
1.8342287287287287,0.018393060565143615,1.8342287287287287,0.01728962501556261,1.8342287287287287,0.013222437926787614
1.8452397397397395,0.018243211199191586,1.8452397397397395,0.01715199227848907,1.8452397397397395,0.013149317719660839
1.8562507507507506,0.018093062220000726,1.8562507507507506,0.017014001494878007,1.8562507507507506,0.013074591269853258
1.8672617617617617,0.017942684891894774,1.8672617617617617,0.01687572036357866,1.8672617617617617,0.012998346092067063
1.8782727727727726,0.017792147704302822,1.8782727727727726,0.0167372140139333,1.8782727727727726,0.012920667263228405
1.8892837837837837,0.017641516439047794,1.8892837837837837,0.01659854506586262,1.8892837837837837,0.012841637463146205
1.9002947947947946,0.017490854237504884,1.9002947947947946,0.016459773689968066,1.9002947947947946,0.012761337013708771
1.9113058058058057,0.017340221667552953,1.9113058058058057,0.016320957667575707,1.9113058058058057,0.012679843916966256
1.9223168168168168,0.017189676790225147,1.9223168168168168,0.01618215245063049,1.9223168168168168,0.012597233892381583
1.9333278278278276,0.01703927522597509,1.9333278278278276,0.016043411221359268,1.9333278278278276,0.01251358041349215
1.9443388388388387,0.016889070220486233,1.9443388388388387,0.015904784951630696,1.9443388388388387,0.012428954744188776
1.9553498498498496,0.01673911270993627,1.9553498498498496,0.015766322461926188,1.9553498498498496,0.012343425974768552
1.9663608608608607,0.016589451385657455,1.9663608608608607,0.01562807047986252,1.9663608608608607,0.012257061057903616
1.9773718718718718,0.01644013275811848,1.9773718718718718,0.015490073698192719,1.9773718718718718,0.012169924844625878
1.988382882882883,0.01629120122016783,1.988382882882883,0.015352374832225022,1.988382882882883,0.012082080120409934
1.9993938938938938,0.016142699109480317,1.9993938938938938,0.015215014676601362,1.9993938938938938,0.011993587641412819
2.010404904904905,0.01599466677015334,2.010404904904905,0.01507803216138184,2.010404904904905,0.011904506170910984
2.0214159159159157,0.01584714261340437,2.0214159159159157,0.014941464407385214,2.0214159159159157,0.011814892515958615
2.032426926926927,0.015700163177324852,2.032426926926927,0.014805346780740391,2.032426926926927,0.01172480156427773
2.043437937937938,0.015553763185650965,2.043437937937938,0.014669712946607552,2.043437937937938,0.011634286321378752
2.0544489489489486,0.015407975605515696,2.0544489489489486,0.01453459492203198,2.0544489489489486,0.011543397947900408
2.06545995995996,0.015262831704150352,2.06545995995996,0.01440002312789736,2.06545995995996,0.011452185797149662
2.0764709709709708,0.015118361104508527,2.0764709709709708,0.014266026439949335,2.0764709709709708,0.01136069745281574
2.087481981981982,0.01497459183978874,2.087481981981982,0.014132632238863746,2.087481981981982,0.011268978766826754
2.098492992992993,0.014831550406835923,2.098492992992993,0.013999866459337354,2.098492992992993,0.01117707389731351
2.1095040040040036,0.014689261818405438,2.1095040040040036,0.013867753638182713,2.1095040040040036,0.01108502534664163
2.120515015015015,0.014547749654276746,2.120515015015015,0.01373631696141142,2.120515015015015,0.010992873999470989
2.131526026026026,0.014407036111206643,2.131526026026026,0.01360557831029357,2.131526026026026,0.010900659160799926
2.1425370370370374,0.014267142051715599,2.1425370370370374,0.013475558306383967,2.1425370370370374,0.010808418593950892
2.153548048048048,0.014128087051702843,2.153548048048048,0.013346276355508153,2.153548048048048,0.010716188558453903
2.1645590590590587,0.01398988944688909,2.1645590590590587,0.013217750690704286,2.1645590590590587,0.010624003847784573
2.17557007007007,0.013852566378087742,2.17557007007007,0.0130899984141189,2.17557007007007,0.010531897826914065
2.186581081081081,0.013716133835308043,2.186581081081081,0.012963035537857038,2.186581081081081,0.010439902469629456
2.1975920920920924,0.013580606700695542,2.1975920920920924,0.012836877023789224,2.1975920920920924,0.010348048395584357
2.208603103103103,0.013445998790317236,2.208603103103103,0.012711536822319718,2.208603103103103,0.010256364907041227
2.2196141141141137,0.013312322894800707,2.2196141141141137,0.012587027910122171,2.2196141141141137,0.010164880025268698
2.2306251251251252,0.013179590818837867,2.2306251251251252,0.012463362326850606,2.2306251251251252,0.010073620526558984
2.241636136136136,0.013047813419565558,2.241636136136136,0.012340551210834744,2.241636136136136,0.00998261197783288
2.2526471471471474,0.012917000643836954,2.2526471471471474,0.012218604833770663,2.2526471471471474,0.009891878771801619
2.263658158158158,0.012787161564398138,2.263658158158158,0.012097532634418312,2.263658158158158,0.009801444161657347
2.274669169169169,0.012658304414986174,2.274669169169169,0.01197734325131906,2.274669169169169,0.009711330295266156
2.2856801801801803,0.01253043662436526,2.2856801801801803,0.011858044554547096,2.2856801801801803,0.009621558248839656
2.296691191191191,0.012403564849318876,2.296691191191191,0.01173964367650957,2.296691191191191,0.009532148060063708
2.3077022022022025,0.0122776950066158,2.3077022022022025,0.011622147041810565,2.3077022022022025,0.009443118760664278
2.318713213213213,0.012152832303972572,2.318713213213213,0.011505560396198447,2.318713213213213,0.009354488408395907
2.329724224224224,0.012028981270021713,2.329724224224224,0.011389888834603701,2.329724224224224,0.009266274118429646
2.3407352352352353,0.011906145783323085,2.3407352352352353,0.011275136828300843,2.3407352352352353,0.009178492094140539
2.351746246246246,0.011784329100421494,2.351746246246246,0.011161308251196022,2.351746246246246,0.009091157657270222
2.3627572572572575,0.011663533882981419,2.3627572572572575,0.011048406405267587,2.3627572572572575,0.00900428527746288
2.373768268268268,0.01154376222401946,2.373768268268268,0.010936434045178042,2.373768268268268,0.00891788860116697
2.3847792792792792,0.011425015673246433,2.3847792792792792,0.010825393402067097,2.3847792792792792,0.008831980479889617
2.3957902902902903,0.01130729526155682,2.3957902902902903,0.010715286206560136,2.3957902902902903,0.008746572997812216
2.406801301301301,0.011190601524670345,2.406801301301301,0.01060611371099536,2.406801301301301,0.008661677498751805
2.4178123123123125,0.011074934525956877,2.4178123123123125,0.01049787671089794,2.4178123123123125,0.00857730461247469
2.428823323323323,0.01096029387846259,2.428823323323323,0.010390575565716969,2.428823323323323,0.00849346428035979
2.4398343343343343,0.010846678766158972,2.4398343343343343,0.01028421021884451,2.4398343343343343,0.008410165780413509
2.4508453453453454,0.010734087964435684,2.4508453453453454,0.01017878021693555,2.4508453453453454,0.008327417751638599
2.461856356356356,0.010622519859858062,2.461856356356356,0.010074284728547482,2.461856356356356,0.008245228217760681
2.4728673673673676,0.010511972469209815,2.4728673673673676,0.009970722562117793,2.4728673673673676,0.008163604610316996
2.483878378378378,0.01040244345784143,2.483878378378378,0.009868092183298108,2.483878378378378,0.008082553791112959
2.4948893893893893,0.010293930157344127,2.4948893893893893,0.009766391731662853,2.4948893893893893,0.008002082074052768
2.5059004004004004,0.010186429582569524,2.5059004004004004,0.009665619036810543,2.5059004004004004,0.00792219524635136
2.516911411411411,0.010079938448014145,2.516911411411411,0.009565771633875082,2.516911411411411,0.007842898589135377
2.5279224224224226,0.009974453183588292,2.5279224224224226,0.0094668467784648,2.5279224224224226,0.007764196897441631
2.5389334334334333,0.009869969949787434,2.5389334334334333,0.009368841461045798,2.5389334334334333,0.007686094499621768
2.549944444444445,0.009766484652287667,2.549944444444445,0.009271752420789037,2.549944444444445,0.0076085952761647405
2.5609554554554554,0.009663992955974813,2.5609554554554554,0.009175576158889911,2.5609554554554554,0.007531702677940499
2.571966466466466,0.00956249029843898,2.571966466466466,0.00908030895138957,2.571966466466466,0.007455419743886055
2.5829774774774776,0.009461971902937868,2.5829774774774776,0.008985946861500753,2.5829774774774776,0.007379749118133673
2.5939884884884883,0.00936243279085408,2.5939884884884883,0.008892485751461177,2.5939884884884883,0.00730469306659824
2.6049994994995,0.009263867793662579,2.6049994994995,0.00879992129392956,2.6049994994995,0.007230253493034913
2.6160105105105105,0.009166271564417253,2.6160105105105105,0.008708248982932031,2.6160105105105105,0.007156431954572408
2.627021521521521,0.00906963858878542,2.627021521521521,0.008617464144385944,2.627021521521521,0.007083229676743677
2.6380325325325327,0.008973963195632614,2.6380325325325327,0.008527561946202675,2.6380325325325327,0.007010647568015248
2.6490435435435433,0.008879239567180178,2.6490435435435433,0.00843853740799053,2.6490435435435433,0.006938686233832748
2.660054554554555,0.008785461748750258,2.660054554554555,0.008350385410370975,2.660054554554555,0.006867345990194158
2.6710655655655655,0.008692623658105178,2.6710655655655655,0.008263100703914495,2.6710655655655655,0.006796626876756945
2.682076576576576,0.008600719094407749,2.682076576576576,0.008176677917721038,2.682076576576576,0.0067265286695004445
2.6930875875875877,0.008509741746803252,2.6930875875875877,0.008091111567645087,2.6930875875875877,0.006657050892945421
2.7040985985985984,0.008419685202643645,2.7040985985985984,0.008006396064184816,2.7040985985985984,0.0065881928319479095
2.71510960960961,0.00833054295536628,2.71510960960961,0.00792252572004646,2.71510960960961,0.0065199535430787384
2.7261206206206205,0.008242308412032936,2.7261206206206205,0.007839494757389254,2.7261206206206205,0.006452331865594839
2.737131631631631,0.008154974900552994,2.737131631631631,0.0077572973147731,2.737131631631631,0.006385326432022843
2.7481426426426427,0.008068535676590391,2.7481426426426427,0.007675927453808562,2.7481426426426427,0.006318935678356851
2.7591536536536534,0.007982983930172542,2.7591536536536534,0.007595379165525959,2.7591536536536534,0.006253157853886665
2.770164664664665,0.00789831279201204,2.770164664664665,0.007515646376473785,2.770164664664665,0.006187991030667153
2.7811756756756756,0.007814515339545216,2.7811756756756756,0.0074367229545499475,2.7811756756756756,0.006123433112634493
2.7921866866866862,0.007731584602709151,2.7921866866866862,0.0073586027145862275,2.7921866866866862,0.006059481844388469
2.8031976976976978,0.007649513569455835,2.8031976976976978,0.007281279423684407,2.8031976976976978,0.005996134819642354
2.8142087087087084,0.007568295191019405,2.8142087087087084,0.007204746806319111,2.8142087087087084,0.005933389489355504
2.82521971971972,0.007487922386945529,2.82521971971972,0.007128998549215665,2.82521971971972,0.005871243169558268
2.8362307307307306,0.00740838804988779,2.8362307307307306,0.0070540283060076,2.8362307307307306,0.00580969304887575
2.8472417417417413,0.007329685050184283,2.8472417417417413,0.006979829701685921,2.8472417417417413,0.005748736195763347
2.858252752752753,0.007251806240222518,2.858252752752753,0.006906396336848009,2.858252752752753,0.005688369565463237
2.8692637637637635,0.0071747444585968465,2.8692637637637635,0.006833721791749657,2.8692637637637635,0.00562859000668762
2.880274774774775,0.007098492534069979,2.880274774774775,0.006761799630171422,2.880274774774775,0.005569394268040671
2.8912857857857857,0.0070230432893464735,2.8912857857857857,0.006690623403106472,2.8912857857857857,0.005510779004187932
2.9022967967967963,0.006948389544659856,2.9022967967967963,0.006620186652271411,2.9022967967967963,0.005452740781777181
2.913307807807808,0.006874524121190394,2.913307807807808,0.006550482913456173,2.913307807807808,0.0053952760851267555
2.9243188188188185,0.00680143984431038,2.9243188188188185,0.0064815057197099325,2.9243188188188185,0.0053383813216815205
2.93532982982983,0.00672912954666925,2.93532982982983,0.00641324860437454,2.93532982982983,0.005282052827248791
2.9463408408408407,0.0066575860711248465,2.9463408408408407,0.0063457051039715025,2.9463408408408407,0.005226286871021614
2.9573518518518513,0.00658680227352145,2.9573518518518513,0.006278868760942962,2.9573518518518513,0.005171079660392644
2.968362862862863,0.006516771025330161,2.968362862862863,0.006212733126261391,2.968362862862863,0.005116427345573122
2.9793738738738735,0.006447485216147666,2.9793738738738735,0.006147291761904228,2.9793738738738735,0.005062326024016557
2.990384884884885,0.006378937756064516,2.990384884884885,0.006082538243203871,2.990384884884885,0.005008771744658033
3.0013958958958957,0.0063111215779079735,3.0013958958958957,0.006018466161077876,3.0013958958958957,0.004955760511975705
3.0124069069069064,0.006244029639359567,3.0124069069069064,0.005955069124139339,3.0124069069069064,0.004903288289876798
3.023417917917918,0.006177654924961179,3.023417917917918,0.0058923407607006225,3.023417917917918,0.004851351005421315
3.0344289289289286,0.0061119904480054395,3.0344289289289286,0.005830274720666315,3.0344289289289286,0.004799944552382417
3.04543993993994,0.006047029252320235,3.04543993993994,0.005768864677324767,3.04543993993994,0.0047490647946533005
3.0564509509509508,0.005982764413951326,3.0564509509509508,0.005708104329041843,3.0564509509509508,0.004698707569505925
3.067461961961962,0.005919189042744195,3.067461961961962,0.005647987400858048,3.067461961961962,0.004648868690704551
3.078472972972973,0.005856296283832686,3.078472972972973,0.005588507645996095,3.078472972972973,0.0045995439514821
3.0894839839839836,0.0057940793190382365,3.0894839839839836,0.005529658847282572,3.0894839839839836,0.004550729127384327
3.100494994994995,0.005732531368180052,3.100494994994995,0.0054714348184838925,3.100494994994995,0.004502419978983984
3.111506006006006,0.0056716456903044745,3.111506006006006,0.005413829405564507,3.111506006006006,0.004454612254473468
3.122517017017017,0.005611415584832505,3.122517017017017,0.005356836487866223,3.122517017017017,0.004407301692136896
3.133528028028028,0.005551834392632304,3.133528028028028,0.0053004499792152155,3.133528028028028,0.004360484022708827
3.1445390390390386,0.005492895497019842,3.1445390390390386,0.005244663828959618,3.1445390390390386,0.004314154971623898
3.15555005005005,0.005434592324687528,3.15555005005005,0.005189472022937639,3.15555005005005,0.004268310261158899
3.166561061061061,0.005376918346568258,3.166561061061061,0.005134868584383125,3.166561061061061,0.004222945612474849
3.1775720720720724,0.005319867078633349,3.1775720720720724,0.005080847574767245,3.1775720720720724,0.004178056747559479
3.188583083083083,0.005263432082630519,3.188583083083083,0.0050274030945820294,3.188583083083083,0.004133639391076499
3.1995940940940937,0.0052076069667644715,3.1995940940940937,0.004974529284068252,3.1995940940940937,0.004089689272125262
3.210605105105105,0.005152385386319479,3.210605105105105,0.0049222203238870645,3.210605105105105,0.004046202125911747
3.221616116116116,0.005097761044230757,3.221616116116116,0.004870470435741785,3.221616116116116,0.004003173695337668
3.2326271271271274,0.005043727691602641,3.2326271271271274,0.004819273882948087,3.2326271271271274,0.003960599732507655
3.243638138138138,0.00499027912817928,3.243638138138138,0.004768624970957779,3.243638138138138,0.003918476000160087
3.2546491491491487,0.0049374092027696685,3.2546491491491487,0.004718518047838212,3.2546491491491487,0.0038767982730246427
3.2656601601601603,0.004885111813626335,3.2656601601601603,0.0046689475047063875,3.2656601601601603,0.0038355623391070817
3.276671171171171,0.004833380908783681,3.276671171171171,0.0046199077761236405,3.276671171171171,0.003794764000907245
3.2876821821821824,0.004782210486353863,3.2876821821821824,0.0045713933404488375,3.2876821821821824,0.0037543990765699035
3.298693193193193,0.00473159459478518,3.298693193193193,0.004523398720154819,3.298693193193193,0.003714463400973435
3.3097042042042037,0.004681527333084691,3.3097042042042037,0.004475918482109715,3.3097042042042037,0.0036749528267587686
3.3207152152152153,0.004632002851004013,3.3207152152152153,0.004428947237822183,3.3207152152152153,0.0036358632252989887
3.331726226226226,0.004583015349192605,3.331726226226226,0.00438247964365462,3.331726226226226,0.003597190487613902
3.3427372372372375,0.004534559079320003,3.3427372372372375,0.004336510401005763,3.3427372372372375,0.0035589305252318117
3.353748248248248,0.004486628344166152,3.353748248248248,0.00429103425646193,3.353748248248248,0.003521079270998778
3.364759259259259,0.004439217497683904,3.364759259259259,0.00424604600192067,3.364759259259259,0.003483632679839558
3.3757702702702703,0.004392320945035105,3.3757702702702703,0.004201540474688258,3.3757702702702703,0.0034465867294721834
3.386781281281281,0.004345933142598794,3.386781281281281,0.004157512557549676,3.386781281281281,0.003409937421075999
3.3977922922922925,0.004300048597956535,3.3977922922922925,0.004113957178815748,3.3977922922922925,0.0033736807799179184
3.408803303303303,0.004254661869852539,3.408803303303303,0.004070869312345296,3.408803303303303,0.003337812855935868
3.419814314314314,0.004209767568132344,3.419814314314314,0.0040282439775459165,3.419814314314314,0.003302329724283255
3.4308253253253254,0.004165360353661301,3.4308253253253254,0.0039860762393545005,3.4308253253253254,0.003267227485836144
3.441836336336336,0.004121434938221262,3.441836336336336,0.003944361208196097,3.441836336336336,0.0032325022676626793
3.4528473473473476,0.004077986084390024,3.4528473473473476,0.003903094039925347,3.4528473473473476,0.0031981502234590523
3.463858358358358,0.004035008605401135,3.463858358358358,0.0038622699357482573,3.463858358358358,0.0031641675339507992
3.474869369369369,0.003992497364987564,3.474869369369369,0.003821884142127709,3.474869369369369,0.0031305504072629145
3.4858803803803804,0.003950447277210089,3.4858803803803804,0.003781931950673504,3.4858803803803804,0.0030972950792600676
3.496891391391391,0.003908853306268912,3.496891391391391,0.0037424086980154415,3.496891391391391,0.0030643978138563863
3.5079024024024026,0.0038677104663025407,3.5079024024024026,0.0037033097656634564,3.5079024024024026,0.0030318549032986065
3.5189134134134132,0.003827013821171603,3.5189134134134132,0.003664630579852453,3.5189134134134132,0.002999662668421331
3.529924424424424,0.003786758484230706,3.529924424424424,0.003626366611374899,3.529924424424424,0.0029678174588774362
3.5409354354354354,0.0037469396180891314,3.5409354354354354,0.0035885133754019107,3.5409354354354354,0.0029363156533447387
3.551946446446446,0.003707552434358706,3.551946446446446,0.003551066431291262,3.551946446446446,0.0029051536597082357
3.5629574574574576,0.003668592193392618,3.5629574574574576,0.0035140213823859354,3.5629574574574576,0.002874327915221315
3.5739684684684683,0.003630054204012711,3.5739684684684683,0.0034773738758008444,3.5739684684684683,0.0028438348866445325
3.5849794794794794,0.0035919338232291063,3.5849794794794794,0.0034411196022014388,3.5849794794794794,0.0028136710703654403
3.5959904904904905,0.0035542264559496888,3.5959904904904905,0.0034052542955718425,3.5959904904904905,0.002783832992498022
3.607001501501501,0.003516927554682959,3.607001501501501,0.003369773732975858,3.607001501501501,0.002754317208964873
3.6180125125125127,0.003480032619232578,3.6180125125125127,0.003334673734309301,3.6180125125125127,0.0027251203055612926
3.6290235235235233,0.0034435371963842027,3.6290235235235233,0.003299950162044184,3.6290235235235233,0.00269623889800216
3.6400345345345344,0.0034074368795872427,3.6400345345345344,0.003265598920967287,3.6400345345345344,0.002667669631954037
3.6510455455455455,0.0033717273086291254,3.6510455455455455,0.003231615957910906,3.6510455455455455,0.002639409183051034
3.662056556556556,0.003336404169305457,3.662056556556556,0.0031979972614788435,3.662056556556556,0.002611454256897378
3.6730675675675677,0.0033014631930842714,3.6730675675675677,0.003164738861766144,3.6730675675675677,0.0025838015890557596
3.6840785785785783,0.003266900156764933,3.6840785785785783,0.0031318368300729425,3.6840785785785783,0.002556447945022143
3.6950895895895894,0.0032327108821341133,3.6950895895895894,0.0030992872786148352,3.6950895895895894,0.002529390120189272
3.7061006006006005,0.0031988912356164414,3.7061006006006005,0.0030670863602275003,3.7061006006006005,0.0025026249397974067
3.717111611611611,0.003165437127922965,3.717111611611611,0.0030352302680685364,3.717111611611611,0.002476149258874956
3.7281226226226227,0.003132344513695721,3.7281226226226227,0.0030037152353148966,3.7281226226226227,0.002449959962168016
3.7391336336336334,0.0030996093911487893,3.7391336336336334,0.0029725375348563406,3.7391336336336334,0.002424053964059419
3.7501446446446445,0.0030672278017080893,3.7501446446446445,0.0029416934789870167,3.7501446446446445,0.002398428208479295
3.7611556556556556,0.0030351958296476345,3.7611556556556556,0.0029111794190930336,3.7611556556556556,0.0023730796688056677
3.7721666666666662,0.003003509601725102,3.7721666666666662,0.002880991745338745,3.7721666666666662,0.0023480053477575582
3.7831776776776778,0.0029721652868150545,3.7831776776776778,0.002851126886350183,3.7831776776776778,0.002323202277279543
3.7941886886886884,0.0029411590955401522,3.7941886886886884,0.002821581308895948,3.7941886886886884,0.002298667518418297
3.8051996996996995,0.002910487279902414,3.8051996996996995,0.0027923515175675706,3.8051996996996995,0.0022743981611929353
3.8162107107107106,0.00288014613291231,3.8162107107107106,0.0027634340544571896,3.8162107107107106,0.0022503913244576674
3.8272217217217213,0.002850131988218482,3.8272217217217213,0.002734825498835272,3.8272217217217213,0.002226644155759163
3.838232732732733,0.002820441219735658,3.838232732732733,0.0027065224668260243,3.838232732732733,0.0022031538311869103
3.8492437437437435,0.002791070241273433,3.8492437437437435,0.0026785216110830757,3.8492437437437435,0.002179917555218908
3.8602547547547545,0.002762015506163706,3.8602547547547545,0.0026508196204633344,3.8602547547547545,0.002156932560561105
3.8712657657657656,0.0027332735068894606,3.8712657657657656,0.002623413219701568,3.8712657657657656,0.0021341961079829105
3.8822767767767763,0.0027048407747126725,3.8822767767767763,0.0025962991690836462,3.8822767767767763,0.0021117054861472155
3.893287787787788,0.0026767138793037824,3.893287787787788,0.0025694742641207092,3.893287787787788,0.0020894580114369943
3.9042987987987985,0.0026488894283711794,3.9042987987987985,0.0025429353352228942,3.9042987987987985,0.0020674510277774445
3.9153098098098096,0.0026213640672908987,3.9153098098098096,0.0025166792473726904,3.9153098098098096,0.0020456819064540105
3.9263208208208207,0.0025941344787382774,3.9263208208208207,0.00249070289979974,3.9263208208208207,0.0020241480459277615
3.9373318318318313,0.002567197382319569,3.9373318318318313,0.0024650032256550267,3.9373318318318313,0.002002846871646759
3.948342842842843,0.002540549534205747,3.948342842842843,0.002439577191686759,3.948342842842843,0.0019817758358552737
3.9593538538538535,0.0025141877267670283,3.9593538538538535,0.0024144217979164247,3.9593538538538535,0.0019609324173998615
3.9703648648648646,0.002488108788208289,3.9703648648648646,0.0023895340773152176,3.9703648648648646,0.0019403141215325514
3.9813758758758757,0.0024623095822069794,3.9813758758758757,0.002364911095482444,3.9813758758758757,0.001919918479712535
3.9923868868868864,0.0024367870075515936,3.9923868868868864,0.002340549950323966,3.9923868868868864,0.0018997430494049924
4.003397897897898,0.0024115379977829544,4.003397897897898,0.0023164477717329147,4.003397897897898,0.0018797854138788823
4.014408908908909,0.0023865595208361233,4.014408908908909,0.002292601721270576,4.014408908908909,0.0018600431820021792
4.025419919919919,0.0023618485786851898,4.025419919919919,0.0022690089918495798,4.025419919919919,0.001840513988036354
4.036430930930931,0.0023374022069889027,4.036430930930931,0.0022456668074174887,4.036430930930931,0.001821195491428664
4.047441941941941,0.0023132174747392733,4.047441941941941,0.002222572422642819,4.047441941941941,0.0018020853766040172
4.058452952952953,0.002289291483911773,4.058452952952953,0.002199723122602174,4.058452952952953,0.0017831813527554134
4.069463963963964,0.0022656213691177687,4.069463963963964,0.0021771162224691215,4.069463963963964,0.0017644811536335783
4.080474974974974,0.0022422042972593315,4.080474974974974,0.002154749067204951,4.080474974974974,0.0017459825373359866
4.091485985985986,0.0022190374671852142,4.091485985985986,0.0021326190312501657,4.091485985985986,0.0017276832860944292
4.102496996996996,0.0021961181093518587,4.102496996996996,0.0021107235182204072,4.102496996996996,0.0017095812060642114
4.113508008008007,0.002173443485483126,4.113508008008007,0.0020890599606007885,4.113508008008007,0.0016916741271101653
4.124519019019019,0.0021510108882351665,4.124519019019019,0.0020676258194447664,4.124519019019019,0.0016739599025945287
4.135530030030029,0.0021288176408627724,4.135530030030029,0.0020464185840741063,4.135530030030029,0.0016564364091639773
4.14654104104104,0.0021068610968874076,4.14654104104104,0.002025435771780056,4.14654104104104,0.0016391015465359636
4.1575520520520515,0.002085138639770308,4.1575520520520515,0.002004674927529065,4.1575520520520515,0.0016219532372871296
4.168563063063062,0.0020636476825846794,4.168563063063062,0.001984133623667272,4.168563063063062,0.0016049894266392036
4.179574074074074,0.0020423856676930825,4.179574074074074,0.001963809459629637,4.179574074074074,0.0015882080822471674
4.190585085085084,0.0020213500664265065,4.190585085085084,0.001943700061650368,4.190585085085084,0.001571607193987071
4.201596096096095,0.0020005383787653095,4.201596096096095,0.0019238030824747722,4.201596096096095,0.0015551847737436527
4.2126071071071065,0.0019799481330252137,4.2126071071071065,0.0019041162010756917,4.2126071071071065,0.0015389388552003527
4.223618118118117,0.0019595768855427214,4.223618118118117,0.0018846371223690149,4.223618118118117,0.00152286749362736
4.234629129129129,0.001939422220365665,4.234629129129129,0.001865363576933829,4.234629129129129,0.0015069687656722062
4.245640140140139,0.0019194817489456128,4.245640140140139,0.0018462933207340436,4.245640140140139,0.0014912407691504142
4.25665115115115,0.0018997531098322294,4.25665115115115,0.0018274241348415795,4.25665115115115,0.0014756816228363276
4.2676621621621615,0.0018802339683726779,4.2676621621621615,0.001808753825164104,4.2676621621621615,0.0014602894662565612
4.278673173173172,0.0018609220164106464,4.278673173173172,0.0017902802221721236,4.278673173173172,0.0014450624594819295
4.289684184184184,0.0018418149719904402,4.289684184184184,0.0017720011806306355,4.289684184184184,0.0014299987829221193
4.300695195195194,0.001822910579063022,4.300695195195194,0.0017539145793323782,4.300695195195194,0.0014150966371207112
4.311706206206205,0.0018042066071940715,4.311706206206205,0.001736018320832749,4.311706206206205,0.0014003542425507015
4.322717217217217,0.001785700851277005,4.322717217217217,0.0017183103311891948,4.322717217217217,0.00138576983941277
4.333728228228227,0.0017673911312457778,4.333728228228227,0.001700788559700143,4.333728228228227,0.001371341687432398
4.344739239239239,0.001749275291792657,4.344739239239239,0.0016834509786484327,4.344739239239239,0.0013570680656598457
4.355750250250249,0.0017313512020879886,4.355750250250249,0.0016662955830463984,4.355750250250249,0.001342947272270732
4.36676126126126,0.0017136167555020015,4.36676126126126,0.0016493203903826773,4.36676126126126,0.0013289776243672977
4.377772272272272,0.0016960698693314537,4.377772272272272,0.0016325234403733906,4.377772272272272,0.0013151574577825586
4.388783283283283,0.001678708484526205,4.388783283283283,0.001615902794713023,4.388783283283283,0.0013014851268835466
4.399794294294294,0.0016615305654206162,4.399794294294294,0.0015994565368296963,4.399794294294294,0.0012879590043775088
4.4108053053053045,0.00164453409946694,4.4108053053053045,0.001583182771642112,4.4108053053053045,0.0012745774811188622
4.421816316316315,0.0016277170969707774,4.421816316316315,0.0015670796253182571,4.421816316316315,0.0012613389659170307
4.432827327327327,0.0016110775908312054,4.432827327327327,0.001551145245038357,4.432827327327327,0.0012482418853471667
4.443838338338338,0.0015946136362809495,4.443838338338338,0.001535377798757641,4.443838338338338,0.001235284683560229
4.454849349349349,0.0015783233106312045,4.454849349349349,0.0015197754749733824,4.454849349349349,0.001222465822096025
4.4658603603603595,0.0015622047130183323,4.4658603603603595,0.001504336482493485,4.4658603603603595,0.0012097837796970433
4.476871371371371,0.0015462559641533397,4.476871371371371,0.001489059050207551,4.476871371371371,0.001197237052123866
4.487882382382382,0.0015304752060739785,4.487882382382382,0.0014739414268602616,4.487882382382382,0.0011848241519720087
4.498893393393393,0.0015148606018994862,4.498893393393393,0.0014589818808270663,4.498893393393393,0.0011725436084902615
4.509904404404404,0.0014994103355879206,4.509904404404404,0.0014441786998921871,4.509904404404404,0.0011603939674004957
4.5209154154154145,0.0014841226116960825,4.5209154154154145,0.0014295301910288952,4.5209154154154145,0.0011483737907189697
4.531926426426426,0.0014689956551420308,4.531926426426426,0.0014150346801820883,4.531926426426426,0.0011364816565791382
4.542937437437437,0.0014540277109701364,4.542937437437437,0.001400690512053113,4.542937437437437,0.0011247161590559624
4.553948448448448,0.001439217044118691,4.553948448448448,0.001386496049886856,4.553948448448448,0.001113075907991748
4.564959459459459,0.0014245619391900428,4.564959459459459,0.0013724496752610812,4.564959459459459,0.0011015595288234987
4.57597047047047,0.0014100607002232332,4.57597047047047,0.0013585497878779772,4.57597047047047,0.0010901656624117875
4.586981481481481,0.0013957116504691297,4.586981481481481,0.0013447948053579382,4.586981481481481,0.0010788929648711766
4.597992492492492,0.0013815131321680285,4.597992492492492,0.0013311831630355329,4.597992492492492,0.0010677401074021438
4.609003503503503,0.0013674635063297103,4.609003503503503,0.0013177133137576638,4.609003503503503,0.001056705776124565
4.620014514514514,0.0013535611525159403,4.620014514514514,0.0013043837276838998,4.620014514514514,0.0010457886719127166
4.631025525525525,0.0013398044686253666,4.631025525525525,0.001291192892088961,4.631025525525525,0.0010349875102318184
4.642036536536536,0.0013261918706808414,4.642036536536536,0.001278139311167341,4.642036536536536,0.0010243010209761093
4.653047547547547,0.0013127217926190936,4.653047547547547,0.001265221505840066,4.653047547547547,0.001013727948308455
4.664058558558558,0.0012993926860827747,4.664058558558558,0.0012524380135635427,4.664058558558558,0.001003267050501486
4.675069569569569,0.0012862030202148522,4.675069569569569,0.0012397873881405254,4.675069569569569,0.0009929170997802694
4.68608058058058,0.001273151281455291,4.68608058058058,0.001227268199533129,4.68608058058058,0.0009826768821664953
4.697091591591591,0.0012602359733400674,4.697091591591591,0.0012148790336779295,4.697091591591591,0.0009725451973241963
4.708102602602602,0.0012474556163024435,4.708102602602602,0.0012026184923030873,4.708102602602602,0.0009625208584069762
4.719113613613613,0.0012348087474764993,4.719113613613613,0.0011904851927475068,4.719113613613613,0.0009526026919067516
4.730124624624624,0.0012222939205029147,4.730124624624624,0.0011784777677820055,4.730124624624624,0.0009427895375040112
4.741135635635635,0.0012099097053369522,4.741135635635635,0.0011665948654324698,4.741135635635635,0.0009330802479195573
4.752146646646646,0.0011976546880586537,4.752146646646646,0.00115483514880499,4.752146646646646,0.0009234736887677665
4.763157657657657,0.0011855274706852016,4.763157657657657,0.0011431972959129492,4.763157657657657,0.0009139687384113194
4.774168668668668,0.0011735266709854406,4.774168668668668,0.001131679999506058,4.774168668668668,0.0009045642878174249
4.785179679679679,0.001161650922296535,4.785179679679679,0.0011202819669013082,4.785179679679679,0.0008952592404155156
4.79619069069069,0.0011498988733427396,4.79619069069069,0.0011090019198158308,4.79619069069069,0.0008860525119564098
4.807201701701701,0.0011382691880562682,4.807201701701701,0.0010978385942016456,4.807201701701701,0.0008769430303729356
4.818212712712712,0.001126760545400229,4.818212712712712,0.0010867907400822813,4.818212712712712,0.000867929735642006
4.829223723723723,0.0011153716391936205,4.829223723723723,0.00107585712139124,4.829223723723723,0.0008590115796481375
4.840234734734734,0.0011041011779383543,4.840234734734734,0.0010650365158123114,4.840234734734734,0.0008501875260484012
4.851245745745745,0.0010929478846482942,4.851245745745745,0.0010543277146216933,4.851245745745745,0.000841456550138802
4.862256756756756,0.0010819104966802852,4.862256756756756,0.001043729522531914,4.862256756756756,0.0008328176387220755
4.873267767767767,0.0010709877655671498,4.873267767767767,0.001033240757537542,4.873267767767767,0.0008242697899768855
4.8842787787787785,0.0010601784568526442,4.8842787787787785,0.0010228602507626572,4.8842787787787785,0.0008158120133284264
4.895289789789789,0.0010494813499283397,4.895289789789789,0.0010125868463100685,4.895289789789789,0.0008074433293204122
4.9063008008008,0.001038895237872411,4.9063008008008,0.0010024194011122648,4.9063008008008,0.000799162769488437
4.917311811811811,0.0010284189272903252,4.917311811811811,0.000992356784784082,4.917311811811811,0.0007909693762347136
4.928322822822822,0.0010180512381573882,4.928322822822822,0.0009823978794770466,4.928322822822822,0.0007828622027041576
4.9393338338338335,0.0010077910036631551,4.9393338338338335,0.0009725415797354302,4.9393338338338335,0.0007748403126618308
4.950344844844844,0.0009976370700576595,4.950344844844844,0.0009627867923539342,4.950344844844844,0.0007669027803717158
4.961355855855855,0.0009875882964994654,4.961355855855855,0.0009531324362370291,4.961355855855855,0.0007590486904768109
4.972366866866866,0.000977643554905499,4.972366866866866,0.0009435774422599289,4.972366866866866,0.0007512771378805545
4.983377877877877,0.000967801729802659,4.983377877877877,0.000934120753131161,4.983377877877877,0.0007435872276295402
4.9943888888888885,0.0009580617181811802,4.9943888888888885,0.0009247613232567411,4.9943888888888885,0.0007359780747975357
5.005399899899899,0.0009484224293497263,5.005399899899899,0.0009154981186059099,5.005399899899899,0.0007284488043707786
5.01641091091091,0.0009388827847922039,5.01641091091091,0.0009063301165784445,5.01641091091091,0.0007209985511345467
5.027421921921921,0.0009294417180262611,5.027421921921921,0.0008972563058735024,5.027421921921921,0.0007136264595609936
5.038432932932932,0.0009200981744634732,5.038432932932932,0.0008882756863599912,5.038432932932932,0.0007063316836982219
5.049443943943944,0.0009108511112711796,5.049443943943944,0.0008793872689484494,5.049443943943944,0.0006991133870606112
5.060454954954954,0.0009016994972359596,5.060454954954954,0.0008705900754644278,5.060454954954954,0.0006919707425203608
5.071465965965965,0.0008926423126287364,5.071465965965965,0.000861883138523329,5.071465965965965,0.000684902932200255
5.082476976976976,0.0008836785490714751,5.082476976976976,0.0008532655014067288,5.082476976976976,0.000677909147367634
5.093487987987987,0.0008748072094054648,5.093487987987987,0.0008447362179401254,5.093487987987987,0.0006709885883295569
5.104498998998999,0.000866027307561175,5.104498998998999,0.0008362943523721287,5.104498998998999,0.0006641404643291474
5.115510010010009,0.000857337868429654,5.115510010010009,0.0008279389792550523,5.115510010010009,0.0006573639934431138
5.12652102102102,0.0008487379277354544,5.12652102102102,0.0008196691833269128,5.12652102102102,0.0006506584024804263
5.1375320320320315,0.0008402265319110826,5.1375320320320315,0.0008114840593948019,5.1375320320320315,0.0006440229268821469
5.148543043043042,0.0008318027379729351,5.148543043043042,0.000803382712219631,5.148543043043042,0.0006374568106223934
5.159554054054054,0.0008234656133987133,5.159554054054054,0.0007953642564022209,5.159554054054054,0.0006309593061104375
5.170565065065064,0.0008152142360063055,5.170565065065064,0.0007874278162707323,5.170565065065064,0.000624529674093909
5.181576076076075,0.0008070476938341039,5.181576076076075,0.0007795725257694105,5.181576076076075,0.0006181671835631121
5.1925870870870865,0.0007989650850227621,5.1925870870870865,0.0007717975283486459,5.1925870870870865,0.0006118711116564353
5.203598098098097,0.0007909655176983495,5.203598098098097,0.0007641019768563117,5.203598098098097,0.0006056407435668393
5.214609109109109,0.0007830481098569089,5.214609109109109,0.0007564850334303894,5.214609109109109,0.0005994753724494209
5.225620120120119,0.0007752119892503891,5.225620120120119,0.0007489458693928474,5.225620120120119,0.0005933742993300356
5.23663113113113,0.0007674562932739356,5.23663113113113,0.00074148366514477,5.23663113113113,0.0005873368330149693
5.2476421421421415,0.0007597801688545397,5.2476421421421415,0.0007340976100627246,5.2476421421421415,0.0005813622900016544
5.258653153153152,0.0007521827723409987,5.258653153153152,0.000726786902396332,5.258653153153152,0.0005754499943904054
5.269664164164164,0.0007446632693952059,5.269664164164164,0.0007195507491670609,5.269664164164164,0.0005695992777971803
5.280675175175174,0.0007372208348847311,5.280675175175174,0.0007123883660681958,5.280675175175174,0.0005638094792673415
5.291686186186185,0.0007298546527766888,5.291686186186185,0.0007052989773659908,5.291686186186185,0.0005580799451904189
5.302697197197197,0.0007225639160328692,5.302697197197197,0.0006982818158019872,5.302697197197197,0.0005524100292158567
5.313708208208207,0.0007153478265061261,5.313708208208207,0.0006913361224964721,5.313708208208207,0.0005467990921697312
5.324719219219219,0.0007082055948380019,5.324719219219219,0.0006844611468530852,5.324719219219219,0.0005412465019724406
5.335730230230229,0.0007011364403575741,5.335730230230229,0.0006776561464645382,5.335730230230229,0.0005357516335573423
5.34674124124124,0.0006941395909815111,5.34674124124124,0.0006709203870194484,5.34674124124124,0.0005303138687903366
5.357752252252252,0.0006872142831153269,5.357752252252252,0.0006642531422102713,5.357752252252252,0.000524932596390387
5.368763263263262,0.0006803597615558008,5.368763263263262,0.0006576536936423106,5.368763263263262,0.000519607211850958
5.379774274274274,0.0006735752793945843,5.379774274274274,0.0006511213307438089,5.379774274274274,0.0005143371173623721
5.3907852852852844,0.000666860097922941,5.3907852852852844,0.0006446553506770845,5.3907852852852844,0.0005091217217350656
5.401796296296295,0.0006602134865376307,5.401796296296295,0.0006382550582507291,5.401796296296295,0.0005039604403237404
5.412807307307307,0.0006536347226479232,5.412807307307307,0.0006319197658328239,5.412807307307307,0.0004988526949524013
5.423818318318317,0.0006471230915837111,5.423818318318317,0.0006256487932651916,5.423818318318317,0.0004937979138402591
5.434829329329329,0.0006406778865047293,5.434829329329329,0.0006194414677786474,5.434829329329329,0.0004887955315285091
5.4458403403403395,0.0006342984083108523,5.4458403403403395,0.0006132971239092527,5.4458403403403395,0.0004838449888079537
5.45685135135135,0.000627983965553467,5.45685135135135,0.0006072151034155514,5.45685135135135,0.000478945732647475
5.467862362362362,0.0006217338743478984,5.467862362362362,0.0006011947551967868,5.467862362362362,0.0004740972161233444
5.478873373373372,0.0006155474582868827,5.478873373373372,0.0005952354352120709,5.478873373373372,0.0004692988983493519
5.489884384384384,0.0006094240483550714,5.489884384384384,0.0005893365064005123,5.489884384384384,0.0004645502444077587
5.5008953953953945,0.0006033629828445079,5.5008953953953945,0.000583497338602237,5.5008953953953945,0.0004598507252810145
5.511906406406406,0.0005973636072714028,5.511906406406406,0.0005777173084806126,5.511906406406406,0.0004551998177845004
5.522917417417417,0.0005914252742931723,5.522917417417417,0.0005719957994446932,5.522917417417417,0.00045059700449950185
5.533928428428427,0.0005855473436274354,5.533928428428427,0.0005663322015735039,5.533928428428427,0.0004460417737077021
5.544939439439439,0.000579729181971251,5.544939439439439,0.0005607259115405237,5.544939439439439,0.0004415336193258946
5.5559504504504496,0.0005739701629215581,5.5559504504504496,0.000555176332539282,5.5559504504504496,0.000437072040841643
5.566961461461461,0.0005682696668967958,5.566961461461461,0.0005496828742100573,5.566961461461461,0.000432656543249867
5.577972472472472,0.0005626270810587631,5.577972472472472,0.0005442449525667646,5.577972472472472,0.00042828663698964956
5.588983483483482,0.0005570417992363262,5.588983483483482,0.0005388619899255934,5.588983483483482,0.0004239618378824787
5.599994494494494,0.000551513221849351,5.599994494494494,0.000533533414833819,5.599994494494494,0.00041968166707069754
5.611005505505505,0.0005460407558337633,5.611005505505505,0.000528258661999668,5.611005505505505,0.00041544565095684097
5.622016516516516,0.0005406238145677266,5.622016516516516,0.0005230371722232241,5.622016516516516,0.0004112533211438592
5.633027527527527,0.00053526181779803,5.633027527527527,0.0005178683923275028,5.633027527527527,0.00040710421437553516
5.644038538538537,0.0005299541915682334,5.644038538538537,0.0005127517750911832,5.644038538538537,0.0004029978724782695
5.655049549549549,0.0005247003681470102,5.655049549549549,0.000507686779181499,5.655049549549549,0.00039893384230304976
5.66606056056056,0.0005194997859575534,5.66606056056056,0.0005026728690881214,5.66606056056056,0.0003949116756682651
5.677071571571571,0.0005143518895080379,5.677071571571571,0.0004977095150580218,5.677071571571571,0.0003909309293033527
5.688082582582582,0.0005092561293222711,5.688082582582582,0.000492796193030493,5.688082582582582,0.00038699116479262686
5.6990935935935925,0.0005042119618720045,5.6990935935935925,0.0004879323845737322,5.6990935935935925,0.0003830919485204012
5.710104604604604,0.0004992188495094274,5.710104604604604,0.0004831175768215733,5.710104604604604,0.0003792328516162797
5.721115615615615,0.0004942762604006601,5.721115615615615,0.00047835126241114697,5.721115615615615,0.00037541344990124956
5.732126626626626,0.00048938366846024,5.732126626626626,0.0004736329394214769,5.732126626626626,0.00037163332383455727
5.743137637637637,0.0004845405532857849,5.743137637637637,0.00046896211131220507,5.743137637637637,0.0003678920584607499
5.7541486486486475,0.00047974640009422237,5.7541486486486475,0.00046433828686380887,5.7541486486486475,0.00036418924335794735
5.765159659659659,0.0004750006996581805,5.765159659659659,0.0004597609801179376,5.765159659659659,0.000360524472586266
5.77617067067067,0.00047030294824332796,5.77617067067067,0.0004552297103186417,5.77617067067067,0.00035689734463699663
5.787181681681681,0.00046565264754664607,5.787181681681681,0.00045074400185446905,5.787181681681681,0.0003533074623825273
5.798192692692692,0.0004610493046348594,5.798192692692692,0.00044630338420068656,5.798192692692692,0.00034975443302641537
5.8092037037037025,0.0004564924318843489,5.8092037037037025,0.0004419073918629087,5.8092037037037025,0.00034623786805462324
5.820214714714714,0.00045198154692121183,5.820214714714714,0.00043755556432083643,5.820214714714714,0.00034275738318689515
5.831225725725725,0.00044751617256221486,5.831225725725725,0.00043324744597283483,5.831225725725725,0.00033931259832884646
5.842236736736736,0.00044309583675662277,5.842236736736736,0.00042898258608132925,5.842236736736736,0.00033590313752475165
5.853247747747747,0.00043872007252817626,5.853247747747747,0.00042476053871831555,5.853247747747747,0.0003325286289104756
5.864258758758758,0.00043438841791846694,5.864258758758758,0.0004205808627122001,5.864258758758758,0.00032918870466750074
5.875269769769769,0.0004301004159304447,5.875269769769769,0.00041644312159474,5.875269769769769,0.0003258830009770853
5.88628078078078,0.00042585561447276927,5.88628078078078,0.00041234688354877,5.88628078078078,0.0003226111579750956
5.897291791791791,0.00042165356630498416,5.897291791791791,0.000408291721356707,5.897291791791791,0.0003193728197074939
5.908302802802802,0.00041749382898282695,5.908302802802802,0.00040427721234915386,5.908302802802802,0.00031616763408596213
5.919313813813813,0.0004133759648048597,5.919313813813813,0.00040030293835476136,5.919313813813813,0.0003129952528445585
5.930324824824824,0.0004092995407592194,5.930324824824824,0.00039636848565017917,5.930324824824824,0.000309855331496497
5.941335835835835,0.00040526412847119377,5.941335835835835,0.0003924734449107821,5.941335835835835,0.00030674752929158464
5.952346846846846,0.00040126930415138224,5.952346846846846,0.0003886174111619395,5.952346846846846,0.00030367150917413394
5.963357857857857,0.0003973146485444608,5.963357857857857,0.00038479998373084506,5.963357857857857,0.00030062693774136315
5.974368868868868,0.0003933997468785498,5.974368868868868,0.0003810207661989088,5.974368868868868,0.00029761348520228765
5.985379879879879,0.0003895241888151751,5.985379879879879,0.00037727936635469864,5.985379879879879,0.00029463082533708805
5.99639089089089,0.0003856875683998142,5.99639089089089,0.00037357539614742694,5.99639089089089,0.0002916786354569538
6.007401901901901,0.00038188948401302037,6.007401901901901,0.0003699084716409761,6.007401901901901,0.0002887565963643985
6.018412912912912,0.00037812953832208965,6.018412912912912,0.0003662782129684245,6.018412912912912,0.00028586439231401085
6.029423923923924,0.000374407338233474,6.029423923923924,0.00036268424428727937,6.029423923923924,0.000283001710973806
6.040434934934934,0.00037072249484529525,6.040434934934934,0.0003591261937347798,6.040434934934934,0.00028016824338668105
6.051445945945945,0.0003670746234010209,6.051445945945945,0.0003556036933843083,6.051445945945945,0.00027736368393277975
6.062456956956956,0.0003634633432432247,6.062456956956956,0.0003521163792018639,6.062456956956956,0.00027458773029195285
6.073467967967967,0.0003598882777680407,6.073467967967967,0.0003486638910031834,6.073467967967967,0.00027184008340677
6.084478978978979,0.0003563490543802897,6.084478978978979,0.00034524587241149975,6.084478978978979,0.00026912044744607284
6.095489989989989,0.000352845304448698,6.095489989989989,0.0003418619708153647,6.095489989989989,0.0002664285297686249
6.106501001001,0.0003493766632622098,6.106501001001,0.00033851183732751564,6.106501001001,0.0002637640408876184
6.1175120120120114,0.0003459427699863832,6.1175120120120114,0.00033519512674380175,6.1175120120120114,0.00026112669443527337
6.128523023023022,0.00034254326762043043,6.128523023023022,0.00033191149750271844,6.128523023023022,0.0002585162071279509
6.139534034034034,0.0003391778029548995,6.139534034034034,0.00032866061164554166,6.139534034034034,0.0002559322987317824
6.150545045045044,0.0003358460265294335,6.150545045045044,0.00032544213477652117,6.150545045045044,0.0002533746920283824
6.161556056056055,0.00033254759259156744,6.161556056056055,0.00032225573602406296,6.161556056056055,0.00025084311278137587
6.1725670670670665,0.0003292821590555966,6.1725670670670665,0.00031910108800195904,6.1725670670670665,0.00024833728970300665
6.183578078078077,0.0003260493874620545,6.183578078078077,0.00031597786677119486,6.183578078078077,0.00024585695442123326
6.194589089089089,0.0003228489429377937,6.194589089089089,0.00031288575180232265,6.194589089089089,0.00024340184144730883
6.205600100100099,0.00031968049415613905,6.205600100100099,0.00030982442593788505,6.205600100100099,0.0002409716881434389
6.21661111111111,0.00031654371329801643,6.21661111111111,0.0003067935753557728,6.21661111111111,0.00023856623469121027
6.2276221221221215,0.0003134382760131499,6.2276221221221215,0.00030379288953263114,6.2276221221221215,0.00023618522406008998
6.238633133133132,0.00031036386138183275,6.238633133133132,0.00030082206120780045,6.238633133133132,0.00023382840197638818
6.249644144144144,0.0003073201518772643,6.249644144144144,0.0002978807863477998,6.249644144144144,0.0002314955168926756
6.260655155155154,0.0003043068333279516,6.260655155155154,0.0002949687641108496,6.260655155155154,0.00022918631995727135
6.271666166166165,0.00030132359488103987,6.271666166166165,0.0002920856968122801,6.271666166166165,0.00022690056498446076
6.2826771771771766,0.00029837012896569327,6.2826771771771766,0.00028923128988998066,6.2826771771771766,0.00022463800842477776
6.293688188188187,0.00029544613125702407,6.293688188188187,0.00028640525187035573,6.293688188188187,0.00022239840933572193
6.304699199199199,0.000292551300640556,6.304699199199199,0.00028360729433479163,6.304699199199199,0.00022018152935290695
6.315710210210209,0.0002896853391767388,6.315710210210209,0.00028083713188615416,6.315710210210209,0.00021798713266127278
6.32672122122122,0.0002868479520663466,6.32672122122122,0.00027809448211613233,6.32672122122122,0.0002158149859669862
6.337732232232232,0.00028403884761591996,6.337732232232232,0.00027537906557260666,6.337732232232232,0.0002136648584694015
6.348743243243242,0.0002812577372037213,6.348743243243242,0.0002726906057275062,6.348743243243242,0.00021153652183343146
6.359754254254254,0.000278504335246199,6.359754254254254,0.00027002882894513927,6.359754254254254,0.00020942975016232423
6.370765265265264,0.000275778359164492,6.370765265265264,0.0002673934644505562,6.370765265265264,0.00020734431997049754
6.381776276276275,0.0002730795293517726,6.381776276276275,0.0002647842442987083,6.381776276276275,0.0002052800101570259
6.392787287287287,0.00027040756914062874,6.392787287287287,0.0002622009033436305,6.392787287287287,0.00020323660197918043
6.403798298298297,0.00026776220477092667,6.403798298298297,0.0002596431792080822,6.403798298298297,0.00020121387902635678
6.414809309309309,0.00026514316535815525,6.414809309309309,0.00025711081225363936,6.414809309309309,0.00019921162719438483
6.4258203203203195,0.0002625501828618078,6.4258203203203195,0.0002546035455508075,6.4258203203203195,0.00019722963465989164
6.43683133133133,0.00025998299205455197,6.43683133133133,0.00025212112484989595,6.43683133133133,0.00019526769185528134
6.447842342342342,0.00025744133049143735,6.447842342342342,0.00024966329855190603,6.447842342342342,0.0001933255914437616
6.458853353353352,0.0002549249384795549,6.458853353353352,0.0002472298176798538,6.458853353353352,0.0001914031282947383
6.469864364364364,0.0002524335590481519,6.469864364364364,0.0002448204358505179,6.469864364364364,0.00018950009945956864
6.4808753753753745,0.0002499669379187765,6.4808753753753745,0.00024243490924620738,6.4808753753753745,0.0001876163041473628
6.491886386386385,0.00024752482347617223,6.491886386386385,0.00024007299658724364,6.491886386386385,0.00018575154370136911
6.502897397397397,0.0002451069667392,6.502897397397397,0.00023773445910446167,6.502897397397397,0.00018390562157540247
6.513908408408407,0.0002427131213321927,6.513908408408407,0.0002354190605121135,6.513908408408407,0.00018207834331061704
6.524919419419419,0.000240343043456732,6.524919419419419,0.0002331265669811787,6.524919419419419,0.00018026951651262118
6.5359304304304295,0.0002379964918634383,6.5359304304304295,0.00023085674711266767,6.5359304304304295,0.0001784789508286178
6.54694144144144,0.0002356732278245813,6.54694144144144,0.0002286093719117187,6.54694144144144,0.00017670645792518667
6.557952452452452,0.00023337301510642576,6.557952452452452,0.00022638421476142538,6.557952452452452,0.00017495185146588634
6.568963463463462,0.00023109561994237186,6.568963463463462,0.00022418105139741914,6.568963463463462,0.00017321494708947188
6.579974474474474,0.00022884081100620562,6.579974474474474,0.00022199965988255866,6.579974474474474,0.00017149556238821713
6.590985485485485,0.00022660835938546913,6.590985485485485,0.00021983982058171742,6.590985485485485,0.0001697935168863471
6.601996496496495,0.000224398038555598,6.601996496496495,0.00021770131613730817,6.601996496496495,0.0001681086320190628
6.613007507507507,0.0002222096243537961,6.613007507507507,0.00021558393144454556,6.613007507507507,0.0001664407311113924
6.624018518518517,0.00022004289495366564,6.624018518518517,0.00021348745362742935,6.624018518518517,0.00016478963935762602
6.635029529529529,0.00021789763083994071,6.635029529529529,0.00021141167201481928,6.635029529529529,0.00016315518380084773
6.64604054054054,0.00021577361478333177,6.64604054054054,0.0002093563781166085,6.64604054054054,0.0001615371933125694
6.65705155155155,0.00021367063181609213,6.65705155155155,0.00020732136560058968,6.65705155155155,0.00015993549857292656
6.668062562562562,0.00021158846920733924,6.668062562562562,0.00020530643026907361,6.668062562562562,0.00015834993205070575
6.6790735735735725,0.00020952691643908675,6.6790735735735725,0.00020331137003618775,6.6790735735735725,0.0001567803279839267
6.690084584584584,0.000207485765182374,6.690084584584584,0.0002013359849052617,6.690084584584584,0.00015522652236051246
6.701095595595595,0.00020546480927349667,6.701095595595595,0.0001993800769463032,6.701095595595595,0.0001536883528990556
6.712106606606605,0.0002034638446909259,6.712106606606605,0.0001974434502741319,6.712106606606605,0.00015216565903011737
6.723117617617617,0.00020148266953198558,6.723117617617617,0.0001955259110262722,6.723117617617617,0.0001506582818773632
6.7341286286286275,0.00019952108399020891,6.7341286286286275,0.00019362726734149604,6.7341286286286275,0.0001491660642392245
6.745139639639639,0.00019757889033278039,6.745139639639639,0.00019174732933844077,6.745139639639639,0.00014768885057064242
6.75615065065065,0.0001956558928780757,6.75615065065065,0.00018988590909431365,6.75615065065065,0.0001462264869649007
6.76716166166166,0.0001937518979738502,6.76716166166166,0.00018804282062422084,6.76716166166166,0.00014477882113596267
6.778172672672672,0.0001918667139751995,6.778172672672672,0.00018621787986026285,6.778172672672672,0.0001433457024006528
6.7891836836836825,0.00019000015122315814,6.7891836836836825,0.00018441090463124663,6.7891836836836825,0.0001419269816613347
6.800194694694694,0.0001881520220233838,6.800194694694694,0.0001826217146424696,6.800194694694694,0.00014052251138866578
6.811205705705705,0.0001863221406249261,6.811205705705705,0.0001808501314555811,6.811205705705705,0.00013913214560443664
6.822216716716715,0.000184510323199615,6.822216716716715,0.00017909597846903615,6.822216716716715,0.00013775573986488484
6.833227727727727,0.00018271638782122634,6.833227727727727,0.0001773590808983274,6.833227727727727,0.00013639315124386195
6.844238738738738,0.00018094015444527123,6.844238738738738,0.00017563926575681364,6.844238738738738,0.00013504423831648042
6.855249749749749,0.00017918144488877192,6.855249749749749,0.0001739363618365312,6.855249749749749,0.0001337088611427674
6.86626076076076,0.00017744008281033878,6.86626076076076,0.00017225019968928847,6.86626076076076,0.00013238688125155853
6.87727177177177,0.00017571589369054215,6.87727177177177,0.00017058061160804073,6.87727177177177,0.00013107816162462687
6.888282782782782,0.00017400870481228754,6.888282782782782,0.0001689274316082617,6.888282782782782,0.00012978256668083057
6.899293793793793,0.0001723183452416955,6.899293793793793,0.00016729049540979877,6.899293793793793,0.00012849996226065244
6.910304804804804,0.00017064464580898278,6.910304804804804,0.00016566964041872336,6.910304804804804,0.00012723021561075377
6.921315815815815,0.0001689874390896246,6.921315815815815,0.00016406470570944697,6.921315815815815,0.00012597319536875593
6.932326826826825,0.000167346559385799,6.932326826826825,0.00016247553200710542,6.932326826826825,0.00012472877154824308
6.943337837837837,0.0001657218427078308,6.943337837837837,0.00016090196166993682,6.943337837837837,0.00012349681552378266
6.954348848848848,0.0001641131267561132,6.954348848848848,0.00015934383867211724,6.954348848848848,0.00012227720001631488
6.965359859859859,0.00016252025090303002,6.965359859859859,0.000157801008586591,6.965359859859859,0.00012106979907855627
6.97637087087087,0.00016094305617514427,6.97637087087087,0.00015627331856815256,6.97637087087087,0.00011987448808061755
6.9873818818818805,0.00015938138523564975,6.9873818818818805,0.00015476061733678124,6.9873818818818805,0.00011869114369583074
6.998392892892892,0.00015783508236682497,6.998392892892892,0.0001532627551609685,6.998392892892892,0.00011751964388659049
7.009403903903903,0.00015630399345293672,7.009403903903903,0.00015177958384147958,7.009403903903903,0.00011635986789054695
7.020414914914914,0.00015478796596314441,7.020414914914914,0.00015031095669510783,7.020414914914914,0.00011521169620680975
7.031425925925925,0.00015328684893465346,7.031425925925925,0.00014885672853866795,7.031425925925925,0.00011407501058235318
7.0424369369369355,0.0001518004929561218,7.0424369369369355,0.00014741675567322743,7.0424369369369355,0.00011294969399862123
7.053447947947947,0.0001503287501510491,7.053447947947947,0.0001459908958683173,7.053447947947947,0.00011183563065813469
7.064458958958959,0.00014887147416167053,7.064458958958959,0.00014457900834662782,7.064458958958959,0.00011073270597148523
7.075469969969969,0.0001474285201326627,7.075469969969969,0.00014318095376851512,7.075469969969969,0.00010964080654420345
7.08648098098098,0.00014599974469533308,7.08648098098098,0.00014179659421697407,7.08648098098098,0.00010855982016399885
7.0974919919919905,0.00014458500595186067,7.0974919919919905,0.0001404257931826552,7.0974919919919905,0.000107489635788051
7.108503003003002,0.0001431841634595964,7.108503003003002,0.00013906841554893484,7.108503003003002,0.00010643014353035767
7.119514014014014,0.00014179707821582762,7.119514014014014,0.0001377243275774316,7.119514014014014,0.00010538123464943943
7.130525025025024,0.0001404236126423635,7.130525025025024,0.00013639339689334187,7.130525025025024,0.00010434280153592406
7.141536036036035,0.0001390636305705768,7.141536036036035,0.0001350754924712187,7.141536036036035,0.00010331473770048268
7.1525470470470465,0.00013771699722649666,7.1525470470470465,0.00013377048462079005,7.1525470470470465,0.00010229693776181473
7.163558058058057,0.0001363835792159533,7.163558058058057,0.00013247824497282753,7.163558058058057,0.000101289297434684
7.174569069069069,0.00013506324451016533,7.174569069069069,0.00013119864646543748,7.174569069069069,0.00010029171351829529
7.185580080080079,0.00013375586243115318,7.185580080080079,0.00012993156333018026,7.185580080080079,9.930408388455239e-05
7.19659109109109,0.0001324613036375883,7.19659109109109,0.00012867687107860805,7.19659109109109,9.832630746665272e-05
7.2076021021021015,0.00013117944011068603,7.2076021021021015,0.00012743444648884137,7.2076021021021015,9.735828424772498e-05
7.218613113113112,0.00012991014514014985,7.218613113113112,0.00012620416759219017,7.218613113113112,9.63999152495157e-05
7.229624124124124,0.00012865329331053385,7.229624124124124,0.00012498591366017753,7.229624124124124,9.545110252139778e-05
7.240635135135134,0.000127408760487438,7.240635135135134,0.00012377956519139807,7.240635135135134,9.451174912926622e-05
7.251646146146145,0.00012617642380411773,7.251646146146145,0.00012258500389877261,7.251646146146145,9.358175914475182e-05
7.2626571571571565,0.00012495616164813486,7.2626571571571565,0.00012140211269684068,7.2626571571571565,9.266103763447602e-05
7.273668168168167,0.0001237478536480537,7.273668168168167,0.00012023077568909217,7.273668168168167,9.17494906493499e-05
7.284679179179179,0.00012255138066053547,7.284679179179179,0.00011907087815568257,7.284679179179179,9.084702521418001e-05
7.295690190190189,0.00012136662475727248,7.295690190190189,0.00011792230654098868,7.295690190190189,8.995354931716476e-05
7.3067012012012,0.00012019346921231578,7.3067012012012,0.0001167849484415423,7.3067012012012,8.906897189969273e-05
7.317712212212212,0.000119031798489439,7.317712212212212,0.00011565869259399605,7.317712212212212,8.819320284617939e-05
7.328723223223222,0.00011788149822954659,7.328723223223222,0.0001145434288631283,7.328723223223222,8.732615297394479e-05
7.339734234234234,0.0001167424552384584,7.339734234234234,0.00011343904823021047,7.339734234234234,8.646773402338175e-05
7.350745245245244,0.00011561455747454168,7.350745245245244,0.00011234544278122211,7.350745245245244,8.561785864802004e-05
7.361756256256255,0.00011449769403671503,7.361756256256255,0.00011126250569542438,7.361756256256255,8.47764404048758e-05
7.372767267267267,0.00011339175515248756,7.372767267267267,0.00011019013123396364,7.372767267267267,8.394339374483744e-05
7.383778278278277,0.00011229663216603787,7.383778278278277,0.00010912821472851153,7.383778278278277,8.311863400308941e-05
7.394789289289289,0.00011121221752665082,7.394789289289289,0.0001080766525702477,7.394789289289289,8.23020773898111e-05
7.4058003003002995,0.00011013840477700767,7.4058003003002995,0.0001070353421986985,7.4058003003002995,8.14936409807768e-05
7.41681131131131,0.00010907508854182972,7.41681131131131,0.00010600418209091457,7.41681131131131,8.06932427082255e-05
7.427822322322322,0.00010802216451655412,7.427822322322322,0.00010498307175067737,7.427822322322322,7.99008013517645e-05
7.438833333333332,0.0001069795294560463,7.438833333333332,0.0001039719116977378,7.438833333333332,7.911623652930922e-05
7.449844344344344,0.00010594708116365323,7.449844344344344,0.00010297060345738267,7.449844344344344,7.833946868828256e-05
7.4608553553553545,0.00010492471848011457,7.4608553553553545,0.00010197904954986059,7.4608553553553545,7.757041909672075e-05
7.471866366366365,0.00010391234127281006,7.471866366366365,0.00010099715348013113,7.471866366366365,7.680900983463395e-05
7.482877377377377,0.00010290985042503734,7.482877377377377,0.00010002481972764114,7.482877377377377,7.605516378539959e-05
7.493888388388387,0.00010191714782532255,7.493888388388387,9.906195373612887e-05,7.493888388388387,7.53088046271875e-05
7.504899399399399,0.00010093413635705456,7.504899399399399,9.810846190374132e-05,7.504899399399399,7.456985682463403e-05
7.5159104104104095,9.996071988798403e-05,7.5159104104104095,9.716425157301614e-05,7.5159104104104095,7.383824562042314e-05
7.52692142142142,9.899680326004107e-05,7.52692142142142,9.622923102117057e-05,7.52692142142142,7.31138970271121e-05
7.537932432432432,9.804229227918036e-05,7.537932432432432,9.530330945041517e-05,7.537932432432432,7.239673781898575e-05
7.548943443443442,9.709709370525784e-05,7.548943443443442,9.438639697829378e-05,7.548943443443442,7.168669552394148e-05
7.559954454454454,9.616111524221409e-05,7.559954454454454,9.347840462832117e-05,7.559954454454454,7.098369841560936e-05
7.570965465465465,9.523426552811968e-05,7.570965465465465,9.257924432048176e-05,7.570965465465465,7.028767550537848e-05
7.581976476476475,9.431645412557121e-05,7.581976476476475,9.168882886206799e-05,7.581976476476475,6.959855653468889e-05
7.592987487487487,9.340759151199503e-05,7.592987487487487,9.080707193842555e-05,7.592987487487487,6.891627196726463e-05
7.603998498498497,9.250758907013547e-05,7.603998498498497,8.9933888103876e-05,7.603998498498497,6.824075298148956e-05
7.615009509509509,9.161635907871843e-05,7.615009509509509,8.906919277280721e-05,7.615009509509509,6.757193146292057e-05
7.62602052052052,9.073381470302942e-05,7.62602052052052,8.821290221067778e-05,7.62602052052052,6.690973999674532e-05
7.63703153153153,8.985986998581624e-05,7.63703153153153,8.736493352533474e-05,7.63703153153153,6.625411186048652e-05
7.648042542542542,8.899443983810307e-05,7.648042542542542,8.652520465824383e-05,7.648042542542542,6.560498101664879e-05
7.659053553553552,8.813744003018071e-05,7.659053553553552,8.569363437588675e-05,7.659053553553552,6.496228210550185e-05
7.670064564564564,8.728878718276164e-05,7.670064564564564,8.487014226131744e-05,7.670064564564564,6.432595043799334e-05
7.681075575575575,8.644839875805323e-05,7.681075575575575,8.405464870563727e-05,7.681075575575575,6.369592198860802e-05
7.692086586586585,8.561619305113983e-05,7.692086586586585,8.324707489976588e-05,7.692086586586585,6.307213338846134e-05
7.703097597597597,8.479208918128005e-05,7.703097597597597,8.244734282612982e-05,7.703097597597597,6.245452191833781e-05
7.7141086086086075,8.397600708336925e-05,7.7141086086086075,8.165537525050849e-05,7.7141086086086075,6.184302550185852e-05
7.725119619619619,8.316786749956089e-05,7.725119619619619,8.087109571403193e-05,7.725119619619619,6.123758269877122e-05
7.73613063063063,8.236759197080733e-05,7.73613063063063,8.009442852509929e-05,7.73613063063063,6.063813269818905e-05
7.74714164164164,8.157510282869474e-05,7.74714164164164,7.932529875158013e-05,7.74714164164164,6.004461531205193e-05
7.758152652652652,8.079032318719671e-05,7.758152652652652,7.856363221293517e-05,7.758152652652652,5.945697096853468e-05
7.7691636636636625,8.001317693458457e-05,7.7691636636636625,7.78093554724872e-05,7.7691636636636625,5.8875140705577135e-05
7.780174674674674,7.924358872548759e-05,7.780174674674674,7.706239582983567e-05,7.780174674674674,5.829906616453142e-05
7.791185685685685,7.84814839728775e-05,7.791185685685685,7.632268131319558e-05,7.791185685685685,5.7728689583758775e-05
7.802196696696695,7.772678884033638e-05,7.802196696696695,7.559014067201044e-05,7.802196696696695,5.716395379244304e-05
7.813207707707707,7.697943023421144e-05,7.813207707707707,7.486470336945283e-05,7.813207707707707,5.6604802204325024e-05
7.8242187187187175,7.623933579601049e-05,7.8242187187187175,7.414629957515687e-05,7.8242187187187175,5.6051178811621836e-05
7.835229729729729,7.550643389481512e-05,7.835229729729729,7.343486015796718e-05,7.835229729729729,5.550302817896466e-05
7.84624074074074,7.478065361971492e-05,7.84624074074074,7.273031667870495e-05,7.84624074074074,5.496029543735783e-05
7.85725175175175,7.40619247724741e-05,7.85725175175175,7.203260138315911e-05,7.85725175175175,5.442292627831524e-05
7.868262762762762,7.335017786009465e-05,7.868262762762762,7.134164719497499e-05,7.868262762762762,5.38908669479263e-05
7.879273773773773,7.26453440876096e-05,7.879273773773773,7.065738770876487e-05,7.879273773773773,5.336406424109697e-05
7.890284784784784,7.194735535089196e-05,7.890284784784784,6.997975718323162e-05,7.890284784784784,5.284246549580802e-05
7.901295795795795,7.125614422948285e-05,7.901295795795795,6.930869053431038e-05,7.901295795795795,5.2326018587393486e-05
7.912306806806805,7.05716439796413e-05,7.912306806806805,6.864412332852261e-05,7.912306806806805,5.181467192298683e-05
7.923317817817817,6.989378852729418e-05,7.923317817817817,6.798599177623264e-05,7.923317817817817,5.130837443590023e-05
7.934328828828828,6.92225124612049e-05,7.934328828828828,6.733423272511472e-05,7.934328828828828,5.0807075580169656e-05
7.945339839839839,6.855775102615697e-05,7.945339839839839,6.668878365363295e-05,7.945339839839839,5.031072532511634e-05
7.95635085085085,6.789944011615512e-05,7.95635085085085,6.604958266453651e-05,7.95635085085085,4.981927414992649e-05
7.9673618618618605,6.724751626783653e-05,7.9673618618618605,6.541656847855825e-05,7.9673618618618605,4.933267303839087e-05
7.978372872872872,6.660191665378723e-05,7.978372872872872,6.478968042801877e-05,7.978372872872872,4.885087347357966e-05
7.989383883883883,6.596257907606588e-05,7.989383883883883,6.416885845063137e-05,7.989383883883883,4.8373827432675524e-05
8.000394894894894,6.532944195974185e-05,8.000394894894894,6.35540430833183e-05,8.000394894894894,4.790148738182113e-05
8.011405905905905,6.470244434645335e-05,8.011405905905905,6.294517545604672e-05,8.011405905905905,4.74338062709879e-05
8.022416916916917,6.40815258881253e-05,8.022416916916917,6.234219728581658e-05,8.022416916916917,4.69707375289658e-05
8.033427927927928,6.34666268407256e-05,8.033427927927928,6.17450508706862e-05,8.033427927927928,4.651223505838715e-05
8.044438938938939,6.28576880580255e-05,8.044438938938939,6.115367908379892e-05,8.044438938938939,4.605825323075786e-05
8.05544994994995,6.225465098547435e-05,8.05544994994995,6.056802536752052e-05,8.05544994994995,4.560874688157781e-05
8.06646096096096,6.165745765418744e-05,8.06646096096096,5.998803372768514e-05,8.06646096096096,4.5163671305548904e-05
8.07747197197197,6.106605067489791e-05,8.07747197197197,5.941364872780449e-05,8.07747197197197,4.4722982251761254e-05
8.088482982982983,6.048037323207173e-05,8.088482982982983,5.8844815483434585e-05,8.088482982982983,4.4286635919004144e-05
8.099493993993994,5.990036907798587e-05,8.099493993993994,5.828147965650529e-05,8.099493993993994,4.385458895105433e-05
8.110505005005004,5.932598252691946e-05,8.110505005005004,5.7723587449758586e-05,8.110505005005004,4.342679843205197e-05
8.121516016016015,5.875715844945307e-05,8.121516016016015,5.717108560129058e-05,8.121516016016015,4.300322188196028e-05
8.132527027027027,5.819384226673283e-05,8.132527027027027,5.662392137905773e-05,8.132527027027027,4.25838172520039e-05
8.143538038038038,5.763597994488941e-05,8.143538038038038,5.6082042575533454e-05,8.143538038038038,4.216854292022542e-05
8.154549049049049,5.708351798942197e-05,8.154549049049049,5.554539750232797e-05,8.154549049049049,4.175735768702023e-05
8.16556006006006,5.653640343968902e-05,8.16556006006006,5.501393498491204e-05,8.16556006006006,4.1350220770754626e-05
8.17657107107107,5.5994583863502135e-05,8.17657107107107,5.448760435743951e-05,8.17657107107107,4.094709180346314e-05
8.18758208208208,5.5458007351685284e-05,8.18758208208208,5.3966355457534193e-05,8.18758208208208,4.054793082652514e-05
8.198593093093093,5.4926622512782474e-05,8.198593093093093,5.345013862122116e-05,8.198593093093093,4.0152698286454095e-05
8.209604104104104,5.440037846772986e-05,8.209604104104104,5.2938904677821616e-05,8.209604104104104,3.9761355030665336e-05
8.220615115115114,5.3879224844631226e-05,8.220615115115114,5.2432604944946745e-05,8.220615115115114,3.9373862303323225e-05
8.231626126126125,5.3363111773629696e-05,8.231626126126125,5.193119122358566e-05,8.231626126126125,3.899018174126322e-05
8.242637137137137,5.2851989881747235e-05,8.242637137137137,5.143461579315877e-05,8.242637137137137,3.8610275369894176e-05
8.253648148148148,5.2345810287864395e-05,8.253648148148148,5.0942831406708075e-05,8.253648148148148,3.823410559920704e-05
8.264659159159159,5.184452459766659e-05,8.264659159159159,5.045579128605345e-05,8.264659159159159,3.786163521976381e-05
8.27567017017017,5.134808489868778e-05,8.27567017017017,4.997344911704209e-05,8.27567017017017,3.7492827398760636e-05
8.28668118118118,5.0856443755446074e-05,8.28668118118118,4.9495759044887165e-05,8.28668118118118,3.7127645676163034e-05
8.29769219219219,5.036955420454797e-05,8.29769219219219,4.902267566947415e-05,8.29769219219219,3.6766053960821075e-05
8.308703203203203,4.988736974993425e-05,8.308703203203203,4.85541540408044e-05,8.308703203203203,3.6408016526692356e-05
8.319714214214214,4.9409844358045085e-05,8.319714214214214,4.809014965435928e-05,8.319714214214214,3.6053498009009975e-05
8.330725225225224,4.89369324531982e-05,8.330725225225224,4.763061844666992e-05,8.330725225225224,3.570246340060946e-05
8.341736236236235,4.8468588912894197e-05,8.341736236236235,4.717551679081608e-05,8.341736236236235,3.535487804820616e-05
8.352747247247247,4.800476906321147e-05,8.352747247247247,4.672480149201006e-05,8.352747247247247,3.501070764874192e-05
8.363758258258258,4.7545428674287615e-05,8.363758258258258,4.627842978326493e-05,8.363758258258258,3.466991824579855e-05
8.374769269269269,4.709052395573237e-05,8.374769269269269,4.5836359320994684e-05,8.374769269269269,3.433247622596467e-05
8.38578028028028,4.6640011552242426e-05,8.38578028028028,4.539854818080956e-05,8.38578028028028,3.3998348315353626e-05
8.39679129129129,4.619384853914693e-05,8.39679129129129,4.49649548532439e-05,8.39679129129129,3.366750157607412e-05
8.4078023023023,4.5751992418037915e-05,8.4078023023023,4.453553823956478e-05,8.4078023023023,3.33399034027665e-05
8.418813313313313,4.5314401112483215e-05,8.418813313313313,4.411025764766076e-05,8.418813313313313,3.3015521519202337e-05
8.429824324324324,4.488103296367329e-05,8.429824324324324,4.368907278786498e-05,8.429824324324324,3.269432397483959e-05
8.440835335335334,4.4451846726260556e-05,8.440835335335334,4.327194376896516e-05,8.440835335335334,3.237627914152121e-05
8.451846346346345,4.402680156413245e-05,8.451846346346345,4.28588310941475e-05,8.451846346346345,3.206135571012858e-05
8.462857357357358,4.3605857046264646e-05,8.462857357357358,4.244969565701878e-05,8.462857357357358,3.17495226872972e-05
8.473868368368368,4.318897314265318e-05,8.473868368368368,4.2044498737703716e-05,8.473868368368368,3.1440749392192666e-05
8.484879379379379,4.2776110220183226e-05,8.484879379379379,4.164320199887968e-05,8.484879379379379,3.113500545324374e-05
8.49589039039039,4.236722903868054e-05,8.49589039039039,4.124576748198931e-05,8.49589039039039,3.083226080501209e-05
8.5069014014014,4.196229074690022e-05,8.5069014014014,4.0852157603390294e-05,8.5069014014014,3.053248568501888e-05
8.51791241241241,4.156125687859128e-05,8.51791241241241,4.0462335150578724e-05,8.51791241241241,3.0235650630630106e-05
8.528923423423423,4.1164089348636035e-05,8.528923423423423,4.0076263278484355e-05,8.528923423423423,2.9941726475999512e-05
8.539934434434434,4.0770750449128855e-05,8.539934434434434,3.969390550570621e-05,8.539934434434434,2.9650684348970148e-05
8.550945445445445,4.0381202845629486e-05,8.550945445445445,3.9315225710916997e-05,8.550945445445445,2.936249566810613e-05
8.561956456456455,3.999540957335513e-05,8.561956456456455,3.89401881292076e-05,8.561956456456455,2.9077132139682957e-05
8.572967467467468,3.961333403344573e-05,8.572967467467468,3.856875734850171e-05,8.572967467467468,2.8794565754733693e-05
8.583978478478478,3.923493998929947e-05,8.583978478478478,3.820089830603853e-05,8.583978478478478,2.8514768786149614e-05
8.594989489489489,3.8860191562851035e-05,8.594989489489489,3.7836576284798414e-05,8.594989489489489,2.8237713785741553e-05
8.6060005005005,3.848905323101509e-05,8.6060005005005,3.7475756910089316e-05,8.6060005005005,2.7963373581424906e-05
8.61701151151151,3.8121489822072114e-05,8.61701151151151,3.711840614607589e-05,8.61701151151151,2.7691721274364907e-05
8.62802252252252,3.7757466512123065e-05,8.62802252252252,3.676449029237524e-05,8.62802252252252,2.7422730236175116e-05
8.639033533533533,3.739694882161126e-05,8.639033533533533,3.641397598071725e-05,8.639033533533533,2.7156374106167535e-05
8.650044544544544,3.703990261178903e-05,8.650044544544544,3.6066830171550545e-05,8.650044544544544,2.6892626788565087e-05
8.661055555555555,3.6686294081342036e-05,8.661055555555555,3.572302015080136e-05,8.661055555555555,2.6631462449831636e-05
8.672066566566567,3.633608976295812e-05,8.672066566566567,3.538251352657755e-05,8.672066566566567,2.6372855515964234e-05
8.683077577577578,3.5989256519961885e-05,8.683077577577578,3.504527822593613e-05,8.683077577577578,2.611678066983565e-05
8.694088588588588,3.564576154301275e-05,8.694088588588588,3.471128249171193e-05,8.694088588588588,2.586321284858599e-05
8.705099599599599,3.530557234675039e-05,8.705099599599599,3.438049487929449e-05,8.705099599599599,2.5612127240978375e-05
8.71611061061061,3.496865676659047e-05,8.71611061061061,3.405288425355035e-05,8.71611061061061,2.536349928486626e-05
8.72712162162162,3.463498295546671e-05,8.72712162162162,3.372841978569296e-05,8.72712162162162,2.511730466462479e-05
8.738132632632631,3.4304519380636076e-05,8.738132632632631,3.340707095021298e-05,8.738132632632631,2.4873519308629865e-05
8.749143643643643,3.397723482054371e-05,8.749143643643643,3.3088807521866526e-05,8.749143643643643,2.4632119386783527e-05
8.760154654654654,3.365309836163821e-05,8.760154654654654,3.277359957261417e-05,8.760154654654654,2.4393081308005503e-05
8.771165665665665,3.333207939532899e-05,8.771165665665665,3.246141746869813e-05,8.771165665665665,2.415638171783046e-05
8.782176676676677,3.3014147614893486e-05,8.782176676676677,3.2152231867669385e-05,8.782176676676677,2.392199749597101e-05
8.793187687687688,3.269927301244321e-05,8.793187687687688,3.184601371547242e-05,8.793187687687688,2.3689905753926132e-05
8.804198698698698,3.238742587594759e-05,8.804198698698698,3.154273424358482e-05,8.804198698698698,2.3460083832633464e-05
8.815209709709709,3.207857678620925e-05,8.815209709709709,3.1242364966109665e-05,8.815209709709709,2.323250930008912e-05
8.82622072072072,3.1772696613975895e-05,8.82622072072072,3.094487767699995e-05,8.82622072072072,2.3007159949068318e-05
8.83723173173173,3.146975651699759e-05,8.83723173173173,3.0650244447229785e-05,8.83723173173173,2.278401379480937e-05
8.848242742742743,3.1169727937171864e-05,8.848242742742743,3.035843762205001e-05,8.848242742742743,2.2563049072762913e-05
8.859253753753753,3.087258259766631e-05,8.859253753753753,3.006942981822197e-05,8.859253753753753,2.234424423632764e-05
8.870264764764764,3.057829250009755e-05,8.870264764764764,2.978319392130528e-05,8.870264764764764,2.212757795462852e-05
8.881275775775775,3.0286829921762804e-05,8.881275775775775,2.9499703082996327e-05,8.881275775775775,2.191302911033578e-05
8.892286786786787,2.9998167412850923e-05,8.892286786786787,2.9218930718446557e-05,8.892286786786787,2.170057679747089e-05
8.903297797797798,2.971227779373081e-05,8.903297797797798,2.8940850503655348e-05,8.903297797797798,2.1490200319270817e-05
8.914308808808808,2.9429134152219226e-05,8.914308808808808,2.8665436372842548e-05,8.914308808808808,2.1281879186039538e-05
8.92531981981982,2.914870984090145e-05,8.92531981981982,2.8392662515871606e-05,8.92531981981982,2.1075593113039592e-05
8.93633083083083,2.8870978474502146e-05,8.93633083083083,2.8122503375721808e-05,8.93633083083083,2.08713220184226e-05
8.94734184184184,2.8595913927236678e-05,8.94734184184184,2.7854933645940407e-05,8.94734184184184,2.0669046021147073e-05
8.958352852852853,2.8323490330236022e-05,8.958352852852853,2.7589928268166208e-05,8.958352852852853,2.0468745438951893e-05
8.969363863863864,2.8053682068951487e-05,8.969363863863864,2.7327462429633056e-05,8.969363863863864,2.0270400786317136e-05
8.980374874874874,2.7786463780610237e-05,8.980374874874874,2.706751156072218e-05,8.980374874874874,2.0073992772463344e-05
8.991385885885885,2.7521810351718273e-05,8.991385885885885,2.681005133256075e-05,8.991385885885885,1.9879502299387502e-05
9.002396896896897,2.725969691554441e-05,9.002396896896897,2.65550576546009e-05,9.002396896896897,1.9686910459886995e-05
9.013407907907908,2.700009884967481e-05,9.013407907907908,2.6302506672267578e-05,9.013407907907908,1.9496198535636327e-05
9.024418918918919,2.674299177354767e-05,9.024418918918919,2.6052374764586288e-05,9.024418918918919,1.9307347995251735e-05
9.03542992992993,2.6488351546036437e-05,9.03542992992993,2.5804638541857646e-05,9.03542992992993,1.9120340492392463e-05
9.04644094094094,2.6236154263077895e-05,9.04644094094094,2.5559274843375906e-05,9.04644094094094,1.893515786389667e-05
9.05745195195195,2.5986376255282632e-05,9.05745195195195,2.531626073512882e-05,9.05745195195195,1.8751782127905885e-05
9.068462962962963,2.5738994085611513e-05,9.068462962962963,2.507557350756247e-05,9.068462962962963,1.8570195482039664e-05
9.079473973973974,2.5493984547034565e-05,9.079473973973974,2.483719067332759e-05,9.079473973973974,1.8390380301558618e-05
9.090484984984984,2.5251324660234514e-05,9.090484984984984,2.4601089965069998e-05,9.090484984984984,1.821231913756216e-05
9.101495995995995,2.5010991671354333e-05,9.101495995995995,2.4367249333262633e-05,9.101495995995995,1.8035994715219203e-05
9.112507007007007,2.4772963049726628e-05,9.112507007007007,2.4135646944020163e-05,9.112507007007007,1.786138993198795e-05
9.123518018018018,2.4537216485666998e-05,9.123518018018018,2.3906261176975003e-05,9.123518018018018,1.7688487855883276e-05
9.134529029029029,2.430372988824949e-05,9.134529029029029,2.3679070623136064e-05,9.134529029029029,1.7517271723732966e-05
9.14554004004004,2.4072481383125347e-05,9.14554004004004,2.3454054082788692e-05,9.14554004004004,1.7347724939466958e-05
9.15655105105105,2.384344931038286e-05,9.15655105105105,2.323119056343513e-05,9.15655105105105,1.7179831072438026e-05
9.16756206206206,2.3616612222390546e-05,9.16756206206206,2.3010459277717404e-05,9.16756206206206,1.701357385573163e-05
9.178573073073073,2.3391948881700495e-05,9.178573073073073,2.2791839641399275e-05,9.178573073073073,1.684893718452141e-05
9.189584084084084,2.316943825893503e-05,9.189584084084084,2.2575311271331173e-05,9.189584084084084,1.6685905114413703e-05
9.200595095095094,2.2949059530714275e-05,9.200595095095094,2.2360853983454694e-05,9.200595095095094,1.65244618598236e-05
9.211606106106105,2.2730792077623042e-05,9.211606106106105,2.214844779084527e-05,9.211606106106105,1.636459179238063e-05
9.222617117117117,2.251461548216138e-05,9.222617117117117,2.1938072901738302e-05,9.222617117117117,1.620627943932441e-05
9.233628128128128,2.2300509526752753e-05,9.233628128128128,2.1729709717611355e-05,9.233628128128128,1.6049509481943242e-05
9.244639139139139,2.2088454191735887e-05,9.244639139139139,2.1523338831249947e-05,9.244639139139139,1.589426675400267e-05
9.25565015015015,2.1878429653395798e-05,9.25565015015015,2.131894102485136e-05,9.25565015015015,1.5740536240203485e-05
9.26666116116116,2.1670416282031985e-05,9.26666116116116,2.1116497268164084e-05,9.26666116116116,1.5588303074668376e-05
9.27767217217217,2.1464394640011055e-05,9.27767217217217,2.091598871661219e-05,9.27767217217217,1.543755253941851e-05
9.288683183183183,2.1260345479874163e-05,9.288683183183183,2.0717396709472413e-05,9.288683183183183,1.5288270062891307e-05
9.299694194194194,2.1058249742428886e-05,9.299694194194194,2.052070276803593e-05,9.299694194194194,1.5140441218448286e-05
9.310705205205204,2.0858088554878182e-05,9.310705205205204,2.032588859380602e-05,9.310705205205204,1.4994051722911143e-05
9.321716216216215,2.0659843228984853e-05,9.321716216216215,2.0132936066729923e-05,9.321716216216215,1.4849087435124773e-05
9.332727227227227,2.0463495259220947e-05,9.332727227227227,1.9941827243415863e-05,9.332727227227227,1.4705534354510939e-05
9.343738238238238,2.0269026320969477e-05,9.343738238238238,1.9752544355400637e-05,9.343738238238238,1.4563378619660864e-05
9.354749249249249,2.007641826871105e-05,9.354749249249249,1.9565069807402195e-05,9.354749249249249,1.4422606506918342e-05
9.36576026026026,1.988565313424593e-05,9.36576026026026,1.9379386175606662e-05,9.36576026026026,1.4283204428989841e-05
9.37677127127127,1.9696713124949618e-05,9.37677127127127,1.919547620598758e-05,9.37677127127127,1.4145158933580026e-05
9.38778228228228,1.9509580622014375e-05,9.38778228228228,1.9013322812611212e-05,9.38778228228228,1.40084567020183e-05
9.398793293293293,1.9324238178740213e-05,9.398793293293293,1.8832909075989764e-05,9.398793293293293,1.3873084547922507e-05
9.409804304304304,1.9140668518811424e-05,9.409804304304304,1.8654218241420386e-05,9.409804304304304,1.3739029415853483e-05
9.420815315315314,1.8958854534607074e-05,9.420815315315314,1.8477233717356794e-05,9.420815315315314,1.3606278379995076e-05
9.431826326326325,1.877877928554311e-05,9.431826326326325,1.8301939073811662e-05,9.431826326326325,1.3474818642858665e-05
9.442837337337338,1.8600425996401184e-05,9.442837337337338,1.812831804074563e-05,9.442837337337338,1.3344637533978742e-05
9.453848348348348,1.8423778055704327e-05,9.453848348348348,1.7956354506501796e-05,9.453848348348348,1.3215722508643991e-05
9.464859359359359,1.8248819014079035e-05,9.464859359359359,1.778603251622682e-05,9.464859359359359,1.308806114661958e-05
9.47587037037037,1.807553258264943e-05,9.47587037037037,1.7617336270322864e-05,9.47587037037037,1.2961641150893668e-05
9.48688138138138,1.7903902631461685e-05,9.48688138138138,1.7450250122928853e-05,9.48688138138138,1.2836450346447053e-05
9.49789239239239,1.7733913187895505e-05,9.49789239239239,1.7284758580388926e-05,9.49789239239239,1.2712476679014484e-05
9.508903403403403,1.7565548435120335e-05,9.508903403403403,1.7120846299764323e-05,9.508903403403403,1.258970821387955e-05
9.519914414414414,1.7398792710538634e-05,9.519914414414414,1.695849808733208e-05,9.519914414414414,1.2468133134661188e-05
9.530925425425425,1.723363050425935e-05,9.530925425425425,1.6797698897113457e-05,9.530925425425425,1.2347739742123247e-05
9.541936436436435,1.707004645760058e-05,9.541936436436435,1.663843382943014e-05,9.541936436436435,1.2228516453005984e-05
9.552947447447448,1.6908025361579435e-05,9.552947447447448,1.6480688129447902e-05,9.552947447447448,1.2110451798849652e-05
9.563958458458458,1.674755215544483e-05,9.563958458458458,1.6324447185762048e-05,9.563958458458458,1.1993534424849903e-05
9.574969469469469,1.6588611925197563e-05,9.574969469469469,1.6169696528969942e-05,9.574969469469469,1.1877753088705219e-05
9.58598048048048,1.6431189902139392e-05,9.58598048048048,1.6016421830271848e-05,9.58598048048048,1.1763096659486332e-05
9.59699149149149,1.6275271461449696e-05,9.59699149149149,1.5864608900098303e-05,9.59699149149149,1.1649554116526341e-05
9.6080025025025,1.6120842120749878e-05,9.6080025025025,1.571424368672547e-05,9.6080025025025,1.1537114548303297e-05
9.619013513513513,1.5967887538708853e-05,9.619013513513513,1.5565312274930043e-05,9.619013513513513,1.1425767151353164e-05
9.630024524524524,1.5816393513636037e-05,9.630024524524524,1.5417800884632133e-05,9.630024524524524,1.1315501229174982e-05
9.641035535535535,1.5666345982102094e-05,9.641035535535535,1.527169586956485e-05,9.641035535535535,1.1206306191156928e-05
9.652046546546545,1.5517731017586004e-05,9.652046546546545,1.5126983715969184e-05,9.652046546546545,1.1098171551522228e-05
9.663057557557558,1.5370534829110195e-05,9.663057557557558,1.4983651041277385e-05,9.663057557557558,1.0991086928267678e-05
9.674068568568568,1.5224743759914905e-05,9.674068568568568,1.4841684592834077e-05,9.674068568568568,1.088504204213107e-05
9.685079579579579,1.5080344286120515e-05,9.685079579579579,1.4701071246605658e-05,9.685079579579579,1.0780026715551231e-05
9.69609059059059,1.4937323015416447e-05,9.69609059059059,1.4561798005915385e-05,9.69609059059059,1.0676030871647899e-05
9.7071016016016,1.4795666685774759e-05,9.7071016016016,1.4423852000202252e-05,9.7071016016016,1.0573044533220385e-05
9.718112612612611,1.4655362164152774e-05,9.718112612612611,1.428722048376903e-05,9.718112612612611,1.0471057821739235e-05
9.729123623623623,1.4516396445232587e-05,9.729123623623623,1.4151890834566166e-05,9.729123623623623,1.0370060956365412e-05
9.740134634634634,1.4378756650149451e-05,9.740134634634634,1.4017850552964612e-05,9.740134634634634,1.0270044252962267e-05
9.751145645645645,1.4242430025245139e-05,9.751145645645645,1.3885087260552686e-05,9.751145645645645,1.0170998123126545e-05
9.762156656656655,1.4107403940844982e-05,9.762156656656655,1.375358869895619e-05,9.762156656656655,1.0072913073237076e-05
9.773167667667668,1.3973665890024327e-05,9.773167667667668,1.362334272864757e-05,9.773167667667668,9.975779703496905e-06
9.784178678678678,1.384120348741011e-05,9.784178678678678,1.3494337327789616e-05,9.784178678678678,9.879588707001437e-06
9.795189689689689,1.3710004467971829e-05,9.795189689689689,1.336656059106824e-05,9.795189689689689,9.784330868799923e-06
9.8062007007007,1.3580056685836135e-05,9.8062007007007,1.3240000728548514e-05,9.8062007007007,9.68999706497469e-06
9.81721171171171,1.3451348113124241e-05,9.81721171171171,1.311464606455246e-05,9.81721171171171,9.596578261737559e-06
9.828222722722721,1.3323866838778767e-05,9.828222722722721,1.2990485036526594e-05,9.828222722722721,9.504065514519681e-06
9.839233733733733,1.3197601067424527e-05,9.839233733733733,1.2867506193942205e-05,9.839233733733733,9.412449967086307e-06
9.850244744744744,1.3072539118218634e-05,9.850244744744744,1.2745698197185377e-05,9.850244744744744,9.321722850645022e-06
9.861255755755755,1.2948669423723599e-05,9.861255755755755,1.2625049816468864e-05,9.861255755755755,9.231875482971045e-06
9.872266766766765,1.282598052879957e-05,9.872266766766765,1.250554993076288e-05,9.872266766766765,9.142899267547163e-06
9.883277777777778,1.2704461089499392e-05,9.883277777777778,1.2387187526728197e-05,9.883277777777778,9.05478569270645e-06
9.894288788788788,1.258409987196433e-05,9.894288788788788,1.2269951697649938e-05,9.894288788788788,8.967526330776316e-06
9.9052997997998,1.2464885751351606e-05,9.9052997997998,1.2153831642402042e-05,9.9052997997998,8.881112837246081e-06
9.91631081081081,1.234680771075229e-05,9.91631081081081,1.2038816664402352e-05,9.91631081081081,8.795536949928413e-06
9.92732182182182,1.222985484014003e-05,9.92732182182182,1.192489617059766e-05,9.92732182182182,8.71079048814366e-06
9.938332832832833,1.211401633532035e-05,9.938332832832833,1.1812059670448861e-05,9.938332832832833,8.626865351905269e-06
9.949343843843844,1.1999281496880444e-05,9.949343843843844,1.1700296774916938e-05,9.949343843843844,8.543753521106505e-06
9.960354854854854,1.1885639729169438e-05,9.960354854854854,1.1589597195477972e-05,9.960354854854854,8.461447054729428e-06
9.971365865865865,1.1773080539269133e-05,9.971365865865865,1.1479950743129335e-05,9.971365865865865,8.379938090048147e-06
9.982376876876875,1.1661593535994491e-05,9.982376876876875,1.1371347327424095e-05,9.982376876876875,8.299218841853711e-06
9.993387887887888,1.155116842889423e-05,9.993387887887888,1.1263776955505992e-05,9.993387887887888,8.219281601680165e-06
10.004398898898899,1.1441795027252247e-05,10.004398898898899,1.1157229731144655e-05,10.004398898898899,8.140118737031587e-06
10.01540990990991,1.1333463239117609e-05,10.01540990990991,1.1051695853798922e-05,10.01540990990991,8.061722690630597e-06
10.02642092092092,1.122616307032593e-05,10.02642092092092,1.0947165617671231e-05,10.02642092092092,7.984085979661096e-06
10.03743193193193,1.1119884623548608e-05,10.03743193193193,1.0843629410789405e-05,10.03743193193193,7.907201195031813e-06
10.048442942942943,1.10146180973425e-05,10.048442942942943,1.0741077714088505e-05,10.048442942942943,7.831061000640743e-06
10.059453953953954,1.0910353785200028e-05,10.059453953953954,1.0639501100493203e-05,10.059453953953954,7.755658132640712e-06
10.070464964964964,1.0807082074626789e-05,10.070464964964964,1.0538890234026609e-05,10.070464964964964,7.680985398725141e-06
10.081475975975975,1.0704793446210743e-05,10.081475975975975,1.0439235868910916e-05,10.081475975975975,7.607035677408456e-06
10.092486986986986,1.0603478472717935e-05,10.092486986986986,1.0340528848693827e-05,10.092486986986986,7.533801917326231e-06
10.103497997997998,1.0503127818188614e-05,10.103497997997998,1.0242760105375164e-05,10.103497997997998,7.4612771365361355e-06
10.114509009009009,1.040373223703386e-05,10.114509009009009,1.0145920658533895e-05,10.114509009009009,7.3894544218199735e-06
10.12552002002002,1.0305282573158212e-05,10.12552002002002,1.0050001614480424e-05,10.12552002002002,7.318326928004899e-06
10.13653103103103,1.0207769759074284e-05,10.13653103103103,9.95499416540096e-06,10.13653103103103,7.247887877279555e-06
10.14754204204204,1.0111184815042768e-05,10.14754204204204,9.860889588526466e-06,10.14754204204204,7.178130558528933e-06
10.158553053053053,1.0015518848212683e-05,10.158553053053053,9.76767924530185e-06,10.158553053053053,7.1090483266700355e-06
10.169564064064064,9.920763051763593e-06,10.169564064064064,9.675354580556917e-06,10.169564064064064,7.040634601989614e-06
10.180575075075074,9.826908704063263e-06,10.180575075075074,9.58390712169219e-06,10.180575075075074,6.972882869493432e-06
10.191586086086085,9.733947167841317e-06,10.191586086086085,9.49332847788039e-06,10.191586086086085,6.905786678267605e-06
10.202597097097096,9.641869889355286e-06,10.202597097097096,9.403610339260294e-06,10.202597097097096,6.839339640835132e-06
10.213608108108108,9.550668397580825e-06,10.213608108108108,9.314744476154068e-06,10.213608108108108,6.77353543253012e-06
10.224619119119119,9.460334303394123e-06,10.224619119119119,9.226722738276945e-06,10.224619119119119,6.708367790867243e-06
10.23563013013013,9.370859298770667e-06,10.23563013013013,9.139537053962637e-06,10.23563013013013,6.643830514923181e-06
10.24664114114114,9.282235155999147e-06,10.24664114114114,9.05317942940359e-06,10.24664114114114,6.579917464729669e-06
10.25765215215215,9.194453726888221e-06,10.25765215215215,8.967641947884025e-06,10.25765215215215,6.516622560661815e-06
10.268663163163163,9.107506941996178e-06,10.268663163163163,8.882916769035253e-06,10.268663163163163,6.453939782843395e-06
10.279674174174174,9.021386809853178e-06,10.279674174174174,8.798996128083763e-06,10.279674174174174,6.391863170547425e-06
10.290685185185184,8.936085416199018e-06,10.290685185185184,8.715872335114199e-06,10.290685185185184,6.330386821608302e-06
10.301696196196195,8.851594923235369e-06,10.301696196196195,8.633537774346506e-06,10.301696196196195,6.2695048918448145e-06
10.312707207207206,8.767907568871202e-06,10.312707207207206,8.55198490340622e-06,10.312707207207206,6.209211594478783e-06
10.323718218218218,8.685015665989845e-06,10.323718218218218,8.471206252615868e-06,10.323718218218218,6.149501199569715e-06
10.334729229229229,8.602911601709207e-06,10.334729229229229,8.391194424279563e-06,10.334729229229229,6.090368033445045e-06
10.34574024024024,8.521587836656522e-06,10.34574024024024,8.311942091981675e-06,10.34574024024024,6.031806478141349e-06
10.35675125125125,8.44103690425715e-06,10.35675125125125,8.23344199989912e-06,10.35675125125125,5.973810970855841e-06
10.36776226226226,8.361251410016435e-06,10.36776226226226,8.155686962106936e-06,10.36776226226226,5.9163760033937815e-06
10.378773273273273,8.2822240308227e-06,10.378773273273273,8.0786698619041e-06,10.378773273273273,5.85949612163105e-06
10.389784284284284,8.203947514243253e-06,10.389784284284284,8.002383651132726e-06,10.389784284284284,5.803165924972535e-06
10.400795295295294,8.126414677834474e-06,10.400795295295294,7.926821349510777e-06,10.400795295295294,5.747380065820931e-06
10.411806306306305,8.049618408465121e-06,10.411806306306305,7.851976043977652e-06,10.411806306306305,5.692133249055361e-06
10.422817317317316,7.973551661633226e-06,10.422817317317316,7.777840888033346e-06,10.422817317317316,5.637420231506015e-06
10.433828328328328,7.898207460802787e-06,10.433828328328328,7.70440910109701e-06,10.433828328328328,5.583235821443294e-06
10.444839339339339,7.823578896734088e-06,10.444839339339339,7.631673967859046e-06,10.444839339339339,5.529574878062931e-06
10.45585035035035,7.749659126827264e-06,10.45585035035035,7.559628837646104e-06,10.45585035035035,5.476432310980947e-06
10.46686136136136,7.676441374478426e-06,10.46686136136136,7.488267123798411e-06,10.46686136136136,5.423803079738057e-06
10.47787237237237,7.603918928429821e-06,10.47787237237237,7.4175823030408505e-06,10.47787237237237,5.371682193300198e-06
10.488883383383383,7.532085142138635e-06,10.488883383383383,7.347567914872596e-06,10.488883383383383,5.320064709572856e-06
10.499894394394394,7.460933433139825e-06,10.499894394394394,7.278217560950487e-06,10.499894394394394,5.268945734911571e-06
10.510905405405405,7.390457282421578e-06,10.510905405405405,7.209524904484836e-06,10.510905405405405,5.21832042364183e-06
10.521916416416415,7.320650233812672e-06,10.521916416416415,7.141483669646738e-06,10.521916416416415,5.1681839775878406e-06
10.532927427427428,7.251505893364093e-06,10.532927427427428,7.074087640969679e-06,10.532927427427428,5.1185316455977085e-06
10.543938438438438,7.1830179287484945e-06,10.543938438438438,7.007330662768585e-06,10.543938438438438,5.069358723081712e-06
10.554949449449449,7.115180068653978e-06,10.554949449449449,6.941206638553059e-06,10.554949449449449,5.0206605515468764e-06
10.56596046046046,7.047986102189688e-06,10.56596046046046,6.875709530452317e-06,10.56596046046046,4.9724325181405e-06
10.57697147147147,6.98142987830301e-06,10.57697147147147,6.810833358651212e-06,10.57697147147147,4.924670055202206e-06
10.58798248248248,6.915505305191045e-06,10.58798248248248,6.746572200820677e-06,10.58798248248248,4.877368639812444e-06
10.598993493493493,6.850206349729281e-06,10.598993493493493,6.682920191564846e-06,10.598993493493493,4.830523793353472e-06
10.610004504504504,6.785527036894594e-06,10.610004504504504,6.61987152186266e-06,10.610004504504504,4.784131081066881e-06
10.621015515515515,6.721461449199771e-06,10.621015515515515,6.557420438520521e-06,10.621015515515515,4.73818611161958e-06
10.632026526526525,6.658003726138821e-06,10.632026526526525,6.4955612436355265e-06,10.632026526526525,4.692684536677853e-06
10.643037537537538,6.5951480636270264e-06,10.643037537537538,6.434288294053501e-06,10.643037537537538,4.6476220504780674e-06
10.654048548548548,6.532888713457214e-06,10.654048548548548,6.3735960008426455e-06,10.654048548548548,4.6029943894093055e-06
10.665059559559559,6.471219982750704e-06,10.665059559559559,6.313478828762199e-06,10.665059559559559,4.5587973315925834e-06
10.67607057057057,6.4101362334191766e-06,10.67607057057057,6.253931295741419e-06,10.67607057057057,4.515026696468188e-06
10.68708158158158,6.349631881636861e-06,10.68708158158158,6.194947972368784e-06,10.68708158158158,4.4716783443906746e-06
10.698092592592591,6.289701397307619e-06,10.698092592592591,6.136523481376026e-06,10.698092592592591,4.428748176220683e-06
10.709103603603603,6.230339303547547e-06,10.709103603603603,6.078652497137339e-06,10.709103603603603,4.386232132928064e-06
10.720114614614614,6.171540176162468e-06,10.720114614614614,6.021329745163453e-06,10.720114614614614,4.344126195191764e-06
10.731125625625625,6.113298643135782e-06,10.731125625625625,5.964550001605885e-06,10.731125625625625,4.302426383007431e-06
10.742136636636635,6.055609384126216e-06,10.742136636636635,5.9083080927706475e-06,10.742136636636635,4.261128755302332e-06
10.753147647647648,5.998467129960636e-06,10.753147647647648,5.8525988946272034e-06,10.753147647647648,4.220229409547165e-06
10.764158658658658,5.941866662141625e-06,10.764158658658658,5.797417332331765e-06,10.764158658658658,4.1797244813786925e-06
10.775169669669669,5.885802812350303e-06,10.775169669669669,5.742758379745757e-06,10.775169669669669,4.1396101442192745e-06
10.78618068068068,5.830270461958797e-06,10.78618068068068,5.688617058963888e-06,10.78618068068068,4.09988260890371e-06
10.79719169169169,5.775264541552323e-06,10.79719169169169,5.634988439851348e-06,10.79719169169169,4.06053812331306e-06
10.808202702702701,5.72078003044647e-06,10.808202702702701,5.581867639576326e-06,10.808202702702701,4.021572972005489e-06
10.819213713713713,5.666811956218574e-06,10.819213713713713,5.529249822156306e-06,10.819213713713713,3.9829834758574406e-06
10.830224724724724,5.613355394234458e-06,10.830224724724724,5.477130197999673e-06,10.830224724724724,3.944765991701802e-06
10.841235735735735,5.560405467184521e-06,10.841235735735735,5.425504023456501e-06,10.841235735735735,3.90691691197302e-06
10.852246746746745,5.507957344628852e-06,10.852246746746745,5.374366600378008e-06,10.852246746746745,3.869432664358929e-06
10.863257757757758,5.456006242537735e-06,10.863257757757758,5.323713275671557e-06,10.863257757757758,3.83230971144967e-06
10.874268768768768,5.404547422845753e-06,10.874268768768768,5.273539440868782e-06,10.874268768768768,3.795544550396415e-06
10.88527977977978,5.353576193001231e-06,10.88527977977978,5.2238405316892235e-06,10.88527977977978,3.7591337125673016e-06
10.89629079079079,5.303087905524763e-06,10.89629079079079,5.174612027612707e-06,10.89629079079079,3.723073763209924e-06
10.9073018018018,5.2530779575753845e-06,10.9073018018018,5.1258494514591436e-06,10.9073018018018,3.68736130111961e-06
10.918312812812813,5.203541790517485e-06,10.918312812812813,5.077548368969103e-06,10.918312812812813,3.651992958308519e-06
10.929323823823824,5.1544748894878785e-06,10.929323823823824,5.02970438838433e-06,10.929323823823824,3.61696539967513e-06
10.940334834834834,5.105872782975496e-06,10.940334834834834,4.982313160040687e-06,10.940334834834834,3.582275322682953e-06
10.951345845845845,5.057731042396898e-06,10.951345845845845,4.935370375956912e-06,10.951345845845845,3.5479194570365953e-06
10.962356856856855,5.01004528168418e-06,10.962356856856855,4.888871769435423e-06,10.962356856856855,3.5138945643668387e-06
10.973367867867868,4.9628111568728306e-06,10.973367867867868,4.842813114663051e-06,10.973367867867868,3.4801974379159535e-06
10.984378878878879,4.91602436568952e-06,10.984378878878879,4.797190226311674e-06,10.984378878878879,3.4468249022233385e-06
10.99538988988989,4.869680647152137e-06,10.99538988988989,4.751998959150718e-06,10.99538988988989,3.413773812819969e-06
11.0064009009009,4.823775781165661e-06,11.0064009009009,4.707235207655633e-06,11.0064009009009,3.381041055920279e-06
11.01741191191191,4.77830558812997e-06,11.01741191191191,4.662894905627877e-06,11.01741191191191,3.348623548122668e-06
11.028422922922923,4.73326592854747e-06,11.028422922922923,4.618974025814801e-06,11.028422922922923,3.316518236110188e-06
11.039433933933934,4.688652702630755e-06,11.039433933933934,4.57546857952943e-06,11.039433933933934,3.284722096351549e-06
11.050444944944944,4.644461849921861e-06,11.050444944944944,4.532374616281564e-06,11.050444944944944,3.2532321348105033e-06
11.061455955955955,4.600689348907596e-06,11.061455955955955,4.489688223405028e-06,11.061455955955955,3.222045386652792e-06
11.072466966966966,4.557331216646202e-06,11.072466966966966,4.447405525695885e-06,11.072466966966966,3.1911589159612746e-06
11.083477977977978,4.5143835083938324e-06,11.083477977977978,4.405522685050521e-06,11.083477977977978,3.160569815451262e-06
11.094488988988989,4.471842317231113e-06,11.094488988988989,4.3640359001036974e-06,11.094488988988989,3.1302752061860935e-06
11.1055,4.429703773700652e-06,11.1055,4.322941405877292e-06,11.1055,3.100272237300744e-06
